LocationID,LocationAbbr,Stratification1,Year,yhat,yhat_lower,yhat_upper
01001,AL,Ages 35-64 years,2030,161.0634324107515,154.30293283100536,167.63979608620443
01003,AL,Ages 35-64 years,2030,140.0844034862484,136.15858415990462,144.3129263080757
01005,AL,Ages 35-64 years,2030,400.212624294614,380.25289127038144,420.01286069249704
01007,AL,Ages 35-64 years,2030,319.9861087723227,311.1982260212536,328.4579825123261
01009,AL,Ages 35-64 years,2030,257.1834604869628,249.5142935806718,265.1639100638401
01011,AL,Ages 35-64 years,2030,336.7198957014434,329.27137331169166,345.342394812155
01013,AL,Ages 35-64 years,2030,340.29971335523385,331.7265948582134,349.89078303769713
01015,AL,Ages 35-64 years,2030,370.31438823095004,358.65090391269354,381.0592111028648
01017,AL,Ages 35-64 years,2030,187.97728301719567,174.77975313999252,201.32177560871486
01019,AL,Ages 35-64 years,2030,266.28613865247917,258.63035152906497,273.5143784372462
01021,AL,Ages 35-64 years,2030,223.99473262140899,216.98891670546416,231.40337767664894
01023,AL,Ages 35-64 years,2030,320.4883454685795,311.3967847618183,329.2471251202245
01025,AL,Ages 35-64 years,2030,297.1918392450138,288.82230155670163,306.1614795483679
01027,AL,Ages 35-64 years,2030,262.1684717492097,253.31700278168088,271.0589487292724
01029,AL,Ages 35-64 years,2030,317.4898958502495,306.0719636839443,329.45391050022715
01031,AL,Ages 35-64 years,2030,316.21293839001333,306.53566319878917,325.4402806119922
01033,AL,Ages 35-64 years,2030,232.20944608667813,219.17518567398895,243.1753233344858
01035,AL,Ages 35-64 years,2030,390.36763926772005,379.08548429590695,401.69225376313506
01037,AL,Ages 35-64 years,2030,231.43652468336077,218.62585436173546,246.02905730452576
01039,AL,Ages 35-64 years,2030,358.19388137262615,342.8253824600618,374.74739078649264
01041,AL,Ages 35-64 years,2030,329.0435098510038,316.3499410359683,344.4267912715079
01043,AL,Ages 35-64 years,2030,254.98366106327472,246.2762655356437,264.56013166962555
01045,AL,Ages 35-64 years,2030,360.3080144048466,342.7936442384669,378.2041601431702
01047,AL,Ages 35-64 years,2030,384.1433920784622,370.4560717312595,396.32600183620593
01049,AL,Ages 35-64 years,2030,232.58305927507257,225.0000887817854,240.26827202592136
01051,AL,Ages 35-64 years,2030,194.42294669154396,187.10435352923642,201.7238261390831
01053,AL,Ages 35-64 years,2030,268.682798028701,257.82931949530376,278.94175947516396
01055,AL,Ages 35-64 years,2030,259.5879085293684,249.7789158829129,270.3040350725637
01057,AL,Ages 35-64 years,2030,260.5653458890314,252.712329155973,267.9518232421617
01059,AL,Ages 35-64 years,2030,276.8297554614914,261.71896231517985,291.5682356460895
01061,AL,Ages 35-64 years,2030,316.33556660166886,301.9339405713538,329.4391698793918
01063,AL,Ages 35-64 years,2030,399.7935555310077,386.9071250060405,412.10362390176925
01065,AL,Ages 35-64 years,2030,388.7695801210573,372.84484106127945,403.21036097504424
01067,AL,Ages 35-64 years,2030,276.2678873548738,264.309630662697,288.2739659837766
01069,AL,Ages 35-64 years,2030,294.8865308612842,280.5230927611918,308.8117941431814
01071,AL,Ages 35-64 years,2030,360.63235625445253,343.4783788447646,377.9961119467451
01073,AL,Ages 35-64 years,2030,193.77216723583123,188.47900663360397,198.79317247325721
01075,AL,Ages 35-64 years,2030,273.4798736888952,265.59255122551025,281.18466400082656
01077,AL,Ages 35-64 years,2030,215.658058900214,210.26797736992324,220.8466701759723
01079,AL,Ages 35-64 years,2030,261.01218622495685,252.52574535094703,269.25845973682067
01081,AL,Ages 35-64 years,2030,141.82586985481672,135.40617966178988,147.78518196390553
01083,AL,Ages 35-64 years,2030,221.42643006195212,214.4941781063822,228.600867867889
01085,AL,Ages 35-64 years,2030,383.6526473250031,364.2996332372446,402.1248652989111
01087,AL,Ages 35-64 years,2030,427.237167920343,415.9531777556751,439.318679296544
01089,AL,Ages 35-64 years,2030,205.35207006072366,195.20204200462635,214.68157842085287
01091,AL,Ages 35-64 years,2030,334.53907155538457,324.6962999096956,344.5207051958868
01093,AL,Ages 35-64 years,2030,351.5614057860169,342.8094492091272,360.5588071215221
01095,AL,Ages 35-64 years,2030,228.7494789303051,221.53845474873916,236.07054742411634
01097,AL,Ages 35-64 years,2030,307.132672436588,297.5177587036449,316.7041485423332
01099,AL,Ages 35-64 years,2030,292.9408003198779,285.74083783549173,300.4768445297058
01101,AL,Ages 35-64 years,2030,216.92380734169274,210.4147372683057,223.22817567227324
01103,AL,Ages 35-64 years,2030,257.3459461589161,249.41121400132545,265.0603548022344
01105,AL,Ages 35-64 years,2030,364.41912449590734,352.1085394107441,377.2890028760775
01107,AL,Ages 35-64 years,2030,298.32128224241853,287.8893595405898,307.75695313299593
01109,AL,Ages 35-64 years,2030,331.350846257056,321.63528377640426,340.2147232217932
01111,AL,Ages 35-64 years,2030,356.54983512279165,343.1119506797739,367.83923274215397
01113,AL,Ages 35-64 years,2030,237.44166154704774,227.78454733347462,247.50510096611671
01115,AL,Ages 35-64 years,2030,196.30709885143406,190.2331639362356,202.5657395100389
01117,AL,Ages 35-64 years,2030,102.05719551702722,98.43305625534944,105.92152798373333
01119,AL,Ages 35-64 years,2030,286.5987231118015,276.040271336333,297.0061137782991
01121,AL,Ages 35-64 years,2030,267.6534962523134,259.3114884574561,276.11132875344305
01123,AL,Ages 35-64 years,2030,270.8751014475649,257.6977790709485,286.71867172213376
01125,AL,Ages 35-64 years,2030,229.6470841196015,222.06484662269517,236.41994125938535
01127,AL,Ages 35-64 years,2030,636.5259557142628,616.7542388913745,657.3560557615255
01129,AL,Ages 35-64 years,2030,237.87969441253495,227.43186792687194,247.72485466299204
01131,AL,Ages 35-64 years,2030,504.6630707705619,480.63930643636854,528.7579155055887
01133,AL,Ages 35-64 years,2030,296.7706236429447,287.6328747485175,306.0561043032627
02013,AK,Ages 35-64 years,2030,117.647719025116,113.19439704721864,122.30818530260629
02016,AK,Ages 35-64 years,2030,20.730883458919962,17.267881011509804,23.852735978199114
02020,AK,Ages 35-64 years,2030,147.01488526653839,141.50177299748256,152.53309858043633
02050,AK,Ages 35-64 years,2030,131.2911036672106,126.43136704064084,136.46926775603558
02060,AK,Ages 35-64 years,2030,117.647719025116,113.07707031018492,122.17644181935405
02068,AK,Ages 35-64 years,2030,117.647719025116,112.79549655678574,122.02527354420786
02070,AK,Ages 35-64 years,2030,170.98949737859226,164.27728875350206,178.0102161061438
02090,AK,Ages 35-64 years,2030,110.45593289785687,105.58199091654737,115.75059455266867
02100,AK,Ages 35-64 years,2030,117.647719025116,113.17224151282886,122.31790484048022
02105,AK,Ages 35-64 years,2030,117.647719025116,113.13933956428816,122.210636307289
02110,AK,Ages 35-64 years,2030,101.6257698442997,97.85918560027683,105.45563126498371
02122,AK,Ages 35-64 years,2030,106.18745118621625,101.6201806852307,110.35902734515845
02130,AK,Ages 35-64 years,2030,104.62975564193088,95.79436596339981,114.37025099320515
02150,AK,Ages 35-64 years,2030,104.01561077383124,98.70044404132638,109.71381437943414
02158,AK,Ages 35-64 years,2030,175.57105542548788,169.0426090473858,182.41965603098168
02164,AK,Ages 35-64 years,2030,117.647719025116,113.04169854291135,122.05565873753731
02170,AK,Ages 35-64 years,2030,92.31152032919495,88.71027704503751,96.00185247284402
02180,AK,Ages 35-64 years,2030,175.2613182357638,166.83542821405814,182.77524997463868
02185,AK,Ages 35-64 years,2030,135.59051069252277,132.12739137270677,139.62688423629135
02188,AK,Ages 35-64 years,2030,149.3332383539318,145.16604354461577,153.30563261507424
02195,AK,Ages 35-64 years,2030,134.77780819261548,122.34440262767237,148.76867717583076
02198,AK,Ages 35-64 years,2030,108.84771512973744,104.07917743368797,113.75091367587252
02220,AK,Ages 35-64 years,2030,87.24786920354167,84.27686111628962,90.20192349253446
02230,AK,Ages 35-64 years,2030,117.647719025116,113.19862667226757,122.48014201506007
02240,AK,Ages 35-64 years,2030,145.0135957571301,139.20665635394388,150.83241543027398
02261,AK,Ages 35-64 years,2030,87.63013864655225,83.65266168679922,92.00328701593867
02275,AK,Ages 35-64 years,2030,117.647719025116,113.19362350262507,122.10652303730004
02282,AK,Ages 35-64 years,2030,117.647719025116,112.91510657026589,122.38172498122997
02290,AK,Ages 35-64 years,2030,127.3151539800799,122.6264689307358,132.38409947333872
04001,AZ,Ages 35-64 years,2030,142.4632647984319,138.86344120008826,146.33957053145087
04003,AZ,Ages 35-64 years,2030,115.34209197181693,110.59518444646164,119.82423951107577
04005,AZ,Ages 35-64 years,2030,92.33755015341234,89.4725678170385,95.35232554862219
04007,AZ,Ages 35-64 years,2030,255.26505304966747,248.43775395335624,262.6441684276711
04009,AZ,Ages 35-64 years,2030,139.5346947073272,135.1115364917151,143.7929326667904
04011,AZ,Ages 35-64 years,2030,150.9618368921586,146.87198575864767,154.90123062813277
04012,AZ,Ages 35-64 years,2030,320.92587752994854,310.12122025766007,333.50933461442634
04013,AZ,Ages 35-64 years,2030,102.23699719863811,98.72123627664767,105.73049912032825
04015,AZ,Ages 35-64 years,2030,209.94114457211833,204.52866658160966,216.16673646095896
04017,AZ,Ages 35-64 years,2030,145.21882652584193,140.35910624772723,150.6453253475136
04019,AZ,Ages 35-64 years,2030,115.03251682098245,110.71778582836323,119.35995618416655
04021,AZ,Ages 35-64 years,2030,136.84474633608235,132.3149438278898,141.14636633493956
04023,AZ,Ages 35-64 years,2030,58.56131692408666,56.128254920237644,61.07908444411993
04025,AZ,Ages 35-64 years,2030,118.899951268181,115.38240137670739,122.56903693234031
04027,AZ,Ages 35-64 years,2030,144.0134387890568,137.52384925533426,149.91877564932807
05001,AR,Ages 35-64 years,2030,317.0604072137999,304.0585217297787,330.3257918117415
05003,AR,Ages 35-64 years,2030,322.5248694962956,313.6396103165617,332.0996238414472
05005,AR,Ages 35-64 years,2030,240.92699557100576,226.96997002577157,253.30005787019942
05007,AR,Ages 35-64 years,2030,104.12286237507325,85.11522699093769,124.50263298098827
05009,AR,Ages 35-64 years,2030,298.66752221703047,287.21314635039727,310.1039434149445
05011,AR,Ages 35-64 years,2030,469.75404862956174,445.61859186055216,496.4258651005321
05013,AR,Ages 35-64 years,2030,340.74237967326906,327.8963747308676,354.6108408318718
05015,AR,Ages 35-64 years,2030,278.47889367727424,268.81255227702104,288.0777306178383
05017,AR,Ages 35-64 years,2030,324.1510975787947,315.12364637829427,333.1241207555328
05019,AR,Ages 35-64 years,2030,232.73396838362592,222.1818209539751,242.87095248214936
05021,AR,Ages 35-64 years,2030,274.6592406104949,258.0884310944069,292.7601091403095
05023,AR,Ages 35-64 years,2030,184.249527698691,177.4890778237626,190.77801681473954
05025,AR,Ages 35-64 years,2030,295.54287804325395,284.37179753897743,308.03342476790914
05027,AR,Ages 35-64 years,2030,294.6201691046705,280.32960613038625,310.0072942001202
05029,AR,Ages 35-64 years,2030,279.07182719811084,270.32072460620316,287.9506759721472
05031,AR,Ages 35-64 years,2030,267.751291704964,254.78785018310967,281.46305446122227
05033,AR,Ages 35-64 years,2030,227.12861555893735,220.04280412814072,234.33654313567337
05035,AR,Ages 35-64 years,2030,307.1074577887502,299.5959951995139,314.89515723876815
05037,AR,Ages 35-64 years,2030,294.6210791801144,277.8592798468258,309.7847381220528
05039,AR,Ages 35-64 years,2030,383.04828212542554,363.8796386647045,400.58624061734446
05041,AR,Ages 35-64 years,2030,565.0576879257964,542.3279084544495,587.7446400667769
05043,AR,Ages 35-64 years,2030,281.9226698540384,270.777663884133,293.7537226571744
05045,AR,Ages 35-64 years,2030,203.05625596578759,195.03313925240266,210.5233341766519
05047,AR,Ages 35-64 years,2030,307.8241510938414,298.2819037743838,316.61410376218043
05049,AR,Ages 35-64 years,2030,240.87258795478812,235.20125179161946,246.72619439416934
05051,AR,Ages 35-64 years,2030,276.2181080822531,267.47162641628137,284.23638306474953
05053,AR,Ages 35-64 years,2030,223.7569080106538,214.27222157698205,233.6202222830635
05055,AR,Ages 35-64 years,2030,211.94276949678022,202.51940133579106,220.75852579335142
05057,AR,Ages 35-64 years,2030,291.6799488065302,278.38103457687123,303.2706357868731
05059,AR,Ages 35-64 years,2030,271.9307925833647,260.7915516703924,284.19027764623803
05061,AR,Ages 35-64 years,2030,331.2063824585716,320.3497854313787,341.82773995933303
05063,AR,Ages 35-64 years,2030,294.47818760871235,279.8220907040938,309.5507729524825
05065,AR,Ages 35-64 years,2030,254.69322500580154,241.1189032134594,268.16062906491663
05067,AR,Ages 35-64 years,2030,304.4688848820668,291.40852313398966,318.3458078850938
05069,AR,Ages 35-64 years,2030,405.85502371511626,392.37034705732424,418.52904806244095
05071,AR,Ages 35-64 years,2030,279.1091145139763,268.54423794964265,289.0569927566569
05073,AR,Ages 35-64 years,2030,410.7018737597305,394.5303119402152,427.1421255327744
05075,AR,Ages 35-64 years,2030,268.441410443809,260.47052659578725,276.51398123160334
05077,AR,Ages 35-64 years,2030,441.8794009852119,421.9124336170797,466.36329381407717
05079,AR,Ages 35-64 years,2030,353.0329414332116,335.51406865905676,370.6851159047278
05081,AR,Ages 35-64 years,2030,300.4394628691206,287.3246294402842,312.95288776777386
05083,AR,Ages 35-64 years,2030,275.0772253146196,265.7977167236425,284.24909615065764
05085,AR,Ages 35-64 years,2030,203.87741420521047,194.86502017183653,212.93726470721955
05087,AR,Ages 35-64 years,2030,288.6362066678214,280.9240514175737,295.67940488489546
05089,AR,Ages 35-64 years,2030,292.6870083304744,282.0254052808778,303.16118078262474
05091,AR,Ages 35-64 years,2030,353.5073930035737,333.46636910429584,373.3414313805226
05093,AR,Ages 35-64 years,2030,434.021381034889,409.093358270326,458.730446117582
05095,AR,Ages 35-64 years,2030,436.4993141012542,416.50841513033566,455.01900948750574
05097,AR,Ages 35-64 years,2030,201.82224134051287,194.6287579479559,209.50719115577348
05099,AR,Ages 35-64 years,2030,328.13751296354104,314.8613755561909,341.25698366611954
05101,AR,Ages 35-64 years,2030,261.5294521163604,250.81794704465608,272.37530908878284
05103,AR,Ages 35-64 years,2030,426.0010360890705,405.8477216869751,445.5974487523908
05105,AR,Ages 35-64 years,2030,237.97390233552963,226.50677611565072,247.8247040989013
05107,AR,Ages 35-64 years,2030,297.975059834978,283.6383989962958,312.264223994518
05109,AR,Ages 35-64 years,2030,250.85357620821222,242.75396867895122,259.4076966922519
05111,AR,Ages 35-64 years,2030,467.54957396371327,452.5767495859406,482.52703099712716
05113,AR,Ages 35-64 years,2030,247.4029720449237,239.07416699905593,255.3492574350222
05115,AR,Ages 35-64 years,2030,227.378704570604,216.47559139676426,237.7958607243866
05117,AR,Ages 35-64 years,2030,250.24571446888098,239.71931572650567,261.1770598552841
05119,AR,Ages 35-64 years,2030,218.82966473494625,213.46281733979058,224.15801507919858
05121,AR,Ages 35-64 years,2030,244.13081964869338,235.58046726837776,253.4004688500075
05123,AR,Ages 35-64 years,2030,370.1618726602494,353.7641203452608,386.7424478203178
05125,AR,Ages 35-64 years,2030,167.00437568354081,162.61486484193648,171.610492870911
05127,AR,Ages 35-64 years,2030,254.11458308302673,245.16270297887831,263.18390049754305
05129,AR,Ages 35-64 years,2030,217.33265621502818,209.12394673715764,225.25026882355846
05131,AR,Ages 35-64 years,2030,321.10219979278025,306.5418656710505,335.66027716411014
05133,AR,Ages 35-64 years,2030,229.33945022910842,219.4798961799483,239.3212646276441
05135,AR,Ages 35-64 years,2030,238.56226000797514,232.79558984801662,244.54927796036165
05137,AR,Ages 35-64 years,2030,180.02885157167222,173.38774745796468,186.07978270700866
05139,AR,Ages 35-64 years,2030,278.92419795781007,266.23094823073137,290.8041715802358
05141,AR,Ages 35-64 years,2030,214.85779853303293,206.1372826906857,223.95096511556935
05143,AR,Ages 35-64 years,2030,320.5398436763109,308.9460881406873,333.04931781390997
05145,AR,Ages 35-64 years,2030,277.3603164302957,270.05813310143526,283.96933532161046
05147,AR,Ages 35-64 years,2030,456.2248669652166,437.90048721997454,474.8078289411119
05149,AR,Ages 35-64 years,2030,323.4482353226295,311.42221688527803,336.05183536992814
06001,CA,Ages 35-64 years,2030,73.94656756575077,69.46674288573598,78.08987127862365
06003,CA,Ages 35-64 years,2030,135.74676458456096,129.70390998942875,142.09400950462236
06005,CA,Ages 35-64 years,2030,157.43864265107663,152.7635433490171,162.02155739283583
06007,CA,Ages 35-64 years,2030,231.7610355022571,220.9071359656164,241.42623617820388
06009,CA,Ages 35-64 years,2030,141.89962989262563,137.8752988313925,145.80651309933504
06011,CA,Ages 35-64 years,2030,167.0390661659044,159.54077550170902,173.83488370843511
06013,CA,Ages 35-64 years,2030,71.01939712488574,67.81068535662165,73.9122571516837
06015,CA,Ages 35-64 years,2030,207.78996810496307,198.621154753202,216.01700325371772
06017,CA,Ages 35-64 years,2030,91.41473039718747,87.36459998077086,95.99962404637623
06019,CA,Ages 35-64 years,2030,159.96501467061594,152.7947879564128,167.08240886823788
06021,CA,Ages 35-64 years,2030,207.8656005758928,199.9546323601743,216.10193071614103
06023,CA,Ages 35-64 years,2030,249.36078292759012,236.38401700894792,262.8781183495337
06025,CA,Ages 35-64 years,2030,121.70584782695818,115.62725213745807,127.7638554643649
06027,CA,Ages 35-64 years,2030,115.73864461889059,111.98997212107635,119.2810254935374
06029,CA,Ages 35-64 years,2030,165.7977031287573,160.41164599592452,170.7830469828716
06031,CA,Ages 35-64 years,2030,155.5028232196118,150.2641406741982,161.2348826842809
06033,CA,Ages 35-64 years,2030,231.96409938521515,221.67856084100407,242.1866495164776
06035,CA,Ages 35-64 years,2030,162.97576180771244,156.53050014492493,169.32063758839908
06037,CA,Ages 35-64 years,2030,111.03099304361142,105.44178254041601,116.20001987099072
06039,CA,Ages 35-64 years,2030,128.08846029551808,119.39895540575192,137.14473447810212
06041,CA,Ages 35-64 years,2030,31.89206445160522,29.957060795358885,33.80678654659259
06043,CA,Ages 35-64 years,2030,172.9460616248294,168.210501215506,178.2152036807425
06045,CA,Ages 35-64 years,2030,124.91351991458669,121.8505356312473,128.17101793007456
06047,CA,Ages 35-64 years,2030,143.39030236484382,137.94549206153403,148.7214172668148
06049,CA,Ages 35-64 years,2030,172.93292002559983,165.5487930918972,181.12572017742826
06051,CA,Ages 35-64 years,2030,62.289607126000455,60.53613239357303,63.96053527747967
06053,CA,Ages 35-64 years,2030,74.15592668672343,71.45204475519616,76.79404156896435
06055,CA,Ages 35-64 years,2030,78.59825793806445,74.88948670720538,82.1336316151694
06057,CA,Ages 35-64 years,2030,81.15728225994421,76.87876417866734,85.90592729495933
06059,CA,Ages 35-64 years,2030,73.71462767712794,70.98498854035786,76.16977562727125
06061,CA,Ages 35-64 years,2030,65.59287153185988,61.99603132622934,69.4968482166974
06063,CA,Ages 35-64 years,2030,144.01319834568352,137.45057468770335,150.81903565456687
06065,CA,Ages 35-64 years,2030,114.71253034873237,107.78664875571542,120.8948949673566
06067,CA,Ages 35-64 years,2030,119.74330883181534,117.12417958907668,122.55287303145185
06069,CA,Ages 35-64 years,2030,72.63252594460431,70.46204235784863,75.04783893545317
06071,CA,Ages 35-64 years,2030,125.89788682778368,119.37014884811582,133.3628866723186
06073,CA,Ages 35-64 years,2030,81.61955076510489,77.71426794892129,85.12182901231505
06075,CA,Ages 35-64 years,2030,76.04143231878815,73.53995662343607,78.38905724892304
06077,CA,Ages 35-64 years,2030,146.16459922515907,141.26558112891252,150.85903003708475
06079,CA,Ages 35-64 years,2030,71.1321366592934,68.90647573885569,73.54907364256007
06081,CA,Ages 35-64 years,2030,53.32646567981616,49.12012170243372,57.69821897032842
06083,CA,Ages 35-64 years,2030,86.94612744968681,81.19838337894849,92.65750298829626
06085,CA,Ages 35-64 years,2030,59.96979413279895,57.51774956559446,62.48252796766173
06087,CA,Ages 35-64 years,2030,52.778594519729694,49.61240597451219,55.786494174272086
06089,CA,Ages 35-64 years,2030,173.39956401103058,167.82028332512604,178.2729649039419
06091,CA,Ages 35-64 years,2030,128.02324595506306,124.1498564890102,131.9005427131416
06093,CA,Ages 35-64 years,2030,188.52771045400516,180.99731319655862,195.91146411263406
06095,CA,Ages 35-64 years,2030,115.44991783640666,108.71171815292541,121.98135435240059
06097,CA,Ages 35-64 years,2030,74.81140524567104,70.53155653868993,78.72478920659073
06099,CA,Ages 35-64 years,2030,173.92987718450752,168.63922208674308,178.38792478990675
06101,CA,Ages 35-64 years,2030,155.84305198477475,149.9641584205234,162.24717313233867
06103,CA,Ages 35-64 years,2030,235.2267461128465,225.30551329375092,244.9812359713375
06105,CA,Ages 35-64 years,2030,214.0604695433839,205.66464815682235,222.16470574982827
06107,CA,Ages 35-64 years,2030,151.15607405170292,145.30745372381386,156.64737373517417
06109,CA,Ages 35-64 years,2030,164.11868020166725,159.54008208413433,168.66639931732914
06111,CA,Ages 35-64 years,2030,56.85936204631426,53.84032540185789,59.91225852626677
06113,CA,Ages 35-64 years,2030,104.1802515547951,99.20819954184118,110.0880963892227
06115,CA,Ages 35-64 years,2030,220.8786086333245,211.74215516771736,231.5697450440284
08001,CO,Ages 35-64 years,2030,95.40097603669606,91.42843450315675,99.59717497839074
08003,CO,Ages 35-64 years,2030,132.21360205060404,129.1291489787848,135.65279465010812
08005,CO,Ages 35-64 years,2030,72.2569634909427,69.3855461004927,75.09005085481058
08007,CO,Ages 35-64 years,2030,75.84770824452087,73.73934460810072,77.89905857473711
08009,CO,Ages 35-64 years,2030,178.05993519410086,171.794329381768,185.0539198394593
08011,CO,Ages 35-64 years,2030,192.1700300878183,181.4012032356192,202.96157433231588
08013,CO,Ages 35-64 years,2030,66.51602425858177,63.56780355393892,69.37986138163647
08014,CO,Ages 35-64 years,2030,39.99652868337986,37.46122284734949,42.567014151550985
08015,CO,Ages 35-64 years,2030,81.95457258653336,78.701761917986,85.21616886325775
08017,CO,Ages 35-64 years,2030,106.65268775940004,101.58585614000746,111.60843485164177
08019,CO,Ages 35-64 years,2030,94.77292601184725,91.25642813525718,98.19879415879423
08021,CO,Ages 35-64 years,2030,137.65539870568895,134.5452356060529,141.02386326862757
08023,CO,Ages 35-64 years,2030,120.95410980205396,115.44738665667572,126.8885262602434
08025,CO,Ages 35-64 years,2030,162.15006246053414,154.8680249004509,169.66654891294542
08027,CO,Ages 35-64 years,2030,103.73857429978415,97.72913331444603,109.36331954492144
08029,CO,Ages 35-64 years,2030,135.11968077916194,129.92628729185574,139.75758721799215
08031,CO,Ages 35-64 years,2030,80.7877458029779,77.12359208502134,84.3030242218945
08033,CO,Ages 35-64 years,2030,106.65268775940004,101.83650975939285,111.70507700407919
08035,CO,Ages 35-64 years,2030,41.268146780979066,39.51522842389021,42.99787821326988
08037,CO,Ages 35-64 years,2030,35.049625249483874,33.00851873995578,37.428834016829356
08039,CO,Ages 35-64 years,2030,74.59518171407124,72.15492545700934,77.23609682540103
08041,CO,Ages 35-64 years,2030,137.08017326026086,132.91924285544613,141.13485122768893
08043,CO,Ages 35-64 years,2030,167.924954559517,159.96646343154939,175.78555619615773
08045,CO,Ages 35-64 years,2030,72.91038114727235,69.39184325420511,75.92329071573765
08047,CO,Ages 35-64 years,2030,98.19900983724776,94.70558620530932,101.94319905010326
08049,CO,Ages 35-64 years,2030,57.175857541254,55.498272133310564,58.80983125304777
08051,CO,Ages 35-64 years,2030,58.68590765053168,55.309552297134466,61.894168295836266
08053,CO,Ages 35-64 years,2030,106.65268775940004,101.8374803334475,111.60661225102953
08055,CO,Ages 35-64 years,2030,134.82548813394726,130.84844026929198,138.4004221768143
08057,CO,Ages 35-64 years,2030,106.65268775940004,101.59681925529969,112.16785844693041
08059,CO,Ages 35-64 years,2030,85.8077234194682,83.16366344686449,88.19886290240619
08061,CO,Ages 35-64 years,2030,106.65268775940004,101.71077574873556,111.32729342520558
08063,CO,Ages 35-64 years,2030,108.18699501382171,104.09424940689355,112.33764696257161
08065,CO,Ages 35-64 years,2030,89.22285666317451,83.62123554401643,94.86075275792622
08067,CO,Ages 35-64 years,2030,72.29155295169656,68.89730060210229,75.36778694274606
08069,CO,Ages 35-64 years,2030,80.05783236617144,76.10743098412834,83.91058311063317
08071,CO,Ages 35-64 years,2030,142.54679668877733,138.98604172404097,146.141615946697
08073,CO,Ages 35-64 years,2030,133.98584487258734,129.89968358731235,138.028111177082
08075,CO,Ages 35-64 years,2030,139.70566553573923,134.52344218940812,144.80099292415616
08077,CO,Ages 35-64 years,2030,140.9932092714496,134.56429352368298,146.74107352308184
08079,CO,Ages 35-64 years,2030,106.65268775940004,101.77041969211888,111.81923627017586
08081,CO,Ages 35-64 years,2030,129.04741237358934,124.86826822937127,133.24019205621937
08083,CO,Ages 35-64 years,2030,107.37552670520662,102.91121273901683,111.71041793857113
08085,CO,Ages 35-64 years,2030,88.47408340048852,85.86980209200594,90.77948943655032
08087,CO,Ages 35-64 years,2030,128.95244858449672,123.054391951613,134.61052431073622
08089,CO,Ages 35-64 years,2030,279.28157248839165,266.21397096576493,292.4548422913025
08091,CO,Ages 35-64 years,2030,40.052268086145986,37.36568245249877,42.943456946793994
08093,CO,Ages 35-64 years,2030,72.55855326763236,70.29455378112681,74.5844778317831
08095,CO,Ages 35-64 years,2030,103.59849677921531,100.96880006747031,106.34187657764056
08097,CO,Ages 35-64 years,2030,28.965002219433675,27.54040553270199,30.46421457561302
08099,CO,Ages 35-64 years,2030,146.55329284656344,140.19656466427304,153.51751609947166
08101,CO,Ages 35-64 years,2030,126.45455931486292,121.34070248902121,131.57696193175565
08103,CO,Ages 35-64 years,2030,86.89394745360207,84.32082912483233,89.32201596650704
08105,CO,Ages 35-64 years,2030,128.8028222286031,122.97071007819149,134.39843225363555
08107,CO,Ages 35-64 years,2030,48.45988631444357,47.09564794615003,49.8319575870755
08109,CO,Ages 35-64 years,2030,88.94661621211961,84.1782043825992,93.33971607958117
08111,CO,Ages 35-64 years,2030,106.65268775940004,101.25956360754685,111.78063733574712
08113,CO,Ages 35-64 years,2030,37.867969581358096,35.697090791669034,39.77883183425359
08115,CO,Ages 35-64 years,2030,106.65268775940004,101.3764483283829,111.64336894985604
08117,CO,Ages 35-64 years,2030,47.28862094531427,45.51366827440357,49.272080467814305
08119,CO,Ages 35-64 years,2030,110.18135632717946,107.12716296376266,113.50763953537164
08121,CO,Ages 35-64 years,2030,100.16539079204122,97.47684861581395,102.97462596487378
08123,CO,Ages 35-64 years,2030,85.2753429171583,81.85390147424881,88.56509095876403
08125,CO,Ages 35-64 years,2030,96.84883615251657,93.05281346474149,100.36279510455392
09001,CT,Ages 35-64 years,2030,60.443365812421696,56.947324746097586,63.55988074491296
09003,CT,Ages 35-64 years,2030,86.57078018101875,83.18912166197535,89.7319972294553
09005,CT,Ages 35-64 years,2030,81.57273578961144,78.610413527865,84.32310037296673
09007,CT,Ages 35-64 years,2030,71.8673236441125,68.18115442113053,75.73624701497562
09009,CT,Ages 35-64 years,2030,93.78066441462857,90.12695381906012,97.46870675894526
09011,CT,Ages 35-64 years,2030,89.08155207434763,85.62038821779817,92.58055478039088
09013,CT,Ages 35-64 years,2030,70.96778796655026,68.00474502541627,73.78463401411985
09015,CT,Ages 35-64 years,2030,112.14384689425647,106.3240647227066,117.94854149728147
10001,DE,Ages 35-64 years,2030,153.30305478740675,143.9679684121762,161.93465424521543
10003,DE,Ages 35-64 years,2030,113.59653755178492,109.69993882368331,117.6257592901982
10005,DE,Ages 35-64 years,2030,108.56274369728538,105.11176931056164,112.05155623069375
11001,DC,Ages 35-64 years,2030,210.36266877535672,205.24421068136965,214.78025335281998
12001,FL,Ages 35-64 years,2030,138.15621450031762,133.48322129915266,144.04965363539617
12003,FL,Ages 35-64 years,2030,190.5624278061411,183.30456007773913,197.16343270669373
12005,FL,Ages 35-64 years,2030,241.4101229771396,232.8053968081196,249.17988903430052
12007,FL,Ages 35-64 years,2030,164.14867907000755,158.09542788885727,169.92292834444348
12009,FL,Ages 35-64 years,2030,140.65453617992617,139.43309533303753,141.757295908313
12011,FL,Ages 35-64 years,2030,88.90508559103233,84.84637101295702,92.83233349947916
12013,FL,Ages 35-64 years,2030,262.3472446271263,252.5475684287649,271.80638679825046
12015,FL,Ages 35-64 years,2030,144.82509417867078,140.60476692448393,148.57479682233796
12017,FL,Ages 35-64 years,2030,300.06487644028505,291.5136550939724,309.0778987835547
12019,FL,Ages 35-64 years,2030,119.41766373558075,115.0448056296917,123.85593536051407
12021,FL,Ages 35-64 years,2030,84.88870557714245,80.67893069988082,89.4752737476257
12023,FL,Ages 35-64 years,2030,221.64191807806148,213.84321154035783,229.90058619568597
12027,FL,Ages 35-64 years,2030,183.83727528820037,176.34999282170693,191.33667712830814
12029,FL,Ages 35-64 years,2030,227.194138525214,219.01332755461857,235.2534171263051
12031,FL,Ages 35-64 years,2030,200.459796912256,191.4678041963338,209.9664374272749
12033,FL,Ages 35-64 years,2030,213.28492604396325,206.38997676468722,220.69017656686316
12035,FL,Ages 35-64 years,2030,141.36987886634395,136.97037171309898,144.91804143064067
12037,FL,Ages 35-64 years,2030,219.9001088589661,210.61688130535202,229.23250416440604
12039,FL,Ages 35-64 years,2030,222.8668797965044,213.79272275012588,231.90402054086186
12041,FL,Ages 35-64 years,2030,171.59002089641407,164.34873205986926,178.76037481421943
12043,FL,Ages 35-64 years,2030,203.36535465736645,192.6607187704898,215.17663624654972
12045,FL,Ages 35-64 years,2030,240.29459346466123,231.70011495100377,248.42781851447666
12047,FL,Ages 35-64 years,2030,223.39734618456254,215.3325096961258,231.4801475718243
12049,FL,Ages 35-64 years,2030,177.99861427449082,170.9334641846304,185.04100394095428
12051,FL,Ages 35-64 years,2030,227.25206021374942,218.01184708379307,236.3844701473518
12053,FL,Ages 35-64 years,2030,197.8087514516126,193.22967520478508,202.63138128256804
12055,FL,Ages 35-64 years,2030,245.60163766189845,233.69776860691434,257.7517796617627
12057,FL,Ages 35-64 years,2030,113.03980063706817,111.05695284304583,115.21611933069151
12059,FL,Ages 35-64 years,2030,328.2632036274637,314.0232807262172,342.3392011776137
12061,FL,Ages 35-64 years,2030,118.19569364583599,113.5709763825508,123.25117993819948
12063,FL,Ages 35-64 years,2030,281.33972141505774,269.58787879849837,294.04214131239297
12065,FL,Ages 35-64 years,2030,238.13583426405202,229.3036817673119,247.53456591668905
12067,FL,Ages 35-64 years,2030,230.89970871725623,219.70069444166154,240.88098385876214
12069,FL,Ages 35-64 years,2030,161.94403249987852,157.0018840001258,167.21987265982713
12071,FL,Ages 35-64 years,2030,119.07825716786365,115.65786597306902,122.73429678423042
12073,FL,Ages 35-64 years,2030,164.0046536288251,158.50231557432974,170.44797943591274
12075,FL,Ages 35-64 years,2030,227.37582935042306,219.08506170092775,236.2226584610825
12077,FL,Ages 35-64 years,2030,252.5973078524566,240.2089798958831,264.8149591407433
12079,FL,Ages 35-64 years,2030,310.7632623749405,299.50879100654726,321.74810441056707
12081,FL,Ages 35-64 years,2030,123.36177786255503,118.27507047523937,128.90479323569002
12083,FL,Ages 35-64 years,2030,212.2795172982944,207.59444303045407,216.63578191449614
12085,FL,Ages 35-64 years,2030,112.69061155752168,108.55544173325656,116.49673462177506
12086,FL,Ages 35-64 years,2030,88.72814627934628,85.3155023146679,91.7520660551786
12087,FL,Ages 35-64 years,2030,143.46222779705272,137.84817881811554,148.52766989160662
12089,FL,Ages 35-64 years,2030,176.02447219566298,166.4881047263293,185.50215939560007
12091,FL,Ages 35-64 years,2030,152.93850026220497,148.40072596526787,157.6536216225369
12093,FL,Ages 35-64 years,2030,257.8167615397712,245.52911099052304,270.49008878514053
12095,FL,Ages 35-64 years,2030,112.09916155736258,108.48820553381691,115.50115933713418
12097,FL,Ages 35-64 years,2030,118.27591760954816,115.03609824582493,121.74515919220157
12099,FL,Ages 35-64 years,2030,92.18752507215574,89.12462981986631,95.44893360270302
12101,FL,Ages 35-64 years,2030,174.30137252297322,169.6200734004541,179.31490311661545
12103,FL,Ages 35-64 years,2030,144.30070315645975,137.54275743002455,150.95284303171994
12105,FL,Ages 35-64 years,2030,197.2600801799075,186.47897064539495,207.860337068667
12107,FL,Ages 35-64 years,2030,187.0857284447921,182.74285117639016,191.84454658339575
12109,FL,Ages 35-64 years,2030,73.58373115226583,71.40156980571088,75.67545252910172
12111,FL,Ages 35-64 years,2030,158.6943040169836,152.16749943631945,165.11877710277065
12113,FL,Ages 35-64 years,2030,127.61904051969523,123.04887599729197,131.6642844944476
12115,FL,Ages 35-64 years,2030,125.5997157961909,121.08678106684735,130.96758626787926
12117,FL,Ages 35-64 years,2030,97.48470885510241,95.51514905981843,99.47150701635844
12119,FL,Ages 35-64 years,2030,158.3496441101621,152.0447357275558,164.43746245809655
12121,FL,Ages 35-64 years,2030,203.56137657416946,196.30307958347947,211.14766741518505
12123,FL,Ages 35-64 years,2030,249.93197256188213,239.7478487967285,258.84429693514477
12125,FL,Ages 35-64 years,2030,347.6112254703683,330.91552802273816,363.0074224405068
12127,FL,Ages 35-64 years,2030,162.11824786787184,146.65771798381377,179.02090007085297
12129,FL,Ages 35-64 years,2030,198.19219364015504,190.53982815626281,206.10326720934745
12131,FL,Ages 35-64 years,2030,138.50971149170059,133.7725408664665,142.90921916652658
12133,FL,Ages 35-64 years,2030,287.55328195384095,279.37766994433605,295.153398492173
13001,GA,Ages 35-64 years,2030,331.02484123134934,314.74166599748264,347.5606142333348
13003,GA,Ages 35-64 years,2030,278.0158170428326,270.85644468197313,285.1971062674111
13005,GA,Ages 35-64 years,2030,434.60361082854416,416.49076636565394,452.57551913098627
13007,GA,Ages 35-64 years,2030,250.61973830643683,239.51558071851554,261.6272265690379
13009,GA,Ages 35-64 years,2030,311.4296422410146,299.16535435085973,323.1086984943261
13011,GA,Ages 35-64 years,2030,205.31337094923074,197.96360035115026,212.8778878544185
13013,GA,Ages 35-64 years,2030,162.05487749502706,153.9191124073812,170.09976772609588
13015,GA,Ages 35-64 years,2030,263.64634352044783,252.24686002748243,274.1473400311004
13017,GA,Ages 35-64 years,2030,425.2989098470324,411.0294592201535,439.3684794745058
13019,GA,Ages 35-64 years,2030,369.3140129656335,351.77681841520683,389.7094956671666
13021,GA,Ages 35-64 years,2030,298.19965539016306,224.4664814115965,373.6140405035611
13023,GA,Ages 35-64 years,2030,296.8690788020191,285.85902212567134,309.066288273718
13025,GA,Ages 35-64 years,2030,369.51645127103984,352.882004273605,386.6834793833397
13027,GA,Ages 35-64 years,2030,249.66244496484208,237.23524829333755,262.76671385596086
13029,GA,Ages 35-64 years,2030,200.16260280547334,193.18155534879963,206.6999677391142
13031,GA,Ages 35-64 years,2030,247.1355816406355,235.36340994727513,259.3916409080252
13033,GA,Ages 35-64 years,2030,270.7814103305395,262.476373544776,278.58771507708303
13035,GA,Ages 35-64 years,2030,301.04715799724784,284.264358831703,317.78745439607263
13037,GA,Ages 35-64 years,2030,366.8725476978654,358.21074652849853,376.0978416084035
13039,GA,Ages 35-64 years,2030,245.33214247038384,236.20330965679847,254.85523444811867
13043,GA,Ages 35-64 years,2030,381.4022872108834,363.0996961791302,399.4785810521664
13045,GA,Ages 35-64 years,2030,229.06977683608966,221.9219601425427,236.41856829312587
13047,GA,Ages 35-64 years,2030,165.63080678582338,162.00683539113143,169.64829682833772
13049,GA,Ages 35-64 years,2030,287.4963097502692,272.8764451009485,301.2575583797393
13051,GA,Ages 35-64 years,2030,217.97748761999077,209.8354314710802,224.99578624292002
13053,GA,Ages 35-64 years,2030,317.2640616607886,300.3150364983014,334.31024154893413
13055,GA,Ages 35-64 years,2030,332.7179874844994,317.64359110921976,346.28512494365384
13057,GA,Ages 35-64 years,2030,92.80770690075592,88.67204481450479,96.75890326819419
13059,GA,Ages 35-64 years,2030,214.17954675326826,204.70206755495855,223.52043739401697
13061,GA,Ages 35-64 years,2030,274.2364466441004,260.97430010900075,286.36183674374723
13063,GA,Ages 35-64 years,2030,222.15049690497665,217.30658451781585,227.10529327280602
13065,GA,Ages 35-64 years,2030,478.9331042475085,459.56636229449435,498.39377165756355
13067,GA,Ages 35-64 years,2030,79.88336738402802,76.61651813332234,83.20090117187237
13069,GA,Ages 35-64 years,2030,361.7638487739272,347.09944177315083,376.0326508556838
13071,GA,Ages 35-64 years,2030,251.53200452069734,239.7822909509506,264.1189199686658
13073,GA,Ages 35-64 years,2030,90.72518097494425,84.97945613524038,96.47626556984503
13075,GA,Ages 35-64 years,2030,403.9112333222528,383.67650990417405,422.8525589124316
13077,GA,Ages 35-64 years,2030,143.8619883555911,140.1220642420931,147.6487192253867
13079,GA,Ages 35-64 years,2030,260.87791286969184,251.3660105108102,270.34731672064385
13081,GA,Ages 35-64 years,2030,301.9601953640438,294.9912713186989,309.263932302588
13083,GA,Ages 35-64 years,2030,290.00758869692373,276.42320650112475,303.6328423191879
13085,GA,Ages 35-64 years,2030,143.08821435117218,136.7298597735099,149.21284149076047
13087,GA,Ages 35-64 years,2030,292.3201738642902,284.22842440771046,300.1194554523476
13089,GA,Ages 35-64 years,2030,137.26123664251077,129.74154540778449,144.2838298720505
13091,GA,Ages 35-64 years,2030,254.38397638425658,243.169012660047,266.17792756365895
13093,GA,Ages 35-64 years,2030,257.62142051866044,248.2812887406225,266.61017492613934
13095,GA,Ages 35-64 years,2030,285.20284018070464,276.8825830008964,295.2565245843736
13097,GA,Ages 35-64 years,2030,190.668715953908,180.2312169516308,202.65442365984813
13099,GA,Ages 35-64 years,2030,492.6927062345898,471.9488088384962,511.6711084060265
13101,GA,Ages 35-64 years,2030,192.18243204122388,183.70010623398395,200.65288960473183
13103,GA,Ages 35-64 years,2030,175.61581294741882,170.4774650794556,180.1374514456979
13105,GA,Ages 35-64 years,2030,292.2756223427397,284.4039733502984,299.91837208328144
13107,GA,Ages 35-64 years,2030,364.1455204158115,347.70913886768903,380.82040777171426
13109,GA,Ages 35-64 years,2030,258.39168275338545,248.16409970387193,269.60656077973675
13111,GA,Ages 35-64 years,2030,186.19194832236144,179.23379261963245,193.19166911815233
13113,GA,Ages 35-64 years,2030,90.63677552760919,86.06307274780386,95.03762087435479
13115,GA,Ages 35-64 years,2030,344.81762598401536,326.04827513958617,360.2638238701248
13117,GA,Ages 35-64 years,2030,88.94193190532569,83.5378275091892,94.53510822671419
13119,GA,Ages 35-64 years,2030,390.7062133052394,372.2551936969156,411.192695621462
13121,GA,Ages 35-64 years,2030,115.30086614045081,108.2637364345537,121.98593400236498
13123,GA,Ages 35-64 years,2030,227.03881476327413,217.95813268626682,236.7342228944054
13125,GA,Ages 35-64 years,2030,370.51644775449756,354.08623943737507,388.7730003885389
13127,GA,Ages 35-64 years,2030,229.94391046298853,223.196583091659,236.99715725176446
13129,GA,Ages 35-64 years,2030,262.20183326344346,252.5395031990114,271.1492844241189
13131,GA,Ages 35-64 years,2030,309.9772338759849,295.1674393693695,325.0721317307741
13133,GA,Ages 35-64 years,2030,185.65891794138412,180.70045760409133,190.0573209102863
13135,GA,Ages 35-64 years,2030,86.23124585130542,81.32568626557502,90.78020644881502
13137,GA,Ages 35-64 years,2030,174.97813904132101,167.74399413618903,181.44926188320557
13139,GA,Ages 35-64 years,2030,136.72207005941013,130.3503333541436,143.34903113594885
13141,GA,Ages 35-64 years,2030,351.8938031693374,337.604663260526,367.12669695866913
13143,GA,Ages 35-64 years,2030,301.0357831939396,287.26980371062746,314.6360340535597
13145,GA,Ages 35-64 years,2030,184.17345506096598,176.153707728793,192.5509013956225
13147,GA,Ages 35-64 years,2030,234.75062868033422,225.9704067833372,244.21293577281077
13149,GA,Ages 35-64 years,2030,240.80217434605854,230.79485011070304,251.23119717464292
13151,GA,Ages 35-64 years,2030,179.56283318430926,170.12706760177832,189.9339413143424
13153,GA,Ages 35-64 years,2030,209.17089893948318,202.586681932112,215.31205944649963
13155,GA,Ages 35-64 years,2030,360.0653735723029,344.7783558405234,374.61959121364225
13157,GA,Ages 35-64 years,2030,202.768421478929,191.8245137793203,213.2954158172542
13159,GA,Ages 35-64 years,2030,249.03743256224263,239.40738108179949,258.4288641694369
13161,GA,Ages 35-64 years,2030,428.94475032023104,410.2113362263423,446.5177960894469
13163,GA,Ages 35-64 years,2030,416.91491670174963,397.25111365661326,437.10956347673994
13165,GA,Ages 35-64 years,2030,256.0656767051118,246.94108171914047,265.5258006179465
13167,GA,Ages 35-64 years,2030,292.81180122554036,279.21564176683256,307.2529456339639
13169,GA,Ages 35-64 years,2030,186.86790562992778,179.98578090261012,193.4339062995648
13171,GA,Ages 35-64 years,2030,299.3604834712274,285.653544178632,313.18048931707557
13173,GA,Ages 35-64 years,2030,280.40722472948033,267.08278355075237,292.11863572530024
13175,GA,Ages 35-64 years,2030,394.70455013412374,376.96314328627267,414.7381145553079
13177,GA,Ages 35-64 years,2030,247.55706473028692,236.96866842120863,258.6369498683057
13179,GA,Ages 35-64 years,2030,275.33083970933865,268.58260669154333,282.13863028373345
13181,GA,Ages 35-64 years,2030,266.3243706392018,255.65634704921902,277.8861598210981
13183,GA,Ages 35-64 years,2030,227.83922261841738,215.2014127252474,239.6097620668546
13185,GA,Ages 35-64 years,2030,277.0017201663156,262.83082659446313,290.89245599327046
13187,GA,Ages 35-64 years,2030,191.8418424070983,183.52876094937753,199.9635606180525
13189,GA,Ages 35-64 years,2030,302.55116427025246,294.4197975884393,310.395589328782
13191,GA,Ages 35-64 years,2030,217.2928905414573,207.8341130405919,227.3249933537259
13193,GA,Ages 35-64 years,2030,329.3282962015209,315.05156611748333,344.06435364249324
13195,GA,Ages 35-64 years,2030,224.8416690790222,214.61658074189143,235.74756024445807
13197,GA,Ages 35-64 years,2030,311.26727277994036,297.601602011848,325.3199431977044
13199,GA,Ages 35-64 years,2030,398.4897448909734,381.8293559179342,414.11554228925024
13201,GA,Ages 35-64 years,2030,404.6876052025288,386.114194489694,422.65053264273513
13205,GA,Ages 35-64 years,2030,352.22030228621094,334.60738956965935,369.5652770896117
13207,GA,Ages 35-64 years,2030,189.0505894584607,182.379668798325,195.861504812568
13209,GA,Ages 35-64 years,2030,243.56388837588577,233.40508809749963,253.06130635316322
13211,GA,Ages 35-64 years,2030,207.80581428081234,198.19826765325814,218.03178064454048
13213,GA,Ages 35-64 years,2030,238.1173811114937,230.39101054662493,245.74475005101266
13215,GA,Ages 35-64 years,2030,373.8666352489988,363.507306815428,382.38041903026823
13217,GA,Ages 35-64 years,2030,176.94829508616905,171.4598896875104,182.86285724512257
13219,GA,Ages 35-64 years,2030,82.96157124207177,80.5415097559274,85.33524735247478
13221,GA,Ages 35-64 years,2030,172.16593227750138,163.71920000769538,181.01439222135795
13223,GA,Ages 35-64 years,2030,134.53166145310345,130.37773895016178,138.79628077088776
13225,GA,Ages 35-64 years,2030,257.9916988581633,248.2551806596993,269.2400006382543
13227,GA,Ages 35-64 years,2030,210.8695510892341,203.0584086009126,218.96487496660538
13229,GA,Ages 35-64 years,2030,325.41292113394474,310.25229328689176,339.523307322023
13231,GA,Ages 35-64 years,2030,202.4371563771151,194.78342431443133,210.3251149563605
13233,GA,Ages 35-64 years,2030,280.40427322578375,273.51297193404247,287.4901605458606
13235,GA,Ages 35-64 years,2030,337.94808683826244,322.7445410093813,353.7024735654884
13237,GA,Ages 35-64 years,2030,218.9833095288532,211.7700919686655,226.72750693210963
13239,GA,Ages 35-64 years,2030,274.2364466441004,262.29710668293325,286.5901845579521
13241,GA,Ages 35-64 years,2030,180.3825472274264,171.7500889141767,189.0745819713136
13243,GA,Ages 35-64 years,2030,394.53057400696525,379.59428431941774,409.9298552531986
13245,GA,Ages 35-64 years,2030,351.6678068657751,341.48235468648477,363.726378697189
13247,GA,Ages 35-64 years,2030,164.8641474290414,157.30666711574636,171.76350352145994
13249,GA,Ages 35-64 years,2030,187.59292087394346,179.72572726359996,194.64538817361844
13251,GA,Ages 35-64 years,2030,262.31434347925756,256.0386613144446,268.9043137618396
13253,GA,Ages 35-64 years,2030,288.9792733363094,276.4165729932733,301.63430137914713
13255,GA,Ages 35-64 years,2030,269.845053986603,263.3431216562053,276.09424972497726
13257,GA,Ages 35-64 years,2030,299.9140482407577,285.8333447630579,314.5746553993282
13259,GA,Ages 35-64 years,2030,247.1279477919754,241.30014224622494,252.81101035532913
13261,GA,Ages 35-64 years,2030,353.3401657586402,338.428969254267,368.7179727171935
13263,GA,Ages 35-64 years,2030,282.39607459623437,272.92541399559315,292.9018875449129
13265,GA,Ages 35-64 years,2030,274.2364466441004,262.6204356453038,286.3849188757499
13267,GA,Ages 35-64 years,2030,285.66908340317,271.59791801266147,299.348221766016
13269,GA,Ages 35-64 years,2030,261.7261539280464,248.91906105252974,272.6628751228522
13271,GA,Ages 35-64 years,2030,257.3574068013669,245.1651813945333,269.4592404421926
13273,GA,Ages 35-64 years,2030,288.40433289316064,277.97928075065613,299.7636392615604
13275,GA,Ages 35-64 years,2030,277.47599791979775,265.34633140363087,291.431217256426
13277,GA,Ages 35-64 years,2030,384.78530767547545,363.70287956055427,408.08083980823443
13279,GA,Ages 35-64 years,2030,289.3110878015214,277.1972178455103,300.9704070728482
13281,GA,Ages 35-64 years,2030,224.36425728588893,212.36095853732166,236.56908786866717
13283,GA,Ages 35-64 years,2030,266.81643247015154,255.7714390366809,278.74303106932854
13285,GA,Ages 35-64 years,2030,361.4398363518811,340.92249355084084,380.82185001624197
13287,GA,Ages 35-64 years,2030,366.1523821553403,349.8908076888303,383.5881968340471
13289,GA,Ages 35-64 years,2030,413.7198467511064,398.1345353507356,429.44079113374625
13291,GA,Ages 35-64 years,2030,207.20651609193982,198.65473018403236,215.78358724705612
13293,GA,Ages 35-64 years,2030,374.2010333523553,362.1992519066229,385.32949207421706
13295,GA,Ages 35-64 years,2030,349.2344531347219,338.6069534086359,360.63856331178005
13297,GA,Ages 35-64 years,2030,210.56183679080453,200.76228999923495,219.79992944514464
13299,GA,Ages 35-64 years,2030,368.133211101957,356.219091608446,381.7000672538671
13301,GA,Ages 35-64 years,2030,453.05324333461414,430.3141524574304,475.2553733703227
13303,GA,Ages 35-64 years,2030,274.7530513293707,263.63003335376783,286.92549027667224
13305,GA,Ages 35-64 years,2030,306.20856103827737,294.56161354406015,318.26655795878696
13307,GA,Ages 35-64 years,2030,200.91373287872455,192.7278349880695,209.23894916347663
13309,GA,Ages 35-64 years,2030,198.90533523223817,191.83843663179914,206.38894029986
13311,GA,Ages 35-64 years,2030,179.29790644280018,171.4351379616617,188.6517782451114
13313,GA,Ages 35-64 years,2030,226.7486590007186,216.27437369793518,236.5488034273987
13315,GA,Ages 35-64 years,2030,309.50099746477804,296.78493917883475,322.6872653209317
13317,GA,Ages 35-64 years,2030,327.63993254105253,314.8150002492643,341.42520143458387
13319,GA,Ages 35-64 years,2030,394.8744478199244,380.45850149587426,409.0516704347508
13321,GA,Ages 35-64 years,2030,246.2544493902559,235.70924208650993,256.96398835227836
15001,HI,Ages 35-64 years,2030,202.37128638616494,195.49657184369283,208.99119277543065
15003,HI,Ages 35-64 years,2030,136.4153078461619,134.24657744881588,138.73175999339566
15005,HI,Ages 35-64 years,2030,137.5098186406242,133.2422587633603,141.45794017572436
15007,HI,Ages 35-64 years,2030,95.6816869799996,92.21511073198171,99.8203900847947
15009,HI,Ages 35-64 years,2030,111.59575279733492,108.42522702642073,114.52902840237832
16001,ID,Ages 35-64 years,2030,73.37171363272553,71.22347467785828,75.82310823846397
16003,ID,Ages 35-64 years,2030,85.32438052819656,81.18064595399184,88.93618546534533
16005,ID,Ages 35-64 years,2030,133.21500491158784,129.57133487954556,136.5529460794472
16007,ID,Ages 35-64 years,2030,138.6990568717815,134.5797302708897,143.09221042634832
16009,ID,Ages 35-64 years,2030,134.33264972825037,128.47550061697916,140.35836601238924
16011,ID,Ages 35-64 years,2030,134.73152373003552,131.27181552117833,138.37514896280814
16013,ID,Ages 35-64 years,2030,47.71994876687609,44.73560301361045,50.6262887108396
16015,ID,Ages 35-64 years,2030,78.6710113683206,75.43946392315965,81.87870363153313
16017,ID,Ages 35-64 years,2030,81.73288895802173,77.15420645023717,86.05861104636648
16019,ID,Ages 35-64 years,2030,133.32863630790038,129.71523360354473,137.32502820691496
16021,ID,Ages 35-64 years,2030,87.01692428796567,82.62272697876509,91.60665999104754
16023,ID,Ages 35-64 years,2030,109.72688481422519,104.14355775016733,115.51640168307743
16025,ID,Ages 35-64 years,2030,109.72688481422519,104.56936473525495,114.96132341577245
16027,ID,Ages 35-64 years,2030,125.91278009439459,122.64270577721568,129.6304213602908
16029,ID,Ages 35-64 years,2030,114.39463570169875,110.7906473144469,118.18933998726325
16031,ID,Ages 35-64 years,2030,117.09960109288353,112.013077583635,122.09371416365056
16033,ID,Ages 35-64 years,2030,109.72688481422519,104.43848740317745,115.20924545960179
16035,ID,Ages 35-64 years,2030,98.99205126834586,96.09165937703781,101.56143359738131
16037,ID,Ages 35-64 years,2030,87.6448644035888,84.89161801320952,90.28758679890305
16039,ID,Ages 35-64 years,2030,128.7310396782974,122.22727811407158,135.00425861207256
16041,ID,Ages 35-64 years,2030,102.09976572100058,97.39049653715563,107.13271613137422
16043,ID,Ages 35-64 years,2030,80.23800872495468,77.92339565641747,82.64933053345601
16045,ID,Ages 35-64 years,2030,123.03827204096275,117.91628393186375,128.85232030808504
16047,ID,Ages 35-64 years,2030,148.90891018129736,139.17071677793987,158.58050933921325
16049,ID,Ages 35-64 years,2030,116.66398043503375,110.834100829594,122.16348091577042
16051,ID,Ages 35-64 years,2030,102.88807068119056,99.47510514918974,106.23308071376655
16053,ID,Ages 35-64 years,2030,108.75444871886394,103.99547553000605,113.48732690840613
16055,ID,Ages 35-64 years,2030,83.6289708332246,80.32765355015434,87.61793358362617
16057,ID,Ages 35-64 years,2030,73.82931275282972,71.50122241019115,76.04090802297745
16059,ID,Ages 35-64 years,2030,127.65553004295457,120.2625207824837,135.48995813647892
16061,ID,Ages 35-64 years,2030,99.8945683881335,93.54276304834703,106.32847700106122
16063,ID,Ages 35-64 years,2030,95.36348600269841,88.58180156620088,101.8896361247539
16065,ID,Ages 35-64 years,2030,89.13920898957926,85.23412823696401,93.08016645083138
16067,ID,Ages 35-64 years,2030,126.89778462343737,120.46066319091085,133.6682456095766
16069,ID,Ages 35-64 years,2030,107.51390953326334,103.15261464336325,111.42577532165616
16071,ID,Ages 35-64 years,2030,126.6816317742798,122.29834430136435,130.87540526985404
16073,ID,Ages 35-64 years,2030,120.85755147492131,115.86103824286145,125.92877745565745
16075,ID,Ages 35-64 years,2030,119.96743835414425,113.95922619341097,125.83998448189158
16077,ID,Ages 35-64 years,2030,110.63549129532711,104.73544824524869,116.23884006180529
16079,ID,Ages 35-64 years,2030,165.79606645744275,158.10090479545082,174.1637412675178
16081,ID,Ages 35-64 years,2030,63.47095620228472,60.75718436359424,66.05366077790507
16083,ID,Ages 35-64 years,2030,110.65797738585015,105.19185913339746,115.92232985402846
16085,ID,Ages 35-64 years,2030,59.92394179707685,57.35764407639252,62.59100403510334
16087,ID,Ages 35-64 years,2030,96.62505258250681,93.08943213838995,100.18148835209848
17001,IL,Ages 35-64 years,2030,170.88953130756238,164.61054240951304,176.9593691286051
17003,IL,Ages 35-64 years,2030,277.9095860907048,270.0303178254424,285.3938838666616
17005,IL,Ages 35-64 years,2030,188.19525560764566,182.06122830230274,194.02042300013346
17007,IL,Ages 35-64 years,2030,123.86883426778381,117.84068524461784,129.5138370486408
17009,IL,Ages 35-64 years,2030,144.8512474679954,141.2134065765357,148.74344849171115
17011,IL,Ages 35-64 years,2030,187.36414912543643,178.90389442060624,196.56969962407493
17013,IL,Ages 35-64 years,2030,132.91439992619868,129.26219483076414,136.21961856511226
17015,IL,Ages 35-64 years,2030,157.58663618664215,152.6626429014927,162.4986655816067
17017,IL,Ages 35-64 years,2030,184.99750236967245,180.02767453078357,190.096360622452
17019,IL,Ages 35-64 years,2030,112.51673654792357,108.25825418705007,116.49524268480093
17021,IL,Ages 35-64 years,2030,144.64501402196794,139.0887147808687,149.51946159825587
17023,IL,Ages 35-64 years,2030,185.63146115510102,179.5018398949813,191.2568138261002
17025,IL,Ages 35-64 years,2030,207.00677085984427,198.4265401619239,216.92340312073884
17027,IL,Ages 35-64 years,2030,106.86021296048948,103.3611078839485,110.49222709368483
17029,IL,Ages 35-64 years,2030,173.84172971420548,168.08047729213072,179.3448990424309
17031,IL,Ages 35-64 years,2030,136.42026060299975,129.8101407864161,143.83033427835855
17033,IL,Ages 35-64 years,2030,173.26170535627148,168.29718225951174,178.2156907839377
17035,IL,Ages 35-64 years,2030,115.54819009447678,112.12217801279695,119.0311664896917
17037,IL,Ages 35-64 years,2030,103.56920706977778,99.71960108786402,107.1203630997664
17039,IL,Ages 35-64 years,2030,165.91712090838004,161.30824197843899,171.21854422813695
17041,IL,Ages 35-64 years,2030,107.40665828749476,103.81595656533568,111.09155661994338
17043,IL,Ages 35-64 years,2030,67.61320032483438,64.66353244520232,70.81783518702211
17045,IL,Ages 35-64 years,2030,162.76496479614894,157.88574501684528,167.454224714941
17047,IL,Ages 35-64 years,2030,201.5016226621637,196.0237893653663,206.99612785330328
17049,IL,Ages 35-64 years,2030,100.00083510524671,97.18860953636027,102.7624658380998
17051,IL,Ages 35-64 years,2030,152.23413968885956,145.0201917112529,159.23583718548443
17053,IL,Ages 35-64 years,2030,157.60349496849673,152.00055796878675,163.93824385276346
17055,IL,Ages 35-64 years,2030,200.93229255038824,193.84367253036558,207.890447551097
17057,IL,Ages 35-64 years,2030,261.0024553144714,247.60912316219793,275.92094654154806
17059,IL,Ages 35-64 years,2030,327.1082698746656,313.5677722836902,340.5630004172387
17061,IL,Ages 35-64 years,2030,190.4565942030098,179.7049140102516,201.92456508702782
17063,IL,Ages 35-64 years,2030,106.26695692771544,101.78981021102337,110.52765833098778
17065,IL,Ages 35-64 years,2030,204.82535298646326,195.4933124129088,214.21102857100436
17067,IL,Ages 35-64 years,2030,168.19020390165474,163.20862398748199,173.07712769038804
17069,IL,Ages 35-64 years,2030,236.3079643042837,225.90474079147094,246.88019335572153
17071,IL,Ages 35-64 years,2030,203.41560196064458,197.08891327441148,210.04088928149758
17073,IL,Ages 35-64 years,2030,166.04687806180036,161.01685319042795,171.29714514318377
17075,IL,Ages 35-64 years,2030,204.04738799662894,198.16004109094158,210.52680786299493
17077,IL,Ages 35-64 years,2030,218.9885236767703,211.28227309041625,226.39171825036308
17079,IL,Ages 35-64 years,2030,132.52354373589597,128.90746470943017,136.4042293773858
17081,IL,Ages 35-64 years,2030,184.2179970507248,179.08023300571742,189.66325659112283
17083,IL,Ages 35-64 years,2030,173.16511338393977,167.620625875059,178.28047256553958
17085,IL,Ages 35-64 years,2030,104.6268478256375,100.70629335288001,108.58812605383515
17087,IL,Ages 35-64 years,2030,140.20297551740484,135.09539519250163,144.9360786196086
17089,IL,Ages 35-64 years,2030,75.65471695075576,72.45257633088934,78.81997048105661
17091,IL,Ages 35-64 years,2030,217.59326038816647,208.79986756086063,226.61523139603554
17093,IL,Ages 35-64 years,2030,58.55224806441564,55.81612179107671,61.40278201211666
17095,IL,Ages 35-64 years,2030,226.96611493991506,217.31322427492876,236.37350422039398
17097,IL,Ages 35-64 years,2030,62.734351343305455,59.48402230054954,66.19396807553953
17099,IL,Ages 35-64 years,2030,141.79146544510976,136.7035686836599,147.45841206510298
17101,IL,Ages 35-64 years,2030,184.5401805726981,179.07353285089857,190.03359087024478
17103,IL,Ages 35-64 years,2030,177.54850502549695,170.08691792012476,185.4666549164547
17105,IL,Ages 35-64 years,2030,139.08609441195932,133.97318375459975,144.68345404907078
17107,IL,Ages 35-64 years,2030,170.96016743018183,165.6105291672929,176.5214689061267
17109,IL,Ages 35-64 years,2030,209.72400327860703,202.93493771442638,215.97519009034914
17111,IL,Ages 35-64 years,2030,66.13179391462202,63.61637255293467,68.7483585336272
17113,IL,Ages 35-64 years,2030,123.24582644814502,118.88793314750741,127.58440008573673
17115,IL,Ages 35-64 years,2030,167.66714026468216,161.28659818251987,173.9018509951904
17117,IL,Ages 35-64 years,2030,153.50456089442446,148.73991949478892,158.18828787792046
17119,IL,Ages 35-64 years,2030,184.21359902648476,176.21708508161777,191.37998108938942
17121,IL,Ages 35-64 years,2030,219.58452099551107,213.3440113520727,225.83193909756113
17123,IL,Ages 35-64 years,2030,187.3909805587945,181.96475637342533,192.76902071404402
17125,IL,Ages 35-64 years,2030,174.94949675540087,169.58613573569164,179.8249520952628
17127,IL,Ages 35-64 years,2030,274.2857821797424,266.09011987526264,284.3049034285915
17129,IL,Ages 35-64 years,2030,113.7227399986869,110.23141207175746,117.29516966901356
17131,IL,Ages 35-64 years,2030,146.43696558206545,141.94702660934314,150.92826223529136
17133,IL,Ages 35-64 years,2030,91.57699820101352,88.5796605627743,94.59048668831655
17135,IL,Ages 35-64 years,2030,170.90368733402536,165.71560118481395,175.94134942221186
17137,IL,Ages 35-64 years,2030,216.0696553338343,211.3131183319537,221.51615691656903
17139,IL,Ages 35-64 years,2030,132.2161018685441,128.21308634293973,136.6533185787153
17141,IL,Ages 35-64 years,2030,155.75430811393684,147.158822450692,163.8437449583141
17143,IL,Ages 35-64 years,2030,190.18109704805343,185.25915150787122,194.7837066599439
17145,IL,Ages 35-64 years,2030,146.9692775701836,142.554672553874,151.22426208436377
17147,IL,Ages 35-64 years,2030,118.60212069358577,114.51994394999541,123.02630398799492
17149,IL,Ages 35-64 years,2030,153.2030032307707,148.86400977059836,157.6677329573037
17151,IL,Ages 35-64 years,2030,157.6685696164819,149.1045366560712,164.93964030892127
17153,IL,Ages 35-64 years,2030,320.80433861581423,307.0058102822157,334.01070335638934
17155,IL,Ages 35-64 years,2030,131.8648060678837,127.70983494244584,135.92348181197838
17157,IL,Ages 35-64 years,2030,147.74302068015947,143.0300305022643,152.0421146288419
17159,IL,Ages 35-64 years,2030,186.56720944374308,181.62293598697553,192.18931106755005
17161,IL,Ages 35-64 years,2030,145.57253602272482,140.666119912733,150.23359171536381
17163,IL,Ages 35-64 years,2030,183.15458171852765,177.9822466632393,188.4195682028922
17165,IL,Ages 35-64 years,2030,258.66751209273633,249.25111248244488,268.6972031704817
17167,IL,Ages 35-64 years,2030,149.42288475288032,143.96177077812337,154.5994917056252
17169,IL,Ages 35-64 years,2030,245.8933230916573,234.08567424075687,258.42197875037044
17171,IL,Ages 35-64 years,2030,146.8020436864708,142.25474057147224,151.5409716192613
17173,IL,Ages 35-64 years,2030,125.47411851951223,121.92813321013494,129.10459992218932
17175,IL,Ages 35-64 years,2030,146.74852018329562,142.4433952725036,150.9252011910341
17177,IL,Ages 35-64 years,2030,135.00722973998214,130.7673859214398,139.17678478480775
17179,IL,Ages 35-64 years,2030,136.36415756596006,132.18693184418515,140.3799966840809
17181,IL,Ages 35-64 years,2030,257.47180919616795,250.18533225108484,264.50658887762114
17183,IL,Ages 35-64 years,2030,164.26321409934673,159.25498412467098,169.31623984366482
17185,IL,Ages 35-64 years,2030,143.64645215946913,139.09561416278555,148.27233051712545
17187,IL,Ages 35-64 years,2030,195.29020657744985,189.82312576072388,201.33897490660922
17189,IL,Ages 35-64 years,2030,124.63385440099593,119.2732064377042,130.29895081271957
17191,IL,Ages 35-64 years,2030,165.32890815451174,161.09904313665737,169.36366982093733
17193,IL,Ages 35-64 years,2030,215.13202957509148,205.2722487565701,224.4756695986928
17195,IL,Ages 35-64 years,2030,159.37353703309543,154.9750919679465,163.9612357654432
17197,IL,Ages 35-64 years,2030,88.87810404118541,85.55161906864737,92.31357526775152
17199,IL,Ages 35-64 years,2030,166.5351490707382,156.51076215125983,175.68364101212885
17201,IL,Ages 35-64 years,2030,205.75359477453162,191.48593220003474,220.3682630055019
17203,IL,Ages 35-64 years,2030,96.32299584826764,93.5211294163871,99.20308219516616
18001,IN,Ages 35-64 years,2030,142.58415643606833,137.1464634510232,148.26134142927282
18003,IN,Ages 35-64 years,2030,183.6594884214045,177.9267303228741,189.39290606547158
18005,IN,Ages 35-64 years,2030,157.50426593253047,152.1679278178946,162.49478495130268
18007,IN,Ages 35-64 years,2030,177.33050425199335,172.06936018993392,182.14488897672427
18009,IN,Ages 35-64 years,2030,203.0997779796891,197.48263313296027,208.93741111793727
18011,IN,Ages 35-64 years,2030,96.05144415962519,91.14940923687105,100.87435403365781
18013,IN,Ages 35-64 years,2030,121.42543799317879,117.15440184083828,126.01859095873873
18015,IN,Ages 35-64 years,2030,100.21446918212983,95.19465029556461,105.32594787272004
18017,IN,Ages 35-64 years,2030,119.72262692522237,114.35696304381783,125.38459354410007
18019,IN,Ages 35-64 years,2030,222.22416060489633,214.1491362779939,230.29984407510725
18021,IN,Ages 35-64 years,2030,161.92078924985327,155.9950925251059,167.497017346668
18023,IN,Ages 35-64 years,2030,144.03630653243303,137.8762767257814,150.54990134184825
18025,IN,Ages 35-64 years,2030,254.28528182464032,246.2088033121736,262.1174022092767
18027,IN,Ages 35-64 years,2030,223.60720184587257,213.49437672736022,233.83042472409588
18029,IN,Ages 35-64 years,2030,150.5662528935955,144.3512804800941,157.30071898468012
18031,IN,Ages 35-64 years,2030,134.9535145310477,130.3207540947279,140.30269088126988
18033,IN,Ages 35-64 years,2030,200.23670399678724,191.55542315632007,210.20951985368757
18035,IN,Ages 35-64 years,2030,214.68075606768429,207.780654118476,220.70767418523644
18037,IN,Ages 35-64 years,2030,144.770515731277,140.3910733641936,148.9089780561201
18039,IN,Ages 35-64 years,2030,151.29759425501985,144.89137095076546,157.72595720884206
18041,IN,Ages 35-64 years,2030,260.1115414262397,252.29793605918456,268.43669084156755
18043,IN,Ages 35-64 years,2030,170.46451717900325,164.15034363208406,177.37815083387036
18045,IN,Ages 35-64 years,2030,140.91420475947933,133.64709222843183,147.52621239621953
18047,IN,Ages 35-64 years,2030,100.7666321875309,97.53378808240195,104.08099651135183
18049,IN,Ages 35-64 years,2030,197.23534326110493,189.67996780110056,205.64921645538755
18051,IN,Ages 35-64 years,2030,192.82955708311005,186.96216597602816,198.16795097172576
18053,IN,Ages 35-64 years,2030,214.98074487901084,209.75603380028207,220.18816214992563
18055,IN,Ages 35-64 years,2030,175.13327459433665,169.33164361576812,180.9429924473005
18057,IN,Ages 35-64 years,2030,53.53918018378971,51.91416773268145,55.37299865922787
18059,IN,Ages 35-64 years,2030,87.45748706552475,84.33035064894051,90.82059752929948
18061,IN,Ages 35-64 years,2030,148.1765717630295,142.85864255165384,153.45774949852458
18063,IN,Ages 35-64 years,2030,76.84204791781377,72.96516600766378,80.70745244104461
18065,IN,Ages 35-64 years,2030,180.94372948224415,175.64928178841635,185.95747791701834
18067,IN,Ages 35-64 years,2030,210.09028174983695,201.5425386858545,219.33529600702943
18069,IN,Ages 35-64 years,2030,178.34046758746695,168.4500000778187,187.77039546539115
18071,IN,Ages 35-64 years,2030,151.75609239251534,145.81472641187986,157.44795811137283
18073,IN,Ages 35-64 years,2030,184.89100531622813,179.11884982147066,191.259616530266
18075,IN,Ages 35-64 years,2030,162.72524976441466,156.48129577465167,168.9661837013276
18077,IN,Ages 35-64 years,2030,173.80906037237324,167.87160564938023,179.51046753197275
18079,IN,Ages 35-64 years,2030,234.54761482341047,225.1852077105033,244.4953639297346
18081,IN,Ages 35-64 years,2030,112.99597301205867,109.31649522797287,116.62237549537087
18083,IN,Ages 35-64 years,2030,182.32208780594385,175.48905005335396,188.8178965733134
18085,IN,Ages 35-64 years,2030,173.24327524159978,164.210952309751,181.8364491165158
18087,IN,Ages 35-64 years,2030,148.69390470990905,143.52219315885333,153.43163981092164
18089,IN,Ages 35-64 years,2030,191.72173483814413,182.32511264493024,201.579846574281
18091,IN,Ages 35-64 years,2030,189.15232714464852,183.71460950647986,194.21550466298766
18093,IN,Ages 35-64 years,2030,196.59878730172582,189.453514661544,203.83230501955447
18095,IN,Ages 35-64 years,2030,176.04542628573836,170.75268518322224,182.2648032346929
18097,IN,Ages 35-64 years,2030,187.61016451146895,178.64674968076528,195.60964439526956
18099,IN,Ages 35-64 years,2030,133.26654568305767,129.86420236459546,136.3875785397539
18101,IN,Ages 35-64 years,2030,181.41179348107747,175.05521809501454,187.6744762565186
18103,IN,Ages 35-64 years,2030,193.46359139634805,187.65917675882514,199.5155335265996
18105,IN,Ages 35-64 years,2030,127.64233387030876,123.629840193888,131.78186835223502
18107,IN,Ages 35-64 years,2030,161.4591930038013,154.21478966125596,169.65601389761045
18109,IN,Ages 35-64 years,2030,146.5678841058593,142.30804464498925,151.3619427620189
18111,IN,Ages 35-64 years,2030,164.3033936722816,158.81527982259962,169.86252786810982
18113,IN,Ages 35-64 years,2030,189.27086652857068,180.25267027827903,198.14562238107416
18115,IN,Ages 35-64 years,2030,103.73053625754436,100.82050933679768,106.50450911083401
18117,IN,Ages 35-64 years,2030,185.58457082656764,179.0658917087963,192.10159383381773
18119,IN,Ages 35-64 years,2030,162.5781397427298,157.76952544243045,167.34960456014682
18121,IN,Ages 35-64 years,2030,126.5739259784135,118.00608493548606,135.16044544400998
18123,IN,Ages 35-64 years,2030,211.39293038582082,204.9304706787413,217.57446672746113
18125,IN,Ages 35-64 years,2030,157.11217934764883,152.78977215476286,161.78225057619383
18127,IN,Ages 35-64 years,2030,107.90610603923695,104.32621226750825,111.61230676028886
18129,IN,Ages 35-64 years,2030,147.90130197615014,143.7015812345073,152.17045778013363
18131,IN,Ages 35-64 years,2030,178.6131936499028,170.6286939013085,187.13385701564275
18133,IN,Ages 35-64 years,2030,137.95855396808616,130.88264609871507,145.94808298171043
18135,IN,Ages 35-64 years,2030,202.74777851207102,195.8729084402704,209.99263360301723
18137,IN,Ages 35-64 years,2030,147.31939736119455,142.68877948398983,151.9734106084442
18139,IN,Ages 35-64 years,2030,145.07845970684036,140.94751790745224,149.3576576772369
18141,IN,Ages 35-64 years,2030,171.77832422745072,163.00352342847467,180.49400361849658
18143,IN,Ages 35-64 years,2030,227.79075281541463,220.1775734550064,235.43637054922212
18145,IN,Ages 35-64 years,2030,127.55298334904414,122.39319547767336,132.36191782462066
18147,IN,Ages 35-64 years,2030,209.00735699829437,201.89247255965827,216.0725720518241
18149,IN,Ages 35-64 years,2030,216.44571164553628,205.40254339964162,228.05210659867922
18151,IN,Ages 35-64 years,2030,171.30345741726757,164.62874142449508,178.5466030663208
18153,IN,Ages 35-64 years,2030,183.91008069091822,177.12698267303801,190.22258120402512
18155,IN,Ages 35-64 years,2030,142.68252563332783,138.05025852864256,146.8958164083984
18157,IN,Ages 35-64 years,2030,87.35924983928497,83.96106771354603,90.58267039595287
18159,IN,Ages 35-64 years,2030,171.02922279080346,163.46411606363657,178.36168423203284
18161,IN,Ages 35-64 years,2030,172.07804909837057,166.88193563688296,177.0313421394669
18163,IN,Ages 35-64 years,2030,244.00700500384096,228.63818365119928,260.77800046203083
18165,IN,Ages 35-64 years,2030,201.2613001542048,194.99306126037257,207.6397211542167
18167,IN,Ages 35-64 years,2030,234.25614731776557,225.9224539857441,241.80453569045648
18169,IN,Ages 35-64 years,2030,165.17664636528477,158.22496930379677,171.82570280521128
18171,IN,Ages 35-64 years,2030,119.91796807742882,116.3797399084937,123.5156523964301
18173,IN,Ages 35-64 years,2030,141.53622101363038,137.84417202829604,145.18818945218078
18175,IN,Ages 35-64 years,2030,241.86546347247398,233.32436904189282,249.73556242766364
18177,IN,Ages 35-64 years,2030,306.79920873647916,289.4718175173375,321.4936173777172
18179,IN,Ages 35-64 years,2030,145.35349207853147,141.61172822284246,148.9987176728236
18181,IN,Ages 35-64 years,2030,167.2239176844209,159.37462264792327,174.84087940533786
18183,IN,Ages 35-64 years,2030,142.91455061470128,136.59794851558078,150.00863475406643
19001,IA,Ages 35-64 years,2030,157.596732535876,151.10379111530372,164.8112309212927
19003,IA,Ages 35-64 years,2030,170.23607107376782,164.09036674237404,176.03860487010587
19005,IA,Ages 35-64 years,2030,137.71930847206437,134.1919612867623,141.41157016677838
19007,IA,Ages 35-64 years,2030,206.11147631300153,200.30257874758004,212.51327417204973
19009,IA,Ages 35-64 years,2030,134.0733941239266,130.52183382743286,137.8346701831281
19011,IA,Ages 35-64 years,2030,121.28829498641717,116.48514881900725,126.51427848546078
19013,IA,Ages 35-64 years,2030,214.39676139544898,202.429296845672,226.16302320565413
19015,IA,Ages 35-64 years,2030,126.10063302261167,119.87111619921025,131.08596418744813
19017,IA,Ages 35-64 years,2030,133.86498283288861,130.17910472472454,137.74181713631228
19019,IA,Ages 35-64 years,2030,151.37104504687173,144.6660647328744,157.62123196654304
19021,IA,Ages 35-64 years,2030,109.49863493283416,104.78166632710025,114.30793215619791
19023,IA,Ages 35-64 years,2030,188.66505020213597,180.7140868384468,196.37446809842874
19025,IA,Ages 35-64 years,2030,161.9973276291669,155.21110996073367,169.23018752159592
19027,IA,Ages 35-64 years,2030,150.72478495202716,145.0228026788753,156.96367527549202
19029,IA,Ages 35-64 years,2030,202.5376979707526,192.12517645220456,212.64380077021562
19031,IA,Ages 35-64 years,2030,85.17778996416354,82.04071217234906,88.67856835432538
19033,IA,Ages 35-64 years,2030,238.1902837832285,226.06608824159278,250.59216285346946
19035,IA,Ages 35-64 years,2030,156.24363307079022,150.17573267489573,162.66757366451947
19037,IA,Ages 35-64 years,2030,183.392159383273,173.29795068069288,192.8588910781747
19039,IA,Ages 35-64 years,2030,202.5339096354941,192.69837194202384,212.6194292023191
19041,IA,Ages 35-64 years,2030,148.84677166653472,142.71570053493275,154.87538996497187
19043,IA,Ages 35-64 years,2030,96.92555124973545,94.3356173410264,99.57814530815138
19045,IA,Ages 35-64 years,2030,132.84744101005987,128.52614040743322,137.25140336226315
19047,IA,Ages 35-64 years,2030,147.3956060985601,140.38723708036642,154.46349796359132
19049,IA,Ages 35-64 years,2030,93.05384129885702,88.5180535161047,97.60266541029317
19051,IA,Ages 35-64 years,2030,131.3699382315591,127.31841655216476,135.2644484450768
19053,IA,Ages 35-64 years,2030,173.12385467937213,168.40331089284624,177.87915766815513
19055,IA,Ages 35-64 years,2030,99.24615980067902,95.89890779236954,102.40957133687968
19057,IA,Ages 35-64 years,2030,174.77930441626154,168.15914000020263,181.82827226019813
19059,IA,Ages 35-64 years,2030,132.1236571285471,125.6320095469394,138.7929708155255
19061,IA,Ages 35-64 years,2030,126.37495370584624,121.50856850934287,131.01370266246607
19063,IA,Ages 35-64 years,2030,158.94222874573563,152.2666625583145,166.2184674007551
19065,IA,Ages 35-64 years,2030,189.29402463645096,179.25767597059658,197.9827501204026
19067,IA,Ages 35-64 years,2030,188.4058737138296,181.82049518814296,195.26340645771145
19069,IA,Ages 35-64 years,2030,182.97252647062447,174.08465362528958,191.45953483077062
19071,IA,Ages 35-64 years,2030,153.7053642837979,146.74013000099816,160.3112737979694
19073,IA,Ages 35-64 years,2030,167.50766362887217,158.76438909549495,175.80674063335042
19075,IA,Ages 35-64 years,2030,143.92063467646815,137.47826338041233,149.88940780179695
19077,IA,Ages 35-64 years,2030,125.82357648906566,121.53845245217195,130.5356154453717
19079,IA,Ages 35-64 years,2030,134.05399276067104,128.56566609262197,139.80382627049354
19081,IA,Ages 35-64 years,2030,123.57202686759754,117.97787517721231,128.9807504389889
19083,IA,Ages 35-64 years,2030,173.46996354111621,165.23743436863464,181.1226129283408
19085,IA,Ages 35-64 years,2030,147.7256586493891,141.08754238779153,154.45356760187977
19087,IA,Ages 35-64 years,2030,147.9799351540986,142.70113759572678,153.57146700968048
19089,IA,Ages 35-64 years,2030,188.7898079921511,179.31476261540922,197.136091243082
19091,IA,Ages 35-64 years,2030,130.0793374001367,125.36197099328355,134.2205558802645
19093,IA,Ages 35-64 years,2030,131.71856757631403,125.59166956041398,138.03021260782702
19095,IA,Ages 35-64 years,2030,124.20190325273944,119.67665538593414,128.79636228853428
19097,IA,Ages 35-64 years,2030,165.41247272798418,157.6006292123283,173.3937559248775
19099,IA,Ages 35-64 years,2030,116.12529556956935,112.87475461354407,119.6120505763126
19101,IA,Ages 35-64 years,2030,139.1365811304445,134.62861117168555,143.7769733591335
19103,IA,Ages 35-64 years,2030,111.60424407789222,107.22999643055309,115.78475019679202
19105,IA,Ages 35-64 years,2030,121.61493642221642,114.42477333502296,128.67271663081775
19107,IA,Ages 35-64 years,2030,119.64037542384102,115.68189031224598,123.67288256671128
19109,IA,Ages 35-64 years,2030,131.93951022018535,125.85453822093105,137.53334130955434
19111,IA,Ages 35-64 years,2030,232.79100382304864,223.51605242531915,241.71427235866088
19113,IA,Ages 35-64 years,2030,145.70675839437985,139.1486347298751,153.14061225452937
19115,IA,Ages 35-64 years,2030,116.95309101987958,113.42438376894918,120.84654513545252
19117,IA,Ages 35-64 years,2030,177.7250187361278,169.67846989880417,186.00177391562295
19119,IA,Ages 35-64 years,2030,104.04141506280861,99.07377158247206,108.52992785023105
19121,IA,Ages 35-64 years,2030,90.5008365092774,88.01379939349484,92.73606261459868
19123,IA,Ages 35-64 years,2030,167.64119697480234,163.03616828784703,172.83911953575432
19125,IA,Ages 35-64 years,2030,125.77619210301985,118.9926572939175,131.98740470388395
19127,IA,Ages 35-64 years,2030,235.01782353390453,223.249002344815,247.80492847285362
19129,IA,Ages 35-64 years,2030,142.159761089569,134.7901898976175,148.949768842218
19131,IA,Ages 35-64 years,2030,165.1275178564594,155.43326623477324,175.1987932986586
19133,IA,Ages 35-64 years,2030,244.4806968989178,236.4955959677757,251.75787308307076
19135,IA,Ages 35-64 years,2030,183.0616584822451,177.5111576967445,189.29993049689992
19137,IA,Ages 35-64 years,2030,222.15335939735468,212.52791777884264,231.83043557555064
19139,IA,Ages 35-64 years,2030,114.61817181683607,110.2963997198193,119.08440695248402
19141,IA,Ages 35-64 years,2030,122.83307830587034,117.85754803242297,127.81630786568526
19143,IA,Ages 35-64 years,2030,143.73319816839685,136.16788449253912,152.07636506320515
19145,IA,Ages 35-64 years,2030,154.5189881508436,147.978918370104,160.82503802542897
19147,IA,Ages 35-64 years,2030,127.00517540344079,122.30547402892294,132.09099000981604
19149,IA,Ages 35-64 years,2030,63.02702181265157,59.845470905468034,66.49254613667587
19151,IA,Ages 35-64 years,2030,184.95252157623904,178.66254511751808,190.81874304887313
19153,IA,Ages 35-64 years,2030,128.4693125029388,123.56052329927662,133.57754997713218
19155,IA,Ages 35-64 years,2030,198.98695818817524,190.05357510665192,207.84052546548338
19157,IA,Ages 35-64 years,2030,125.91697254952021,122.23139319624153,129.54204234661498
19159,IA,Ages 35-64 years,2030,138.0900221777552,132.58046721982703,143.66868437193148
19161,IA,Ages 35-64 years,2030,196.25562633245409,186.9040126561565,205.67356584736996
19163,IA,Ages 35-64 years,2030,133.53434512035162,127.63367455881554,139.15715225246467
19165,IA,Ages 35-64 years,2030,198.97402114766714,190.58361658827403,207.4149807992487
19167,IA,Ages 35-64 years,2030,72.52631020348745,69.79775044969077,75.70537673913597
19169,IA,Ages 35-64 years,2030,99.96183185359801,96.31396442332156,103.37389671515274
19171,IA,Ages 35-64 years,2030,155.43162838186936,150.73942268630904,159.95108733001996
19173,IA,Ages 35-64 years,2030,172.02245503072956,164.37278394959662,178.90547959431214
19175,IA,Ages 35-64 years,2030,164.88954746515813,160.886486680665,169.1966814624347
19177,IA,Ages 35-64 years,2030,194.97933617708622,187.3841998997853,201.97821060115325
19179,IA,Ages 35-64 years,2030,227.14163765628825,219.5176094586882,235.23696455079318
19181,IA,Ages 35-64 years,2030,108.10438671683143,103.60581662053474,112.53360180766416
19183,IA,Ages 35-64 years,2030,117.5204874085738,113.89880594507814,121.0346468090364
19185,IA,Ages 35-64 years,2030,198.85106297629048,191.12393005382222,206.17906671610464
19187,IA,Ages 35-64 years,2030,212.12424715122592,202.612809627961,222.44039185740132
19189,IA,Ages 35-64 years,2030,190.47039947737989,184.71728278204026,196.64362873933183
19191,IA,Ages 35-64 years,2030,98.04043241430807,94.89254045565342,101.03854002393406
19193,IA,Ages 35-64 years,2030,158.26643530833613,153.46283614806674,162.85264431031857
19195,IA,Ages 35-64 years,2030,161.54858762751445,156.36736126170302,167.13754230697694
19197,IA,Ages 35-64 years,2030,178.51416917497815,169.99316678622247,186.8298824093822
20001,KS,Ages 35-64 years,2030,236.15843981080585,223.87461308302142,249.60405657040775
20003,KS,Ages 35-64 years,2030,163.29561516405712,157.55727674342617,168.64607729429906
20005,KS,Ages 35-64 years,2030,154.2869998620739,150.20725813871866,158.55488760056718
20007,KS,Ages 35-64 years,2030,221.66942160573979,212.93727043252503,230.89687332080646
20009,KS,Ages 35-64 years,2030,177.9608152188861,169.0106344835216,186.44352163571256
20011,KS,Ages 35-64 years,2030,210.57174263050774,203.60539897517336,217.4282415168107
20013,KS,Ages 35-64 years,2030,217.490555201826,209.64561355328343,225.84745029046616
20015,KS,Ages 35-64 years,2030,126.79662474633697,122.23455474069522,131.27976951078227
20017,KS,Ages 35-64 years,2030,165.83550506395702,158.58068325409477,172.6066186345099
20019,KS,Ages 35-64 years,2030,252.89506047654595,242.61375533345478,263.1278792256165
20021,KS,Ages 35-64 years,2030,311.90780181644976,299.2504931648823,323.61300778555193
20023,KS,Ages 35-64 years,2030,165.83550506395702,158.16157396943106,172.47292450241127
20025,KS,Ages 35-64 years,2030,165.83550506395702,158.84336896883138,172.6050117244321
20027,KS,Ages 35-64 years,2030,125.44889718247254,120.28609530946412,130.1946796854578
20029,KS,Ages 35-64 years,2030,165.00284717438709,157.8040060050304,173.2468370042514
20031,KS,Ages 35-64 years,2030,170.00949440651175,161.92996856620934,177.1958654520972
20033,KS,Ages 35-64 years,2030,165.83550506395702,158.9349077168504,172.67167975471276
20035,KS,Ages 35-64 years,2030,179.3650761490977,173.8003259649452,185.18059570751626
20037,KS,Ages 35-64 years,2030,214.95409991789867,206.30423823314453,223.08606173046508
20039,KS,Ages 35-64 years,2030,165.83550506395702,158.60983178593526,172.9817526653751
20041,KS,Ages 35-64 years,2030,161.11039037686973,154.3805342439932,167.53827571068447
20043,KS,Ages 35-64 years,2030,143.15645537001183,137.0332165805479,148.93637439614216
20045,KS,Ages 35-64 years,2030,119.12642206013072,114.37629808639902,123.57073630391403
20047,KS,Ages 35-64 years,2030,198.65345993329504,193.29711346493835,203.77239913664627
20049,KS,Ages 35-64 years,2030,165.83550506395702,158.7881289645635,173.05712289235387
20051,KS,Ages 35-64 years,2030,119.09069029485681,115.62918748489858,122.57201108128473
20053,KS,Ages 35-64 years,2030,157.20934606730177,151.31307131882537,162.96505870816154
20055,KS,Ages 35-64 years,2030,110.36730297682823,104.73346370069464,115.72432030075457
20057,KS,Ages 35-64 years,2030,139.68058698370135,132.219763639226,147.6691609711894
20059,KS,Ages 35-64 years,2030,158.22370579309964,152.09104324861644,164.59722483782258
20061,KS,Ages 35-64 years,2030,286.0388937950925,273.7923652709012,299.62072107578945
20063,KS,Ages 35-64 years,2030,165.83550506395702,159.15164548434873,172.89403487958091
20065,KS,Ages 35-64 years,2030,165.83550506395702,158.25429752810035,172.10600365207787
20067,KS,Ages 35-64 years,2030,144.00303221332788,137.16251520507782,150.6980955781862
20069,KS,Ages 35-64 years,2030,106.5917513874458,99.41620305344514,113.86272144240124
20071,KS,Ages 35-64 years,2030,165.83550506395702,158.4535429903573,173.3251395053278
20073,KS,Ages 35-64 years,2030,164.48184273720454,159.02221686716712,170.12923854566282
20075,KS,Ages 35-64 years,2030,165.83550506395702,158.58285064713615,173.07512331592193
20077,KS,Ages 35-64 years,2030,209.28603047373716,199.76193721197237,218.85500935705255
20079,KS,Ages 35-64 years,2030,118.52890057137768,115.3243088540986,121.5273957314239
20081,KS,Ages 35-64 years,2030,100.09366549782149,97.19762270879247,103.10631577395479
20083,KS,Ages 35-64 years,2030,165.83550506395702,158.18274854447233,172.8697175968914
20085,KS,Ages 35-64 years,2030,160.96752734478355,153.9186833299304,167.4977921990067
20087,KS,Ages 35-64 years,2030,182.82062552020125,174.23528766148237,191.4848346524982
20089,KS,Ages 35-64 years,2030,165.83550506395702,158.4393063840015,172.6017049100415
20091,KS,Ages 35-64 years,2030,60.57115002784616,58.51255437873034,62.62012301878898
20093,KS,Ages 35-64 years,2030,112.95314636838543,108.56160507297807,117.87707069385621
20095,KS,Ages 35-64 years,2030,289.23541465659406,281.94022113377565,296.3859456503795
20097,KS,Ages 35-64 years,2030,165.83550506395702,158.92209394039358,173.04144902672914
20099,KS,Ages 35-64 years,2030,256.836103438326,245.43121370601742,267.71205676273223
20101,KS,Ages 35-64 years,2030,165.83550506395702,158.37690550270938,172.72798886764787
20103,KS,Ages 35-64 years,2030,129.87944436505177,126.4724189321345,133.42933817227635
20105,KS,Ages 35-64 years,2030,142.00584252706224,136.88975711541525,146.48477431084802
20107,KS,Ages 35-64 years,2030,214.71157536118517,204.20256915892568,224.2324073403619
20109,KS,Ages 35-64 years,2030,165.83550506395702,158.98155467967123,172.9932466658025
20111,KS,Ages 35-64 years,2030,165.75113994975678,159.57822082942965,171.37602137028776
20113,KS,Ages 35-64 years,2030,106.47640046290857,101.69655882194361,111.03912643518663
20115,KS,Ages 35-64 years,2030,144.53501655681137,138.83224901109782,150.01483173670002
20117,KS,Ages 35-64 years,2030,117.71512430563162,112.93006549572976,122.09839285165073
20119,KS,Ages 35-64 years,2030,118.42084267612977,113.21697733572395,123.12885117290064
20121,KS,Ages 35-64 years,2030,140.85063932377548,135.5848045545771,146.50034232654764
20123,KS,Ages 35-64 years,2030,150.9001717422006,146.57186332848624,155.08127464560286
20125,KS,Ages 35-64 years,2030,265.20201787547893,255.4117677660461,274.816204377447
20127,KS,Ages 35-64 years,2030,161.0596905365046,155.22520539808292,166.66461443079933
20129,KS,Ages 35-64 years,2030,165.83550506395702,158.9147298928522,172.79317018720928
20131,KS,Ages 35-64 years,2030,102.01461662207011,97.97501681375081,106.04166188599548
20133,KS,Ages 35-64 years,2030,202.42441807967245,193.38024183676131,210.87853998432485
20135,KS,Ages 35-64 years,2030,165.83550506395702,158.63298317156355,172.8853206690319
20137,KS,Ages 35-64 years,2030,145.99066071243325,137.8358531591385,153.97834439050743
20139,KS,Ages 35-64 years,2030,164.78439054026012,157.87870952432272,172.29184090699556
20141,KS,Ages 35-64 years,2030,156.62327903983677,150.10003076984435,162.61985925382572
20143,KS,Ages 35-64 years,2030,153.8244240227771,149.74285578655346,157.76587436265592
20145,KS,Ages 35-64 years,2030,185.237454047734,177.22675397183983,193.37486607362246
20147,KS,Ages 35-64 years,2030,125.21572811167964,119.42388860739791,131.0893420845079
20149,KS,Ages 35-64 years,2030,127.24691500669938,121.9799633214409,132.66154730859208
20151,KS,Ages 35-64 years,2030,202.66514258437388,193.97590206888037,212.3854454716618
20153,KS,Ages 35-64 years,2030,165.83550506395702,159.2863579631619,173.01257140029878
20155,KS,Ages 35-64 years,2030,181.53400829554994,173.2999417032548,189.9470677541636
20157,KS,Ages 35-64 years,2030,157.96557467049533,153.36519337302028,162.97320394871653
20159,KS,Ages 35-64 years,2030,164.36731471436786,156.8519260621393,171.79305112252646
20161,KS,Ages 35-64 years,2030,107.8843976255725,104.16721944280953,110.97710816449707
20163,KS,Ages 35-64 years,2030,130.04216846828007,125.03703681873384,135.25204133727053
20165,KS,Ages 35-64 years,2030,199.1875941957386,194.33845126171184,204.17259651785713
20167,KS,Ages 35-64 years,2030,190.15470209179645,182.11705266390123,198.3168650798639
20169,KS,Ages 35-64 years,2030,123.89957956192025,119.1497557294149,128.6405575962296
20171,KS,Ages 35-64 years,2030,112.3988137542593,106.35284249966529,118.52192657600217
20173,KS,Ages 35-64 years,2030,156.5229586075241,151.49716776142625,161.27314381490916
20175,KS,Ages 35-64 years,2030,136.59332017435554,129.6615384832765,143.37872245448247
20177,KS,Ages 35-64 years,2030,189.77911660675076,181.43662645831205,198.26076652029946
20179,KS,Ages 35-64 years,2030,165.83550506395702,158.73675542562228,172.66501331966202
20181,KS,Ages 35-64 years,2030,156.7180727798848,150.08484262594317,163.35461979316293
20183,KS,Ages 35-64 years,2030,121.19922979599913,116.61944153968354,125.99632554148492
20185,KS,Ages 35-64 years,2030,176.71974348226777,167.68604342089014,185.18516375594808
20187,KS,Ages 35-64 years,2030,165.83550506395702,158.5739219532376,173.30647951842684
20189,KS,Ages 35-64 years,2030,103.08197732810757,99.36948383986996,106.91606219164505
20191,KS,Ages 35-64 years,2030,162.0528238478868,155.29815540917238,167.97374958081897
20193,KS,Ages 35-64 years,2030,118.82623733051635,113.48963848392881,124.22344254813474
20195,KS,Ages 35-64 years,2030,160.2946154869775,153.3123111967208,167.1756829787708
20197,KS,Ages 35-64 years,2030,143.3193384021351,136.49169614203257,149.94737422373265
20199,KS,Ages 35-64 years,2030,165.83550506395702,159.07912707207632,173.23276548816776
20201,KS,Ages 35-64 years,2030,110.85091233668922,107.10377209902973,114.37374013442951
20203,KS,Ages 35-64 years,2030,165.83550506395702,158.23904973613742,172.79248368601543
20205,KS,Ages 35-64 years,2030,197.46606293085776,190.14118025173192,204.81689727753502
20207,KS,Ages 35-64 years,2030,206.10903690606236,197.1834523114153,214.4467532352658
20209,KS,Ages 35-64 years,2030,200.92579673011645,195.97896581328607,205.31517893867675
21001,KY,Ages 35-64 years,2030,256.5321965753801,244.57545536718672,267.7122764121667
21003,KY,Ages 35-64 years,2030,188.54339101437023,178.15710073215197,197.91213234285493
21005,KY,Ages 35-64 years,2030,174.53664267811845,170.00280831972663,179.09477560838323
21007,KY,Ages 35-64 years,2030,263.32305260055955,251.86230624595362,274.406448356142
21009,KY,Ages 35-64 years,2030,227.93455530955833,217.9223114412656,236.54206322038564
21011,KY,Ages 35-64 years,2030,312.079782398974,299.8734880585219,323.81042030966626
21013,KY,Ages 35-64 years,2030,390.3126175897658,376.47638116706213,404.7911834227498
21015,KY,Ages 35-64 years,2030,118.47015605530736,112.36089871841753,124.24447470132317
21017,KY,Ages 35-64 years,2030,239.74565916742728,227.42522170548136,250.1840379014817
21019,KY,Ages 35-64 years,2030,318.55063212696655,309.0270217158561,327.9736682411296
21021,KY,Ages 35-64 years,2030,222.83349463076317,213.45966509314675,231.7720918664414
21023,KY,Ages 35-64 years,2030,281.09646189637675,264.5891964609294,295.0372893026093
21025,KY,Ages 35-64 years,2030,619.3914204643322,589.6429871312961,646.3791274218864
21027,KY,Ages 35-64 years,2030,201.01699350324392,193.95662720551354,207.63010301904367
21029,KY,Ages 35-64 years,2030,142.48662265409322,137.37100117151542,147.56221737398053
21031,KY,Ages 35-64 years,2030,224.8990421169945,218.83699752831635,231.75012508448114
21033,KY,Ages 35-64 years,2030,293.3688108167225,286.26301076475045,300.45554799262624
21035,KY,Ages 35-64 years,2030,227.08501060634373,217.3228200999008,237.56693844962638
21037,KY,Ages 35-64 years,2030,142.56456403463508,133.6058605629576,150.36838114000113
21039,KY,Ages 35-64 years,2030,211.87847627068643,202.27734696818013,221.54285148036342
21041,KY,Ages 35-64 years,2030,247.1614449659572,240.7287412527958,253.44064115232277
21043,KY,Ages 35-64 years,2030,242.228957879486,234.98433071035896,249.20984493761324
21045,KY,Ages 35-64 years,2030,237.27194962603312,225.66572530937432,247.37311157678693
21047,KY,Ages 35-64 years,2030,308.8244992325664,300.81532833075465,317.1302776699141
21049,KY,Ages 35-64 years,2030,271.8120858827226,262.2894923189877,282.4220869740285
21051,KY,Ages 35-64 years,2030,397.9810992391393,381.8476095588755,414.08245933268086
21053,KY,Ages 35-64 years,2030,223.0523041681471,213.2803241845787,233.87258917167733
21055,KY,Ages 35-64 years,2030,351.38892733903396,333.32970095899003,372.9173723824156
21057,KY,Ages 35-64 years,2030,247.43917182873363,237.4838014691174,257.3094589188389
21059,KY,Ages 35-64 years,2030,243.10360986747048,235.60132982583593,251.3492902031993
21061,KY,Ages 35-64 years,2030,179.19996674809508,173.97024216885796,183.89707398303602
21063,KY,Ages 35-64 years,2030,188.86831431738318,184.42571011221008,193.51078089228324
21065,KY,Ages 35-64 years,2030,373.1279275959399,357.9943277280258,388.04743856490626
21067,KY,Ages 35-64 years,2030,146.11989150545975,141.81298356271392,150.38252458666142
21069,KY,Ages 35-64 years,2030,257.10956074464025,247.14976392754625,267.6879511505254
21071,KY,Ages 35-64 years,2030,456.20666662330535,441.0451571930656,470.1082152889133
21073,KY,Ages 35-64 years,2030,237.63127710932272,229.70769692254137,244.99567058804575
21075,KY,Ages 35-64 years,2030,442.4652130658555,428.9797601621524,455.01576885496326
21077,KY,Ages 35-64 years,2030,210.41816406582552,204.08184615311296,216.73605210222803
21079,KY,Ages 35-64 years,2030,157.88839385194876,151.55355129417333,164.66283246602208
21081,KY,Ages 35-64 years,2030,242.5916788495384,232.59337739916265,251.22553972905453
21083,KY,Ages 35-64 years,2030,231.18045155122763,221.58908693470167,241.19132045982164
21085,KY,Ages 35-64 years,2030,204.64614409252098,197.64791731883784,210.74693654645
21087,KY,Ages 35-64 years,2030,235.2876927685263,226.0315097250328,245.15168535729077
21089,KY,Ages 35-64 years,2030,218.1246931641614,211.94559095707257,224.24916089147038
21091,KY,Ages 35-64 years,2030,231.23224713972286,224.44017181405357,237.77621463722502
21093,KY,Ages 35-64 years,2030,144.58885593322262,139.1109869767436,150.0200515865971
21095,KY,Ages 35-64 years,2030,444.00674332027614,433.56959670436714,454.5800084430313
21097,KY,Ages 35-64 years,2030,329.3098166327033,313.8155383278641,344.4797214493781
21099,KY,Ages 35-64 years,2030,231.0512523062448,224.53522789130895,237.49342310325943
21101,KY,Ages 35-64 years,2030,222.8644409887371,216.2107412309212,229.42066660082787
21103,KY,Ages 35-64 years,2030,150.7144204522859,146.24375726998613,155.04922691509668
21105,KY,Ages 35-64 years,2030,273.6859549514226,261.16826436228246,285.8791673266094
21107,KY,Ages 35-64 years,2030,323.91173006965926,314.31254112710405,333.58951627196444
21109,KY,Ages 35-64 years,2030,395.439979567095,381.3755178498313,408.98807543481144
21111,KY,Ages 35-64 years,2030,209.81961430359075,202.29206736500927,217.52960537648772
21113,KY,Ages 35-64 years,2030,145.62402211045423,138.43631142338282,153.04148084029816
21115,KY,Ages 35-64 years,2030,384.53587057743266,365.03834416309064,404.36262748604406
21117,KY,Ages 35-64 years,2030,107.87232618751167,104.3497474959636,111.39418386522517
21119,KY,Ages 35-64 years,2030,364.9890629750588,347.56428835876073,380.33236162841774
21121,KY,Ages 35-64 years,2030,278.2426418600968,268.4341851684527,287.152635547914
21123,KY,Ages 35-64 years,2030,221.89194638548668,213.4510988183224,229.69351625290898
21125,KY,Ages 35-64 years,2030,308.6500103730231,297.1919914680767,322.14491293959367
21127,KY,Ages 35-64 years,2030,310.122497673589,300.3875600246781,320.7091749195926
21129,KY,Ages 35-64 years,2030,338.26696231272814,321.2556454395702,354.60613391730396
21131,KY,Ages 35-64 years,2030,378.3315611901846,361.05804641196846,397.37774327486494
21133,KY,Ages 35-64 years,2030,323.1182691539316,304.79056528119884,340.74778581145745
21135,KY,Ages 35-64 years,2030,255.261580056274,248.51705766288023,262.77704209287555
21137,KY,Ages 35-64 years,2030,220.65265509508464,211.93585655482178,229.14747323556955
21139,KY,Ages 35-64 years,2030,239.72891193338953,231.40236354424016,247.7348467871762
21141,KY,Ages 35-64 years,2030,197.26509452476182,190.6605215235297,203.1963204540825
21143,KY,Ages 35-64 years,2030,246.59600852392975,237.62766525173424,256.8316706258122
21145,KY,Ages 35-64 years,2030,191.84779049496984,181.16929079204775,202.04165248144346
21147,KY,Ages 35-64 years,2030,374.94217166143613,358.2457437271585,390.3383123018892
21149,KY,Ages 35-64 years,2030,224.61336695010883,217.55799859233693,230.71948165623775
21151,KY,Ages 35-64 years,2030,209.95696182783408,201.9661344506649,217.39635577088947
21153,KY,Ages 35-64 years,2030,348.27060495298,338.94117372102716,358.0993259601512
21155,KY,Ages 35-64 years,2030,189.29392853808335,180.70193324234978,198.12728000633095
21157,KY,Ages 35-64 years,2030,226.4156381716048,217.0983784919011,235.98452665082857
21159,KY,Ages 35-64 years,2030,353.1470619738271,343.01151718743165,363.13767517764546
21161,KY,Ages 35-64 years,2030,306.93167944920873,292.1530319303585,321.5731594283865
21163,KY,Ages 35-64 years,2030,198.64485214287032,192.77195158980794,204.29133106859888
21165,KY,Ages 35-64 years,2030,243.45775792002223,236.73253242703157,249.85041949266204
21167,KY,Ages 35-64 years,2030,187.32628767729952,180.54567469625903,194.3899245721513
21169,KY,Ages 35-64 years,2030,301.77213176438744,286.5053510932346,317.94810008290824
21171,KY,Ages 35-64 years,2030,284.98572692601846,270.22387831226257,298.5711370093348
21173,KY,Ages 35-64 years,2030,337.4876510807629,320.4676114193777,356.1016625393871
21175,KY,Ages 35-64 years,2030,234.86066502583674,225.6498107986264,243.821738597542
21177,KY,Ages 35-64 years,2030,323.87178628801934,315.391595514668,333.515943706439
21179,KY,Ages 35-64 years,2030,156.88857441247146,152.23361474484713,161.30869640417794
21181,KY,Ages 35-64 years,2030,296.818281623139,285.0788063361117,308.16815298359495
21183,KY,Ages 35-64 years,2030,299.3892383753945,290.71190161085167,307.6347346307055
21185,KY,Ages 35-64 years,2030,95.04287030276394,91.62955057939708,98.44761556439443
21187,KY,Ages 35-64 years,2030,202.86096651699728,193.2378364137587,213.55278416534415
21189,KY,Ages 35-64 years,2030,403.81267653640555,390.11928885827336,416.5351448438874
21191,KY,Ages 35-64 years,2030,249.96303082380365,238.10519635819472,262.4662783983542
21193,KY,Ages 35-64 years,2030,559.6745860640987,545.2995458299432,575.6654163681451
21195,KY,Ages 35-64 years,2030,281.610023691251,274.02788439050516,290.01067419706965
21197,KY,Ages 35-64 years,2030,485.8362959810329,466.2657323799547,505.25498866638213
21199,KY,Ages 35-64 years,2030,235.1109692470512,229.54084741756216,240.1657516743007
21201,KY,Ages 35-64 years,2030,273.5782552228351,262.1461475581341,285.20960593241915
21203,KY,Ages 35-64 years,2030,241.21962062908503,231.77672079987798,249.86444038611035
21205,KY,Ages 35-64 years,2030,220.73610760640395,213.36426099470626,227.8032686119865
21207,KY,Ages 35-64 years,2030,287.4707655372522,277.64318504710917,297.04161546602296
21209,KY,Ages 35-64 years,2030,230.02817382803073,223.12171459099167,237.56290875291157
21211,KY,Ages 35-64 years,2030,100.38802370915771,95.93846512115516,104.9674282007459
21213,KY,Ages 35-64 years,2030,274.59721074468575,258.8680558119079,289.77027549820207
21215,KY,Ages 35-64 years,2030,109.64009084403344,105.53782656417029,113.67058271455139
21217,KY,Ages 35-64 years,2030,243.9902533554391,232.8265466885943,255.60626518181752
21219,KY,Ages 35-64 years,2030,242.8778360304437,233.79573175709896,250.97529930868902
21221,KY,Ages 35-64 years,2030,275.5941280993865,259.4373344283428,291.44447177470227
21223,KY,Ages 35-64 years,2030,214.64808169053333,208.2751098389939,221.55360024119034
21225,KY,Ages 35-64 years,2030,187.06107152316204,181.77543419878512,191.83022511239508
21227,KY,Ages 35-64 years,2030,183.87490152193396,174.2797861979772,193.48502961298288
21229,KY,Ages 35-64 years,2030,152.295334521248,148.6342990266901,156.65389880846615
21231,KY,Ages 35-64 years,2030,218.55151489466016,210.3310030704174,226.91559951554902
21233,KY,Ages 35-64 years,2030,270.8829946273367,262.6331500592306,279.3491626692671
21235,KY,Ages 35-64 years,2030,453.14587407183257,434.8780032883439,469.5473959901314
21237,KY,Ages 35-64 years,2030,486.43464385886324,470.5292647351911,502.1691866466705
21239,KY,Ages 35-64 years,2030,177.90700978410536,169.5301226875179,186.3213254524727
22001,LA,Ages 35-64 years,2030,275.95014251432303,266.91532717255217,284.9410951761746
22003,LA,Ages 35-64 years,2030,226.28171816837212,220.06426670034156,232.15497760551295
22005,LA,Ages 35-64 years,2030,134.85998793083687,129.16901910236697,140.978728373733
22007,LA,Ages 35-64 years,2030,276.6343953319837,263.9134030027322,290.30732028062386
22009,LA,Ages 35-64 years,2030,295.4640894755258,288.13807960695743,302.99331150108685
22011,LA,Ages 35-64 years,2030,265.7090569750856,254.03454921446675,276.58323085196986
22013,LA,Ages 35-64 years,2030,313.27116189363124,301.6246120105929,326.01526617290114
22015,LA,Ages 35-64 years,2030,210.1011009567732,203.18395248583204,217.10468176156172
22017,LA,Ages 35-64 years,2030,212.9384806986994,207.2639151751916,218.47448464891175
22019,LA,Ages 35-64 years,2030,273.5870986997859,263.35713588192954,284.22625152270325
22021,LA,Ages 35-64 years,2030,383.08939977328265,371.33539350652796,395.8352146934857
22023,LA,Ages 35-64 years,2030,201.26393944402412,193.82006541505234,208.8650217530931
22025,LA,Ages 35-64 years,2030,349.14056617337985,339.11604124918955,358.8354479726988
22027,LA,Ages 35-64 years,2030,273.26093785263475,260.22194384992724,287.4160994788194
22029,LA,Ages 35-64 years,2030,352.37151684866734,337.32657603806064,367.89604606714516
22031,LA,Ages 35-64 years,2030,294.445352135125,281.11433815620177,307.419999117652
22033,LA,Ages 35-64 years,2030,267.0459845591194,258.1262904146056,274.6559615400953
22035,LA,Ages 35-64 years,2030,339.81226640652704,321.8597061334111,357.6354197282259
22037,LA,Ages 35-64 years,2030,284.3258687203761,273.2582756889545,296.5016322735946
22039,LA,Ages 35-64 years,2030,330.11608189187496,320.06631329653857,340.3458266428746
22041,LA,Ages 35-64 years,2030,406.1165435807237,384.3666602206168,429.2421615018922
22043,LA,Ages 35-64 years,2030,215.15869343360097,208.13613462607202,221.97066004153783
22045,LA,Ages 35-64 years,2030,289.52247172146787,282.90864347645015,296.3375693898183
22047,LA,Ages 35-64 years,2030,259.7665961778437,245.51477725320186,273.7382041064931
22049,LA,Ages 35-64 years,2030,269.48749253986136,261.306781661082,277.2383736672721
22051,LA,Ages 35-64 years,2030,152.91222958023428,148.7685695837179,157.1929426062887
22053,LA,Ages 35-64 years,2030,253.75817946302882,241.78946093608292,265.52487996163256
22055,LA,Ages 35-64 years,2030,150.14691297139703,145.27090491133592,155.1055698070642
22057,LA,Ages 35-64 years,2030,168.0714135138074,161.5656153199387,174.29684531611218
22059,LA,Ages 35-64 years,2030,185.41881644781097,179.43203679910144,191.04765161377387
22061,LA,Ages 35-64 years,2030,163.09763141729366,157.84086516408226,169.07077606586395
22063,LA,Ages 35-64 years,2030,160.3121992577406,151.4512503005755,169.20952312034686
22065,LA,Ages 35-64 years,2030,385.08437987880137,366.9244158960553,402.95355556297227
22067,LA,Ages 35-64 years,2030,397.98000068593836,386.44321667073075,409.4340027654945
22069,LA,Ages 35-64 years,2030,302.321247066416,287.08888269319147,315.58201066917434
22071,LA,Ages 35-64 years,2030,173.44056906679407,170.6900436225066,176.44781233804056
22073,LA,Ages 35-64 years,2030,229.63669563435735,217.81202483259312,242.11290867113956
22075,LA,Ages 35-64 years,2030,145.0593475269544,138.43072032614276,151.87044448801694
22077,LA,Ages 35-64 years,2030,272.0640850126601,259.99924830617323,284.87265460433747
22079,LA,Ages 35-64 years,2030,365.39285830814845,355.17166550041844,375.73784373169684
22081,LA,Ages 35-64 years,2030,301.6657792548152,291.158127805426,311.5480296624667
22083,LA,Ages 35-64 years,2030,334.8154256221922,325.9544880531388,344.0335527001219
22085,LA,Ages 35-64 years,2030,212.38883268446955,205.57870913033904,219.0883791264835
22087,LA,Ages 35-64 years,2030,171.18743296399524,162.33149084263852,178.5706646038864
22089,LA,Ages 35-64 years,2030,144.26319321080558,134.98981444392632,152.46212912315139
22091,LA,Ages 35-64 years,2030,285.5494328708826,271.22973412654443,300.2590586625672
22093,LA,Ages 35-64 years,2030,250.19474439714588,240.5897227248997,260.07797115179113
22095,LA,Ages 35-64 years,2030,260.819965892451,248.48109963917074,273.3633558684679
22097,LA,Ages 35-64 years,2030,329.99114365292803,319.58929964909873,342.183118052706
22099,LA,Ages 35-64 years,2030,332.3847220674825,317.01594230897337,346.7707036000338
22101,LA,Ages 35-64 years,2030,284.07588719831523,271.3297621301818,297.20965791484394
22103,LA,Ages 35-64 years,2030,106.40296003809006,102.57710092407746,110.20217170473232
22105,LA,Ages 35-64 years,2030,219.6244933382299,209.5804433776698,229.13514936824043
22107,LA,Ages 35-64 years,2030,490.04438921692156,468.03914466803457,512.9161271342183
22109,LA,Ages 35-64 years,2030,204.07762798584295,194.91923747110042,213.68137981620828
22111,LA,Ages 35-64 years,2030,234.29414013742962,228.3671773105102,240.94525911157933
22113,LA,Ages 35-64 years,2030,240.03220818860112,228.70395019482902,251.74790824300132
22115,LA,Ages 35-64 years,2030,280.961083713954,272.1046522783121,290.3565624427351
22117,LA,Ages 35-64 years,2030,304.70256095570915,297.1694551580433,312.4438990009402
22119,LA,Ages 35-64 years,2030,317.11027477881737,303.8462117361975,331.2482891461689
22121,LA,Ages 35-64 years,2030,212.30842991228988,202.498876373519,220.84969018419324
22123,LA,Ages 35-64 years,2030,261.09472631811724,253.86532449870512,268.0457562602681
22125,LA,Ages 35-64 years,2030,213.37865850378927,206.3935747038513,221.07512305966173
22127,LA,Ages 35-64 years,2030,406.0995583232522,385.43096529826516,426.5446379230808
23001,ME,Ages 35-64 years,2030,157.18721278041158,151.6314458902162,162.7849197209558
23003,ME,Ages 35-64 years,2030,114.31959443482138,109.78790864083822,118.59314406202807
23005,ME,Ages 35-64 years,2030,91.30299339144337,88.07848452405312,94.66288980334976
23007,ME,Ages 35-64 years,2030,120.74703126247573,113.56201712038215,127.87554106692609
23009,ME,Ages 35-64 years,2030,101.80833230505793,98.31645706597894,105.41957446710467
23011,ME,Ages 35-64 years,2030,140.1790483835098,134.73633937139726,145.88763556299972
23013,ME,Ages 35-64 years,2030,112.50387001275925,108.54497870461044,116.27669532098106
23015,ME,Ages 35-64 years,2030,98.72947544353411,94.75818009429545,102.77244945370349
23017,ME,Ages 35-64 years,2030,122.69262450069013,116.77672781651438,128.15376754152592
23019,ME,Ages 35-64 years,2030,113.4219142370329,108.82066678893865,117.76602771997152
23021,ME,Ages 35-64 years,2030,126.88040922965892,122.57605247453922,131.33289205786411
23023,ME,Ages 35-64 years,2030,100.54139319071729,96.68658795429114,104.86535947276522
23025,ME,Ages 35-64 years,2030,128.33971315632655,124.88766101193504,132.2218247793534
23027,ME,Ages 35-64 years,2030,108.6592036702907,105.68914379275657,111.46683563147924
23029,ME,Ages 35-64 years,2030,136.4901485616496,131.45938829052307,141.21299027518498
23031,ME,Ages 35-64 years,2030,98.58715648011565,94.25814206856977,102.6868747951298
24001,MD,Ages 35-64 years,2030,202.69004099419658,194.1869772029003,211.05888406862985
24003,MD,Ages 35-64 years,2030,108.8932673232138,103.14670168346916,114.45873909336831
24005,MD,Ages 35-64 years,2030,147.38389333011514,142.4886932963242,152.10622673626722
24009,MD,Ages 35-64 years,2030,85.10188502303416,78.27245585440805,91.08319195375411
24011,MD,Ages 35-64 years,2030,170.34985160893626,164.00220529795845,176.53315674994312
24013,MD,Ages 35-64 years,2030,89.39467022914391,86.37275988064607,92.08549216628978
24015,MD,Ages 35-64 years,2030,181.4705158371213,174.76939246088068,188.28242986066257
24017,MD,Ages 35-64 years,2030,135.64819870092117,128.50456862706974,142.40679242578776
24019,MD,Ages 35-64 years,2030,223.4412995021504,214.17480342985058,233.30142954347818
24021,MD,Ages 35-64 years,2030,94.93121063095923,90.41705853161099,99.53276912699779
24023,MD,Ages 35-64 years,2030,180.5728068014078,174.78057347969448,186.96916697028934
24025,MD,Ages 35-64 years,2030,97.61402003607992,95.02528335526578,99.98428172964728
24027,MD,Ages 35-64 years,2030,57.10883526956201,54.91336076746033,59.318478547210994
24029,MD,Ages 35-64 years,2030,135.2684713290716,128.96415639014023,142.21666266351235
24031,MD,Ages 35-64 years,2030,71.00220607982331,68.38836843444926,73.33954769943858
24033,MD,Ages 35-64 years,2030,144.8508855679859,139.115319246382,150.32162901919062
24035,MD,Ages 35-64 years,2030,96.69998547568314,93.17683116982552,100.42845316662788
24037,MD,Ages 35-64 years,2030,119.32407224998931,113.43661726964885,124.96120734123139
24039,MD,Ages 35-64 years,2030,253.732492180484,240.35376789392348,267.2524079113718
24041,MD,Ages 35-64 years,2030,115.9378785877071,110.12133489703353,121.39709776608012
24043,MD,Ages 35-64 years,2030,176.55508923193278,172.28792616571934,180.5908688849452
24045,MD,Ages 35-64 years,2030,196.50354590589555,189.27070272544717,203.94877689430157
24047,MD,Ages 35-64 years,2030,144.4192868278343,140.73993143627445,147.7960814424271
24510,MD,Ages 35-64 years,2030,249.49164592726223,240.2611602945262,259.72074423004193
25001,MA,Ages 35-64 years,2030,105.85352184070571,102.36664014305691,108.93412666430724
25003,MA,Ages 35-64 years,2030,116.67557369272656,113.14797205297691,119.99625563598926
25005,MA,Ages 35-64 years,2030,93.95787151462896,90.8786287361076,97.19152097466113
25007,MA,Ages 35-64 years,2030,72.78336783876406,70.75418052627414,74.86020639067135
25009,MA,Ages 35-64 years,2030,75.56193038010869,70.51857217832432,80.69554255177734
25011,MA,Ages 35-64 years,2030,109.54018458137585,105.09119588968217,113.78457882109583
25013,MA,Ages 35-64 years,2030,113.97399554028989,110.53518323692369,117.75435964886842
25015,MA,Ages 35-64 years,2030,82.16617113463167,77.23971980272242,86.5940044216649
25017,MA,Ages 35-64 years,2030,57.31764987118374,53.72078108888321,61.29261789152716
25019,MA,Ages 35-64 years,2030,90.35148771925546,88.0182528788919,92.95156328869196
25021,MA,Ages 35-64 years,2030,65.20395088564311,61.70841888776868,68.75270529894736
25023,MA,Ages 35-64 years,2030,95.00065835642813,89.00282821223774,101.81514662446563
25025,MA,Ages 35-64 years,2030,72.88747936132351,69.3277547969835,76.66256980227628
25027,MA,Ages 35-64 years,2030,86.494372188404,83.87595429967126,89.04358474317549
26001,MI,Ages 35-64 years,2030,186.15379720630676,176.2117065571296,195.64199774414305
26003,MI,Ages 35-64 years,2030,132.51498522375013,126.60622205839411,138.77614043943998
26005,MI,Ages 35-64 years,2030,97.42410023638823,93.51866330461766,101.5019583956979
26007,MI,Ages 35-64 years,2030,163.21379984489454,158.29165486818076,167.80744701454233
26009,MI,Ages 35-64 years,2030,123.34405989428686,119.6348509023881,127.10481847928146
26011,MI,Ages 35-64 years,2030,141.97342039153213,135.6400027085238,148.2622155292792
26013,MI,Ages 35-64 years,2030,175.6487117817655,169.19618339032723,181.8475507766227
26015,MI,Ages 35-64 years,2030,108.99884790765155,105.54308878801639,112.46967024014211
26017,MI,Ages 35-64 years,2030,173.3884331957637,167.13346747929916,179.16407000380383
26019,MI,Ages 35-64 years,2030,100.65610163670074,96.63406962427258,104.531821964208
26021,MI,Ages 35-64 years,2030,170.882831742896,165.83037750673944,176.23391710801133
26023,MI,Ages 35-64 years,2030,173.22391577898867,164.9366904541938,181.88473655203873
26025,MI,Ages 35-64 years,2030,188.37095434151286,182.17662683168706,194.45349743256665
26027,MI,Ages 35-64 years,2030,146.91710511790617,142.75614520830493,151.11327729328698
26029,MI,Ages 35-64 years,2030,125.21772667052981,118.92515523905254,132.51596334595632
26031,MI,Ages 35-64 years,2030,172.6946161541528,164.42486034105062,181.17602788856948
26033,MI,Ages 35-64 years,2030,127.85593540909666,123.40144486148421,132.830317310599
26035,MI,Ages 35-64 years,2030,184.76505952697084,178.37278452137582,191.89028426914575
26037,MI,Ages 35-64 years,2030,71.53046970340361,67.87973414202806,75.36387755844534
26039,MI,Ages 35-64 years,2030,159.19508600682718,150.92939782357817,166.5571767681497
26041,MI,Ages 35-64 years,2030,175.23577141031103,169.40048495502379,180.88888815335264
26043,MI,Ages 35-64 years,2030,118.14516781100023,112.42439246351705,123.04117907655305
26045,MI,Ages 35-64 years,2030,96.44066433585111,91.694753067111,101.13473755119895
26047,MI,Ages 35-64 years,2030,154.37731757281205,145.47139604713826,163.372299857806
26049,MI,Ages 35-64 years,2030,207.88180957260101,197.47683076356506,217.98010060981082
26051,MI,Ages 35-64 years,2030,193.6338069750182,185.66410383700276,201.92844228603167
26053,MI,Ages 35-64 years,2030,174.78320128281896,167.72648776146207,182.41678190661318
26055,MI,Ages 35-64 years,2030,94.54774937232867,91.26431877635846,97.68645388113981
26057,MI,Ages 35-64 years,2030,147.0957002021316,142.69276099467635,151.90001854829262
26059,MI,Ages 35-64 years,2030,201.984724172262,193.40637203368595,209.88230781458918
26061,MI,Ages 35-64 years,2030,132.82200689111065,128.78931119222122,136.98111330542037
26063,MI,Ages 35-64 years,2030,163.53148565858143,158.22283063092115,168.52529865668447
26065,MI,Ages 35-64 years,2030,123.9297371363428,117.46155885748867,130.00173114962394
26067,MI,Ages 35-64 years,2030,103.29369136809498,99.09000368486454,107.99774178954704
26069,MI,Ages 35-64 years,2030,195.21689572206955,191.52882775482595,198.55150241369097
26071,MI,Ages 35-64 years,2030,164.22247804179676,158.26874043600102,170.32238745188886
26073,MI,Ages 35-64 years,2030,115.31290208313224,110.76470191856623,119.63965800910896
26075,MI,Ages 35-64 years,2030,170.29505498197045,163.77952185686593,176.92730996529784
26077,MI,Ages 35-64 years,2030,122.864405029055,118.76007749338193,126.64842487386957
26079,MI,Ages 35-64 years,2030,156.84112004858892,150.90446149168264,162.22031158654906
26081,MI,Ages 35-64 years,2030,99.5117803537616,95.13696231203504,104.45354703883682
26083,MI,Ages 35-64 years,2030,138.9563455843328,135.11480390928352,142.88450149307437
26085,MI,Ages 35-64 years,2030,173.8312070558932,168.0600495076308,179.69381138531844
26087,MI,Ages 35-64 years,2030,130.78216462054596,124.97870887806378,136.1518849205314
26089,MI,Ages 35-64 years,2030,63.98147421089715,61.88794411492468,66.1063887433725
26091,MI,Ages 35-64 years,2030,184.4073363770409,175.69431278799837,192.83990127855338
26093,MI,Ages 35-64 years,2030,78.53934088581131,75.22221840275235,81.67962760146276
26095,MI,Ages 35-64 years,2030,189.8282488892839,179.99697168395716,200.1301621120323
26097,MI,Ages 35-64 years,2030,129.55471792271481,126.3163481749007,133.11038783684396
26099,MI,Ages 35-64 years,2030,108.25593250666493,103.96134460373159,112.00569794830048
26101,MI,Ages 35-64 years,2030,115.46840887876147,111.47337625240135,119.48261016514414
26103,MI,Ages 35-64 years,2030,148.8021172661591,142.41872448878277,154.74755475211325
26105,MI,Ages 35-64 years,2030,127.82199394178689,123.0382342194068,132.78711900014576
26107,MI,Ages 35-64 years,2030,138.84062118716145,133.3583921272566,144.30902631968428
26109,MI,Ages 35-64 years,2030,191.9085209564516,185.14058989877208,199.4034416245152
26111,MI,Ages 35-64 years,2030,83.03682527660926,80.76967458158401,85.49502250168611
26113,MI,Ages 35-64 years,2030,128.61691405280047,124.5413342102912,132.89328833966056
26115,MI,Ages 35-64 years,2030,153.68507545554442,148.73774609578396,158.60094715796825
26117,MI,Ages 35-64 years,2030,132.91566551599388,126.75944313664024,139.0513189071554
26119,MI,Ages 35-64 years,2030,202.59988755166853,194.5203102250061,210.24516203710976
26121,MI,Ages 35-64 years,2030,114.80550811267283,110.74552536206684,119.37009019958458
26123,MI,Ages 35-64 years,2030,118.73278700470041,114.50174225830858,122.46743541634407
26125,MI,Ages 35-64 years,2030,117.02201903900192,112.62140930758889,121.32436872006667
26127,MI,Ages 35-64 years,2030,125.15083339160142,120.74866087767725,129.91679455743275
26129,MI,Ages 35-64 years,2030,178.611250204842,173.7766942821233,183.65625731180864
26131,MI,Ages 35-64 years,2030,172.6505893402422,167.51614943293353,178.4608875706954
26133,MI,Ages 35-64 years,2030,129.81779693671095,123.62612585223212,136.97136396552216
26135,MI,Ages 35-64 years,2030,225.9960162450357,216.45681375068455,235.12041141405814
26137,MI,Ages 35-64 years,2030,176.26291720926827,168.20241952577442,184.8044913575656
26139,MI,Ages 35-64 years,2030,75.04832315208823,70.36632822970616,79.81189665210121
26141,MI,Ages 35-64 years,2030,162.24807928850214,156.32039007021427,168.1483888679051
26143,MI,Ages 35-64 years,2030,202.44656138080924,193.5941441704766,210.63102786137802
26145,MI,Ages 35-64 years,2030,145.50536580041913,140.10764978804139,150.9631549654047
26147,MI,Ages 35-64 years,2030,155.67098957260015,148.55709640375306,162.02019222456704
26149,MI,Ages 35-64 years,2030,161.32901733065452,154.7533360585913,168.21856358535572
26151,MI,Ages 35-64 years,2030,158.16819256890193,154.35223607843614,162.20429045485898
26153,MI,Ages 35-64 years,2030,109.12004147024602,106.11974080110761,111.68953517898858
26155,MI,Ages 35-64 years,2030,120.65045468701526,115.79557751832886,124.61947851104696
26157,MI,Ages 35-64 years,2030,154.6767438532184,150.91625938019175,159.11056581902596
26159,MI,Ages 35-64 years,2030,146.19846873053544,141.99680890372485,150.4312037360245
26161,MI,Ages 35-64 years,2030,100.36485732167766,96.9999322256818,104.04726027931156
26163,MI,Ages 35-64 years,2030,261.0885439582823,251.59666665602444,271.8137113422463
26165,MI,Ages 35-64 years,2030,139.02409617986677,133.90468763534773,144.23361128973175
27001,MN,Ages 35-64 years,2030,104.4430290188991,99.430370348633,109.0956289949021
27003,MN,Ages 35-64 years,2030,59.148103007571656,57.43156133843866,60.792711605384866
27005,MN,Ages 35-64 years,2030,113.24750321945614,109.12264025613253,117.21998423553516
27007,MN,Ages 35-64 years,2030,145.5071370099885,139.612043696872,151.4105959186747
27009,MN,Ages 35-64 years,2030,92.7743354968475,88.88512315635926,96.86192312157685
27011,MN,Ages 35-64 years,2030,97.64356898715971,93.5666675425807,101.74301159775281
27013,MN,Ages 35-64 years,2030,107.57829479106663,102.6362175395651,112.70477586238152
27015,MN,Ages 35-64 years,2030,69.81047558422182,67.2454698131767,72.71265835204858
27017,MN,Ages 35-64 years,2030,105.64672698866,100.59453436635629,110.54601784501317
27019,MN,Ages 35-64 years,2030,34.964393501051795,32.45721802180923,37.55841240270175
27021,MN,Ages 35-64 years,2030,123.35469488897846,117.18230198149729,128.80133578601422
27023,MN,Ages 35-64 years,2030,104.35735862853284,98.75084327219169,110.01296730173128
27025,MN,Ages 35-64 years,2030,83.63581811769512,80.54080002004116,86.56822868460134
27027,MN,Ages 35-64 years,2030,108.39293036396019,103.35910912648924,113.53822628623998
27029,MN,Ages 35-64 years,2030,198.21160560686346,186.92174059945714,209.05100009601708
27031,MN,Ages 35-64 years,2030,105.32370407701511,100.25050801965234,110.29228000770492
27033,MN,Ages 35-64 years,2030,152.35860301370366,144.38683344373496,160.88141684036077
27035,MN,Ages 35-64 years,2030,83.16714610515122,80.45006676979453,85.97339733874865
27037,MN,Ages 35-64 years,2030,69.97321332702525,66.75983971656436,73.48867888980767
27039,MN,Ages 35-64 years,2030,114.56089558014854,110.80689616307284,118.61173490098642
27041,MN,Ages 35-64 years,2030,75.97520993275366,72.50645279236558,79.21670209103273
27043,MN,Ages 35-64 years,2030,187.07431092116107,179.77380553694707,194.7797535816753
27045,MN,Ages 35-64 years,2030,109.04622496878119,104.23952343361137,113.93609690804497
27047,MN,Ages 35-64 years,2030,131.36896605116874,126.20511883614742,136.64919391631463
27049,MN,Ages 35-64 years,2030,119.82625192437611,114.1103419094373,124.88195836087695
27051,MN,Ages 35-64 years,2030,122.62529340996397,117.79700235544857,127.45324096504201
27053,MN,Ages 35-64 years,2030,90.68023630201372,86.78381408450984,94.3826232405221
27055,MN,Ages 35-64 years,2030,86.59277506540121,82.65306019026298,90.40776075939907
27057,MN,Ages 35-64 years,2030,99.0437893922695,94.8072227188786,103.7948945088844
27059,MN,Ages 35-64 years,2030,88.84329430864962,85.49996126953879,92.61667648045066
27061,MN,Ages 35-64 years,2030,132.5820570748303,127.82545790868342,137.58652115977702
27063,MN,Ages 35-64 years,2030,101.17790386025918,97.58956409101641,105.08548213984504
27065,MN,Ages 35-64 years,2030,88.63021434796948,83.2123509562042,94.10788326303808
27067,MN,Ages 35-64 years,2030,78.20613007335139,74.1661228806098,81.94647886522326
27069,MN,Ages 35-64 years,2030,122.39329979353175,117.39843972467554,127.68845447673178
27071,MN,Ages 35-64 years,2030,106.0239939134092,101.77795892088328,110.33264914092337
27073,MN,Ages 35-64 years,2030,108.59299360089193,103.84197812359632,113.37939078543144
27075,MN,Ages 35-64 years,2030,77.97294642151809,71.83876660958356,84.82995631386008
27077,MN,Ages 35-64 years,2030,115.29218843230699,109.72110380379375,120.61689815168522
27079,MN,Ages 35-64 years,2030,91.84593937846215,87.7571367777737,95.75909703174268
27081,MN,Ages 35-64 years,2030,92.94798435849974,88.7480199306809,97.2141702103084
27083,MN,Ages 35-64 years,2030,86.32786263656139,82.73862252319267,89.7173119759248
27085,MN,Ages 35-64 years,2030,60.232051499970616,57.15950921190601,63.120481771692546
27087,MN,Ages 35-64 years,2030,233.6553955037501,225.52214837482882,241.58460431672046
27089,MN,Ages 35-64 years,2030,114.35921790401866,107.12976588385501,120.50017491644205
27091,MN,Ages 35-64 years,2030,125.46699627091306,121.07510126491124,130.17756394468452
27093,MN,Ages 35-64 years,2030,78.64827205315831,75.4668096850318,81.87645852040251
27095,MN,Ages 35-64 years,2030,103.68767744727002,98.53365075911759,109.11840841517159
27097,MN,Ages 35-64 years,2030,83.95180321742613,80.25315256917085,87.44114648839098
27099,MN,Ages 35-64 years,2030,141.65777172711097,135.60667755102222,148.02776398558356
27101,MN,Ages 35-64 years,2030,94.02031344615979,88.87424225644732,98.62810953418344
27103,MN,Ages 35-64 years,2030,78.36598092154674,74.67941862966357,82.23482309231409
27105,MN,Ages 35-64 years,2030,102.26675554724325,98.50337491486611,106.69064060910063
27107,MN,Ages 35-64 years,2030,138.81216090234585,132.25359541969252,145.52207422430223
27109,MN,Ages 35-64 years,2030,101.14507235496094,96.3409847068192,105.94267460085031
27111,MN,Ages 35-64 years,2030,134.80432312985266,128.05933801485966,140.82900696836785
27113,MN,Ages 35-64 years,2030,146.76518928475946,139.89715653295573,152.73726252071228
27115,MN,Ages 35-64 years,2030,127.842507436092,122.61920641708221,133.2802298316653
27117,MN,Ages 35-64 years,2030,90.85127217692761,86.83055715601233,94.88534705803194
27119,MN,Ages 35-64 years,2030,118.47571262902879,114.76635397715185,122.00057627841034
27121,MN,Ages 35-64 years,2030,100.15045152740898,95.80824036717434,104.15084070449184
27123,MN,Ages 35-64 years,2030,109.24289106581443,105.09591989564049,113.94251508567802
27125,MN,Ages 35-64 years,2030,105.32370407701511,100.71263836184438,110.00094643873285
27127,MN,Ages 35-64 years,2030,111.679059634309,106.77618917773725,116.27840523085183
27129,MN,Ages 35-64 years,2030,91.81123085981486,88.86180396913872,94.57455122010224
27131,MN,Ages 35-64 years,2030,75.74290620541201,73.0616479830594,78.4836052860507
27133,MN,Ages 35-64 years,2030,130.61385158684888,124.21659250660953,135.96265126601517
27135,MN,Ages 35-64 years,2030,115.87402613396567,112.47849853615476,118.70242843807188
27137,MN,Ages 35-64 years,2030,93.88898426360726,89.33429290392144,98.89073809822348
27139,MN,Ages 35-64 years,2030,49.25815892275965,47.100138134048244,51.45808896412925
27141,MN,Ages 35-64 years,2030,70.82048558995231,67.64420299671242,73.81197940946042
27143,MN,Ages 35-64 years,2030,56.62345620742543,53.971557135844485,59.52032404337358
27145,MN,Ages 35-64 years,2030,64.26635419793914,61.37592343679848,66.98912133254221
27147,MN,Ages 35-64 years,2030,125.33586766502452,119.20322406331982,131.54159096171276
27149,MN,Ages 35-64 years,2030,97.57288978652058,93.07775826030898,102.41416414595406
27151,MN,Ages 35-64 years,2030,101.75295147528546,96.72291669742344,106.16880411531547
27153,MN,Ages 35-64 years,2030,74.67871833734668,71.99267818381043,77.57273157426977
27155,MN,Ages 35-64 years,2030,138.44987664363225,132.64667850999484,144.354188819376
27157,MN,Ages 35-64 years,2030,94.22309179915378,90.59009047654602,97.60091531429107
27159,MN,Ages 35-64 years,2030,129.7429389650026,124.4647706142598,134.67464559110346
27161,MN,Ages 35-64 years,2030,104.72478113540664,100.11322669890907,109.24437964559858
27163,MN,Ages 35-64 years,2030,56.22052746350929,53.88734833727498,58.65093850561018
27165,MN,Ages 35-64 years,2030,148.9256933595074,144.1350461422835,153.77276410073526
27167,MN,Ages 35-64 years,2030,130.47258854776652,123.88184629214588,137.57644512021088
27169,MN,Ages 35-64 years,2030,108.6641697905893,105.0792276309563,112.74895519589806
27171,MN,Ages 35-64 years,2030,53.15619752144712,50.29886372770786,55.96595332569171
27173,MN,Ages 35-64 years,2030,89.55450217982897,85.92268322978829,93.41230026160763
28001,MS,Ages 35-64 years,2030,182.84126425915946,173.79519294221637,192.0636583918733
28003,MS,Ages 35-64 years,2030,320.7428335288803,306.5019270758987,334.95324313767605
28005,MS,Ages 35-64 years,2030,287.30819759441505,274.38373091067496,299.99004182389945
28007,MS,Ages 35-64 years,2030,262.9614201799413,254.85851657599045,271.04531244551254
28009,MS,Ages 35-64 years,2030,317.1291853548331,302.076889884285,331.11878763841554
28011,MS,Ages 35-64 years,2030,466.7490993557096,454.2229723338237,478.8485093784463
28013,MS,Ages 35-64 years,2030,339.03045096332136,326.73456704635055,350.85062638036106
28015,MS,Ages 35-64 years,2030,311.7038120008082,295.28754859291735,326.4357643024318
28017,MS,Ages 35-64 years,2030,320.36140042778015,311.0418877702498,329.7672753583565
28019,MS,Ages 35-64 years,2030,321.94656239394357,310.68980391663473,333.64374445370817
28021,MS,Ages 35-64 years,2030,511.2080390636283,495.8760619905857,525.7267175467344
28023,MS,Ages 35-64 years,2030,379.28329335674505,362.98221125321385,395.60106937588137
28025,MS,Ages 35-64 years,2030,277.3525246708655,268.69657861743786,286.1956494484874
28027,MS,Ages 35-64 years,2030,381.85518987610794,369.94502206538357,393.1829142439956
28029,MS,Ages 35-64 years,2030,307.6861456224082,298.9047590642008,316.3612249600403
28031,MS,Ages 35-64 years,2030,277.90501497885396,269.9415704040781,285.8747330257774
28033,MS,Ages 35-64 years,2030,189.71827816322914,182.8310697498681,196.06135431158688
28035,MS,Ages 35-64 years,2030,309.125430367359,298.78873809712036,319.28424568000304
28037,MS,Ages 35-64 years,2030,240.98012806350297,227.70920832580643,254.10885767802557
28039,MS,Ages 35-64 years,2030,308.4487054557866,293.42491964345515,324.68798752429734
28041,MS,Ages 35-64 years,2030,325.6962755897922,313.02425003938146,337.6793581373986
28043,MS,Ages 35-64 years,2030,366.86838438873815,356.482779721073,377.1460113254981
28045,MS,Ages 35-64 years,2030,245.10790125244415,239.9179857940372,250.61524505662373
28047,MS,Ages 35-64 years,2030,349.45496051891246,338.64798584894294,360.3658098462426
28049,MS,Ages 35-64 years,2030,337.62633244459363,326.1652354579036,348.936842378851
28051,MS,Ages 35-64 years,2030,474.9077897355866,459.3683546192191,490.29156896851396
28053,MS,Ages 35-64 years,2030,449.20078118732005,433.5152247114653,464.1638778484622
28055,MS,Ages 35-64 years,2030,325.3258064654638,311.5817490038442,337.81216328836257
28057,MS,Ages 35-64 years,2030,342.13769358000167,329.1682062214294,355.51005943196236
28059,MS,Ages 35-64 years,2030,212.30813138249195,205.80180911113823,218.64851257749913
28061,MS,Ages 35-64 years,2030,282.38998106817553,274.4589042732207,291.26836456076296
28063,MS,Ages 35-64 years,2030,416.64788509002597,397.64126285408395,436.66939837542225
28065,MS,Ages 35-64 years,2030,275.2121639741962,267.15837084894633,282.9894500412692
28067,MS,Ages 35-64 years,2030,270.6529667917899,263.7115258785741,277.89980731947975
28069,MS,Ages 35-64 years,2030,333.17084013333334,323.676863398457,343.81321919024725
28071,MS,Ages 35-64 years,2030,177.32666808685892,172.2558518963478,182.35117152142917
28073,MS,Ages 35-64 years,2030,151.31517492281034,142.42348915477405,159.80239176795672
28075,MS,Ages 35-64 years,2030,361.9089121417607,350.0392602786781,373.4566154890743
28077,MS,Ages 35-64 years,2030,260.84410638517306,254.6948104561846,268.0010795794994
28079,MS,Ages 35-64 years,2030,258.79017167019884,250.60763541832043,266.72356266511895
28081,MS,Ages 35-64 years,2030,300.951971692237,284.0357779398688,317.0396391692685
28083,MS,Ages 35-64 years,2030,488.3302059401179,470.46479134702423,506.06675376252076
28085,MS,Ages 35-64 years,2030,244.4926198747246,238.1088657812675,250.57421110927572
28087,MS,Ages 35-64 years,2030,317.3324593534672,306.03635886969823,327.85566618534745
28089,MS,Ages 35-64 years,2030,115.90523322035875,111.81022943321761,119.91570553302245
28091,MS,Ages 35-64 years,2030,330.62109648883825,314.35164068816215,347.3136312237212
28093,MS,Ages 35-64 years,2030,257.73675825206254,248.51125413177186,266.9213163374413
28095,MS,Ages 35-64 years,2030,257.53635150681276,248.62890125129044,265.83898517090194
28097,MS,Ages 35-64 years,2030,365.7650983492192,353.51094663100326,378.65036613971546
28099,MS,Ages 35-64 years,2030,457.0406452957453,443.6462416626959,469.7739503255879
28101,MS,Ages 35-64 years,2030,291.2029303440664,281.4116960138558,300.8144306799617
28103,MS,Ages 35-64 years,2030,391.9614244108399,379.5769362259156,405.02624304243153
28105,MS,Ages 35-64 years,2030,297.6829175690393,288.1801958881647,307.50983617143504
28107,MS,Ages 35-64 years,2030,331.04354450118063,314.66251244514467,347.978767242266
28109,MS,Ages 35-64 years,2030,244.11635266893995,230.51579916550787,257.5552854282922
28111,MS,Ages 35-64 years,2030,286.8117331263666,272.4572862032423,300.04305407849694
28113,MS,Ages 35-64 years,2030,413.82839307214124,395.8773107710979,431.66812378375425
28115,MS,Ages 35-64 years,2030,226.89715882227625,216.81119732008827,236.78747405066355
28117,MS,Ages 35-64 years,2030,322.55250228342186,306.93205681700346,339.2778959428397
28119,MS,Ages 35-64 years,2030,350.92088104356617,339.2428099331783,362.22012566208014
28121,MS,Ages 35-64 years,2030,139.9229740809072,132.1413782054502,147.50895443283974
28123,MS,Ages 35-64 years,2030,199.01475274862347,191.43814063561874,206.65148418109413
28125,MS,Ages 35-64 years,2030,447.0254034765706,433.7478084044504,460.1135338893069
28127,MS,Ages 35-64 years,2030,243.61576350177964,234.23987038268365,253.01373311264385
28129,MS,Ages 35-64 years,2030,197.7783967285366,191.52302968659762,205.05340128003098
28131,MS,Ages 35-64 years,2030,282.5766586465909,271.18078087300665,294.0076913056102
28133,MS,Ages 35-64 years,2030,372.4933775169425,362.4129712377674,382.8884986150473
28135,MS,Ages 35-64 years,2030,329.037696991466,319.4420756522836,338.91056828573977
28137,MS,Ages 35-64 years,2030,212.15882707627787,205.0032747005285,219.15246050885457
28139,MS,Ages 35-64 years,2030,326.7890061448972,317.66748714640073,336.2301752921789
28141,MS,Ages 35-64 years,2030,320.4545101954193,304.29250148101517,335.8573348335376
28143,MS,Ages 35-64 years,2030,464.1435834974007,450.57445148725617,478.9078914238733
28145,MS,Ages 35-64 years,2030,250.9981710502678,244.37233425694433,257.61628556900735
28147,MS,Ages 35-64 years,2030,321.3249170753303,304.9809318187661,335.5804833019472
28149,MS,Ages 35-64 years,2030,286.9359596433838,278.59275214029174,295.3602110950523
28151,MS,Ages 35-64 years,2030,359.3166055171285,348.1721681730035,369.69096431956547
28153,MS,Ages 35-64 years,2030,245.47659088348817,238.12063744954645,252.66623766425735
28155,MS,Ages 35-64 years,2030,309.9533286895322,299.33361028681253,321.3882939591121
28157,MS,Ages 35-64 years,2030,416.34946073816536,399.6178852706428,434.66941691399217
28159,MS,Ages 35-64 years,2030,329.94937928728206,318.6211423591104,340.95621468791995
28161,MS,Ages 35-64 years,2030,413.8331088349495,400.9909461925539,426.34257452940375
28163,MS,Ages 35-64 years,2030,267.88179436742786,258.7864695247963,277.80827799800767
29001,MO,Ages 35-64 years,2030,145.4007883956049,138.28781677238527,152.34837429397828
29003,MO,Ages 35-64 years,2030,128.55803554261408,123.44832792307666,134.21224019235612
29005,MO,Ages 35-64 years,2030,115.87490159929996,111.82586931292653,119.94901967093
29007,MO,Ages 35-64 years,2030,214.82027504476451,205.39510277649998,224.66627581123234
29009,MO,Ages 35-64 years,2030,313.95730727787486,303.71008333433485,323.7107298240329
29011,MO,Ages 35-64 years,2030,219.74900083839628,212.10749322084317,228.00051110104846
29013,MO,Ages 35-64 years,2030,165.31422598132224,160.9749886694978,169.52427232838772
29015,MO,Ages 35-64 years,2030,192.75465185119265,182.04746196970396,203.0218375750791
29017,MO,Ages 35-64 years,2030,289.138482518283,279.9130490033602,297.6262931801429
29019,MO,Ages 35-64 years,2030,131.45983346645494,127.43320305109282,134.88988228452706
29021,MO,Ages 35-64 years,2030,166.30162061354426,160.618166018161,171.11895931703964
29023,MO,Ages 35-64 years,2030,263.4867827601437,255.2863961582204,271.13581665913415
29025,MO,Ages 35-64 years,2030,135.78785443658975,129.3346654166478,142.43716314033855
29027,MO,Ages 35-64 years,2030,150.74436327222142,145.32111665470188,155.95432778110325
29029,MO,Ages 35-64 years,2030,119.8688140771114,116.15372148412492,123.34089276125228
29031,MO,Ages 35-64 years,2030,225.25552276801005,218.29547049349333,231.87415299374513
29033,MO,Ages 35-64 years,2030,229.32070584070098,218.76081079210695,240.62164205342154
29035,MO,Ages 35-64 years,2030,292.3209823485099,283.1582235078273,302.06095217962815
29037,MO,Ages 35-64 years,2030,126.644114698332,119.92620586915785,133.01678486107704
29039,MO,Ages 35-64 years,2030,283.9702094584652,272.0855314003835,296.3321552849636
29041,MO,Ages 35-64 years,2030,183.8140393221877,179.24847632772156,188.55513399872802
29043,MO,Ages 35-64 years,2030,120.38050892389359,115.66430660641105,124.94843650583927
29045,MO,Ages 35-64 years,2030,214.36660572888883,207.7797262244858,220.07965148475276
29047,MO,Ages 35-64 years,2030,94.81777180025901,90.2595238722609,99.93427392697926
29049,MO,Ages 35-64 years,2030,160.1323164219044,151.83808370557384,168.16397156941085
29051,MO,Ages 35-64 years,2030,135.05012823796892,130.85048255360996,139.4056900397632
29053,MO,Ages 35-64 years,2030,216.91762640342998,211.44635457101737,222.7348556362259
29055,MO,Ages 35-64 years,2030,300.7744240339758,286.7089598291966,315.0735680123899
29057,MO,Ages 35-64 years,2030,267.38722958858284,256.56304860089534,278.7055623008946
29059,MO,Ages 35-64 years,2030,262.7695029793852,247.73584599638087,277.2815050165885
29061,MO,Ages 35-64 years,2030,190.04110278505334,180.66895734224184,198.28131462201637
29063,MO,Ages 35-64 years,2030,149.13911906219522,144.19424049387555,154.1655440724136
29065,MO,Ages 35-64 years,2030,210.65086810951482,198.23177863451198,222.47692723139568
29067,MO,Ages 35-64 years,2030,294.0481150721696,280.4802628230294,308.41819415593346
29069,MO,Ages 35-64 years,2030,368.64442696944195,358.41451597401186,378.6199994671156
29071,MO,Ages 35-64 years,2030,179.07858391243315,171.22160768033137,187.97388201701222
29073,MO,Ages 35-64 years,2030,131.35602346826204,127.53843024994852,135.09854231710153
29075,MO,Ages 35-64 years,2030,173.8039411175076,165.64461766044408,181.7477682847203
29077,MO,Ages 35-64 years,2030,240.1046746907431,229.44357685996758,250.06598454678573
29079,MO,Ages 35-64 years,2030,201.93620999739997,194.1602162040515,209.28032235202502
29081,MO,Ages 35-64 years,2030,207.05734561515428,201.96252853944395,212.1348232161828
29083,MO,Ages 35-64 years,2030,249.0970506686107,238.11237169789237,260.6263392863222
29085,MO,Ages 35-64 years,2030,192.92666950844728,186.48421199360064,198.67279033646216
29087,MO,Ages 35-64 years,2030,118.15653254345233,113.95874611642871,122.40532096660459
29089,MO,Ages 35-64 years,2030,166.89090448700614,161.64846019690845,171.97498248281357
29091,MO,Ages 35-64 years,2030,255.28986190816275,245.9169825910056,264.7606215328114
29093,MO,Ages 35-64 years,2030,371.07383623809534,359.91496917040223,382.1898023184574
29095,MO,Ages 35-64 years,2030,158.0591907037139,151.75991981659442,163.77153498578366
29097,MO,Ages 35-64 years,2030,270.7914868112099,263.0766639663779,277.6819411953092
29099,MO,Ages 35-64 years,2030,140.85726577190974,136.88333245999726,144.71953558172686
29101,MO,Ages 35-64 years,2030,139.12584729657232,134.91440835671662,142.87865512873373
29103,MO,Ages 35-64 years,2030,170.9030371891836,166.60406332321136,176.2569304796228
29105,MO,Ages 35-64 years,2030,248.803163380698,241.64930122936073,255.79769714660563
29107,MO,Ages 35-64 years,2030,190.08754875025917,184.04868882875746,195.65295201836165
29109,MO,Ages 35-64 years,2030,242.4075266598101,232.47527253522938,252.28108837787687
29111,MO,Ages 35-64 years,2030,224.11793727872802,217.33457442431336,230.45502274004224
29113,MO,Ages 35-64 years,2030,176.02353053376538,171.1337212646166,181.27136553770285
29115,MO,Ages 35-64 years,2030,215.3480120870936,209.4603957464735,221.1817454687766
29117,MO,Ages 35-64 years,2030,166.47390886174014,157.69023557694484,174.47442078307773
29119,MO,Ages 35-64 years,2030,222.75264189030983,214.24605135045886,231.1727756128685
29121,MO,Ages 35-64 years,2030,221.24694015771692,211.3459303865492,230.9408290182308
29123,MO,Ages 35-64 years,2030,245.5725754474042,238.00621175761995,252.96872255070085
29125,MO,Ages 35-64 years,2030,209.28294614678074,202.32431992140542,215.98119685593093
29127,MO,Ages 35-64 years,2030,221.8450885504118,211.78183937241857,231.86633989844378
29129,MO,Ages 35-64 years,2030,202.67869127201575,192.24009857530268,213.15022726110914
29131,MO,Ages 35-64 years,2030,164.72577867576987,159.01980797649713,170.9041095867438
29133,MO,Ages 35-64 years,2030,433.93396456637254,409.1846126508323,456.9395500596834
29135,MO,Ages 35-64 years,2030,169.1470789570627,162.26683398774077,175.77927483753393
29137,MO,Ages 35-64 years,2030,167.95253830136497,159.1627079597252,175.5937058198285
29139,MO,Ages 35-64 years,2030,301.0527421590294,291.8168901771293,311.241761424505
29141,MO,Ages 35-64 years,2030,239.65190997925893,232.25181206875797,246.34483650567282
29143,MO,Ages 35-64 years,2030,297.43493546034864,288.3635760476267,307.09141219583324
29145,MO,Ages 35-64 years,2030,246.8174510746023,239.16862432823984,254.0940193576559
29147,MO,Ages 35-64 years,2030,133.6672653122049,129.95168077428713,137.34504328278408
29149,MO,Ages 35-64 years,2030,250.22429723767416,238.16358491636356,261.8359380359138
29151,MO,Ages 35-64 years,2030,119.97545265867392,116.76284220805778,123.2774088491682
29153,MO,Ages 35-64 years,2030,230.83203727387493,221.79434114799025,240.6014992466417
29155,MO,Ages 35-64 years,2030,577.2157255609864,560.741694026087,594.4940948490655
29157,MO,Ages 35-64 years,2030,163.84426202397987,158.8781922586303,168.84908180272285
29159,MO,Ages 35-64 years,2030,185.16713834951713,179.52162869571916,191.0870411225914
29161,MO,Ages 35-64 years,2030,162.933085866405,154.96427585797764,170.2330056402709
29163,MO,Ages 35-64 years,2030,197.5168977787334,192.1561679810735,203.19655498191187
29165,MO,Ages 35-64 years,2030,99.1218607988574,93.84561517924958,103.96382245066641
29167,MO,Ages 35-64 years,2030,235.72711993336495,226.48376129919018,245.39179093823978
29169,MO,Ages 35-64 years,2030,204.82348251385596,193.44271500945518,215.85401160050537
29171,MO,Ages 35-64 years,2030,167.21908984806447,162.27747280017556,172.2260118047299
29173,MO,Ages 35-64 years,2030,144.85220632802046,139.17932147001753,151.0771406783976
29175,MO,Ages 35-64 years,2030,281.84256588885984,270.17993365811003,294.2479596541577
29177,MO,Ages 35-64 years,2030,173.2859332679831,168.74171311507823,177.92252417386746
29179,MO,Ages 35-64 years,2030,246.32392593106897,237.91254923137217,254.12325347148953
29181,MO,Ages 35-64 years,2030,407.6900588564481,383.93758966257377,429.732910021975
29183,MO,Ages 35-64 years,2030,110.79504407066135,104.98782316783733,116.83292506902107
29185,MO,Ages 35-64 years,2030,322.9618398156527,310.81389059824966,335.0479508316499
29186,MO,Ages 35-64 years,2030,123.73281156666853,117.88615156125908,129.4915950154084
29187,MO,Ages 35-64 years,2030,222.74240468115764,213.42742525671025,232.19838360045367
29189,MO,Ages 35-64 years,2030,160.8918514399022,155.5112704506717,166.1132413007672
29195,MO,Ages 35-64 years,2030,144.38819041266552,139.95413943402212,148.6674671562596
29197,MO,Ages 35-64 years,2030,181.5952848198297,174.82582383130637,188.3476493194574
29199,MO,Ages 35-64 years,2030,148.7290418282372,143.96696461661665,153.55795210968893
29201,MO,Ages 35-64 years,2030,292.1232745781657,282.60777805733466,301.0390082368451
29203,MO,Ages 35-64 years,2030,318.4420687686469,300.81071885974114,335.62308804460855
29205,MO,Ages 35-64 years,2030,224.86980574105334,213.5638201347408,236.39682624392117
29207,MO,Ages 35-64 years,2030,310.3911509248793,301.1308026260633,319.5876589767855
29209,MO,Ages 35-64 years,2030,232.75947712011904,225.12071742601512,241.26008523782164
29211,MO,Ages 35-64 years,2030,246.22613222793225,239.83145324829897,252.5164866932287
29213,MO,Ages 35-64 years,2030,337.98709433652454,323.96694297977814,351.2748464138984
29215,MO,Ages 35-64 years,2030,251.01412398316646,242.48379090898706,259.37001944354256
29217,MO,Ages 35-64 years,2030,259.8358790743962,248.1034059351553,272.36893568782324
29219,MO,Ages 35-64 years,2030,144.15415998847303,140.2877828871995,148.27757905566642
29221,MO,Ages 35-64 years,2030,377.4702736111098,364.0646306396721,390.35736364682055
29223,MO,Ages 35-64 years,2030,183.48243464235892,177.95784574584468,189.39310201451516
29225,MO,Ages 35-64 years,2030,209.58952360288117,198.7839272234841,219.10750296544856
29227,MO,Ages 35-64 years,2030,227.15672725274516,216.3937920889467,237.53854153111988
29229,MO,Ages 35-64 years,2030,410.91386036917265,389.0869802207674,432.9382142644683
29510,MO,Ages 35-64 years,2030,241.3887717249974,233.02143969471106,250.55996868526626
30001,MT,Ages 35-64 years,2030,89.4834444634869,86.61215567428475,92.52513084213878
30003,MT,Ages 35-64 years,2030,249.60542272583172,239.5831690117513,259.61431212403375
30005,MT,Ages 35-64 years,2030,236.92420590548912,226.981726972845,247.27728679279542
30007,MT,Ages 35-64 years,2030,124.49676667274667,120.14898523891598,129.04605140269413
30009,MT,Ages 35-64 years,2030,112.09732797880893,106.37096332933858,118.21042111431828
30011,MT,Ages 35-64 years,2030,152.79422963173621,145.72558447879175,159.78031258796662
30013,MT,Ages 35-64 years,2030,140.42939926116622,137.12018889769854,143.99665702175642
30015,MT,Ages 35-64 years,2030,135.8367614615946,132.5393108992242,139.53524785707847
30017,MT,Ages 35-64 years,2030,146.02336061747502,140.18313647287698,152.19110960896896
30019,MT,Ages 35-64 years,2030,152.79422963173621,145.6711127349345,159.41392969908574
30021,MT,Ages 35-64 years,2030,153.85739189278166,146.89280827597062,161.0163128942118
30023,MT,Ages 35-64 years,2030,161.321348259633,156.6272615970326,166.05326631056755
30025,MT,Ages 35-64 years,2030,155.51887780435152,147.93688336592055,162.4312347535557
30027,MT,Ages 35-64 years,2030,143.06198158640078,139.9207297744797,146.46860849645626
30029,MT,Ages 35-64 years,2030,104.21704663628915,101.37995936968264,107.12630189753959
30031,MT,Ages 35-64 years,2030,63.07255302457999,60.18484590841871,65.76823834853471
30033,MT,Ages 35-64 years,2030,152.79422963173621,145.68557514364758,159.89246733592307
30035,MT,Ages 35-64 years,2030,223.90174492665116,214.76946384716183,234.31050134059555
30037,MT,Ages 35-64 years,2030,152.79422963173621,145.57234681429384,161.17605831795697
30039,MT,Ages 35-64 years,2030,91.93351736282861,89.11673046195159,94.7437066670394
30041,MT,Ages 35-64 years,2030,270.1595486865614,256.4889060591595,282.5264998829368
30043,MT,Ages 35-64 years,2030,119.29535794381499,115.41947767174211,122.83253655356057
30045,MT,Ages 35-64 years,2030,152.79422963173621,145.42228809985392,159.85876624162182
30047,MT,Ages 35-64 years,2030,156.9268950586563,149.33029074345305,164.98077103208303
30049,MT,Ages 35-64 years,2030,100.64017143323076,97.71909068826496,103.48613898494484
30051,MT,Ages 35-64 years,2030,152.79422963173621,145.33928941589915,159.54051796514963
30053,MT,Ages 35-64 years,2030,137.86760797951143,134.01225506549852,141.5338572630205
30055,MT,Ages 35-64 years,2030,152.79422963173621,145.78640324012906,160.2279435247562
30057,MT,Ages 35-64 years,2030,80.89878657674576,78.15319290426035,83.78398134029116
30059,MT,Ages 35-64 years,2030,152.79422963173621,145.5908814948866,159.71444983953697
30061,MT,Ages 35-64 years,2030,155.7847263729962,148.54929923603842,162.81082611952877
30063,MT,Ages 35-64 years,2030,134.95222111129306,127.949577227244,141.93970994532773
30065,MT,Ages 35-64 years,2030,165.82697258552398,157.1631587143128,174.03682370995844
30067,MT,Ages 35-64 years,2030,99.58591502573853,95.48057096576966,103.77725856975366
30069,MT,Ages 35-64 years,2030,152.79422963173621,145.39287986253194,160.2729341398238
30071,MT,Ages 35-64 years,2030,121.12696648722049,116.21120863428713,125.69741024389448
30073,MT,Ages 35-64 years,2030,126.19938866149211,119.7564152128602,132.95087510084136
30075,MT,Ages 35-64 years,2030,152.79422963173621,146.01343997897231,159.664340765633
30077,MT,Ages 35-64 years,2030,170.82785115003992,161.21275641409264,181.12280417081212
30079,MT,Ages 35-64 years,2030,152.79422963173621,146.00938149098263,159.90407318391894
30081,MT,Ages 35-64 years,2030,81.4686717914207,79.0566081843747,83.88749059510792
30083,MT,Ages 35-64 years,2030,141.9339885379895,134.86755529831464,149.355265549478
30085,MT,Ages 35-64 years,2030,371.6445468721198,355.9902312549457,384.5748028568074
30087,MT,Ages 35-64 years,2030,154.41925350228848,146.07266996352607,163.53990211044433
30089,MT,Ages 35-64 years,2030,144.32952324612032,138.560000497068,150.13545612789173
30091,MT,Ages 35-64 years,2030,119.66964199648618,113.94729921658727,125.38597128335043
30093,MT,Ages 35-64 years,2030,183.24870633983116,177.86179202052065,188.8578978507211
30095,MT,Ages 35-64 years,2030,87.62716892214232,85.04941973666615,89.97860608807888
30097,MT,Ages 35-64 years,2030,79.58651130883416,77.62598429802922,81.61970394944035
30099,MT,Ages 35-64 years,2030,136.38574413337315,132.51411014093247,140.19969795341558
30101,MT,Ages 35-64 years,2030,164.046980893911,157.7081915978948,169.741062839771
30103,MT,Ages 35-64 years,2030,152.79422963173621,145.81346710499403,159.63457409979225
30105,MT,Ages 35-64 years,2030,179.99620361539687,173.10796019958386,187.0300062115808
30107,MT,Ages 35-64 years,2030,152.79422963173621,145.6975544542702,160.12333596242408
30109,MT,Ages 35-64 years,2030,152.79422963173621,146.05459057980093,160.24578254695516
30111,MT,Ages 35-64 years,2030,149.39097530284923,144.9334103894463,153.7179666503567
31001,NE,Ages 35-64 years,2030,149.48179992008107,144.00787431211955,154.50834392913893
31003,NE,Ages 35-64 years,2030,101.31250828685307,97.82624436786114,104.62956761085175
31005,NE,Ages 35-64 years,2030,129.40325071993578,123.85351375719875,135.0647624577256
31007,NE,Ages 35-64 years,2030,129.40325071993578,123.9272031560976,135.50404269641697
31009,NE,Ages 35-64 years,2030,129.40325071993578,123.70389536027953,135.12672326139185
31011,NE,Ages 35-64 years,2030,93.58539569654484,89.75551465599615,97.1981706492537
31013,NE,Ages 35-64 years,2030,127.14935712533426,120.65811849992402,133.54970567300316
31015,NE,Ages 35-64 years,2030,129.40325071993578,123.63656039470465,135.1958786597048
31017,NE,Ages 35-64 years,2030,155.1346044998805,147.99023974399825,162.7949264688089
31019,NE,Ages 35-64 years,2030,101.89976396183769,97.54018692811842,106.253362832397
31021,NE,Ages 35-64 years,2030,147.09168223857878,142.41589574933144,151.77741161519734
31023,NE,Ages 35-64 years,2030,124.70744460420788,119.2735763405821,130.40544744380045
31025,NE,Ages 35-64 years,2030,128.6850129438435,120.93767713897357,135.96704270192132
31027,NE,Ages 35-64 years,2030,100.25823861897145,96.4092163955188,104.31767463470295
31029,NE,Ages 35-64 years,2030,116.32452013526733,112.9271475159549,120.05548162049664
31031,NE,Ages 35-64 years,2030,122.89608827151436,117.6359925883343,127.74047107239191
31033,NE,Ages 35-64 years,2030,121.7727230900394,116.60707383835218,127.70897350357261
31035,NE,Ages 35-64 years,2030,142.92828781062565,138.09727003471994,147.59658591872156
31037,NE,Ages 35-64 years,2030,72.7511133751826,70.16928752339169,75.46407786815276
31039,NE,Ages 35-64 years,2030,106.35842314014963,103.61024877730158,109.15552087804234
31041,NE,Ages 35-64 years,2030,141.25036821352688,135.9604697636389,147.13685460055044
31043,NE,Ages 35-64 years,2030,111.22813776168088,106.17665115398214,116.50366634244695
31045,NE,Ages 35-64 years,2030,135.4080647169037,132.02917141832302,138.65847604302118
31047,NE,Ages 35-64 years,2030,100.25329446695274,96.71885157522071,103.92542720427572
31049,NE,Ages 35-64 years,2030,129.40325071993578,123.47071758672226,135.13708760965275
31051,NE,Ages 35-64 years,2030,124.45760445404454,121.01983087036659,127.80152740798124
31053,NE,Ages 35-64 years,2030,121.43427383595446,116.52661930457455,126.42209981325912
31055,NE,Ages 35-64 years,2030,118.89487485128623,115.31611716695801,122.32603335548083
31057,NE,Ages 35-64 years,2030,129.40325071993578,123.71471761415054,134.69067615926352
31059,NE,Ages 35-64 years,2030,132.30954117749073,128.8176261961842,136.24153645851166
31061,NE,Ages 35-64 years,2030,150.2810568205517,142.71797066259936,157.83060866282395
31063,NE,Ages 35-64 years,2030,129.40325071993578,123.88507959994232,134.9754613106839
31065,NE,Ages 35-64 years,2030,168.0639708280383,162.21234451865908,174.30977959489016
31067,NE,Ages 35-64 years,2030,119.491362250121,115.33703012872233,124.55720040610403
31069,NE,Ages 35-64 years,2030,129.40325071993578,123.46897427339353,135.1538733644688
31071,NE,Ages 35-64 years,2030,129.40325071993578,123.7261598060608,135.07185411301884
31073,NE,Ages 35-64 years,2030,129.40325071993578,123.50124378121848,134.96009410305606
31075,NE,Ages 35-64 years,2030,129.40325071993578,123.69844331344397,135.0710401586432
31077,NE,Ages 35-64 years,2030,129.40325071993578,123.38779841101234,134.99728098299104
31079,NE,Ages 35-64 years,2030,133.45894132949365,128.95136089583497,137.76263005830765
31081,NE,Ages 35-64 years,2030,92.70539618077997,89.46387302507226,95.75615661569326
31083,NE,Ages 35-64 years,2030,114.88284282396945,110.84635899962355,119.06208187971606
31085,NE,Ages 35-64 years,2030,129.40325071993578,123.93525642148865,134.8382094278777
31087,NE,Ages 35-64 years,2030,199.27763830470164,192.1081874726252,206.8887189234027
31089,NE,Ages 35-64 years,2030,110.57213536784161,105.92990002900011,114.8990165287555
31091,NE,Ages 35-64 years,2030,129.40325071993578,123.71819836970116,135.02621788217445
31093,NE,Ages 35-64 years,2030,134.1411206887247,128.3637523442807,140.3552785669867
31095,NE,Ages 35-64 years,2030,118.60595834235956,113.54238017507197,124.08480390535519
31097,NE,Ages 35-64 years,2030,142.5088067674186,137.93824286984582,147.2548133896084
31099,NE,Ages 35-64 years,2030,121.16726710534171,114.79929291068798,127.13148251362986
31101,NE,Ages 35-64 years,2030,130.4471233564457,124.04731180748531,137.44858783383035
31103,NE,Ages 35-64 years,2030,129.40325071993578,123.46556400770851,134.66203925715953
31105,NE,Ages 35-64 years,2030,152.66547297602412,145.69740902235876,160.01134299239357
31107,NE,Ages 35-64 years,2030,118.39912071362257,113.66608011568448,123.06045490503072
31109,NE,Ages 35-64 years,2030,108.91753577822175,105.45713323829548,112.71548818308626
31111,NE,Ages 35-64 years,2030,151.13934063384218,143.12148061375896,158.7351102796903
31113,NE,Ages 35-64 years,2030,129.40325071993578,123.52491935573693,135.2556389657253
31115,NE,Ages 35-64 years,2030,129.40325071993578,123.75112209515738,135.25613136221682
31117,NE,Ages 35-64 years,2030,129.40325071993578,123.60998366161886,134.80074569647365
31119,NE,Ages 35-64 years,2030,128.48112882179745,123.21398209981804,134.03456958221764
31121,NE,Ages 35-64 years,2030,155.85032746884528,148.95873449055034,163.74082099820427
31123,NE,Ages 35-64 years,2030,149.98208741116758,145.7256616183318,154.0571530658275
31125,NE,Ages 35-64 years,2030,172.6622634754626,167.52598890713574,178.02172804170354
31127,NE,Ages 35-64 years,2030,120.65904544937597,117.60634568766748,123.88590158948612
31129,NE,Ages 35-64 years,2030,138.6578814461179,131.10613033336125,145.53325059313903
31131,NE,Ages 35-64 years,2030,114.55162404774488,109.2946331407551,119.7734668297449
31133,NE,Ages 35-64 years,2030,129.40325071993578,124.30592165679106,134.8877357744795
31135,NE,Ages 35-64 years,2030,113.44511606360211,109.27722486290148,117.36494627699113
31137,NE,Ages 35-64 years,2030,120.5615900528929,115.87104714360747,125.33679512439791
31139,NE,Ages 35-64 years,2030,96.79122643537036,93.38735308400477,100.24901669860603
31141,NE,Ages 35-64 years,2030,97.55659367141484,94.18330728212669,101.39645630724273
31143,NE,Ages 35-64 years,2030,105.92043115168516,101.07632259485905,110.60198121352036
31145,NE,Ages 35-64 years,2030,143.6609135507299,138.83880015947432,148.76143685583577
31147,NE,Ages 35-64 years,2030,152.62343177517198,145.67573911141375,159.36073428078288
31149,NE,Ages 35-64 years,2030,129.40325071993578,123.7095029176578,134.86126261615863
31151,NE,Ages 35-64 years,2030,172.14220339136713,166.53414951289054,178.26503154654395
31153,NE,Ages 35-64 years,2030,93.96913715290907,89.14331840268706,98.8348674584044
31155,NE,Ages 35-64 years,2030,134.18434958244097,127.46214443891228,141.94692081986608
31157,NE,Ages 35-64 years,2030,100.71778631405478,94.3034732288399,106.78038417259006
31159,NE,Ages 35-64 years,2030,111.19033399136748,105.92271299666929,116.52291799000626
31161,NE,Ages 35-64 years,2030,160.52195187822232,152.430717011073,168.88218989275506
31163,NE,Ages 35-64 years,2030,111.42868894213606,107.85345915035353,114.9070676411174
31165,NE,Ages 35-64 years,2030,129.40325071993578,123.77917356917486,134.58976875661705
31167,NE,Ages 35-64 years,2030,91.56700358850635,86.76553896874388,96.13638357874856
31169,NE,Ages 35-64 years,2030,144.99925822543855,140.52888014993331,149.30088954399605
31171,NE,Ages 35-64 years,2030,129.40325071993578,123.63136615549999,135.3752568341825
31173,NE,Ages 35-64 years,2030,217.493566140372,212.41095155808006,223.31889731977495
31175,NE,Ages 35-64 years,2030,93.80621149181421,91.69836770745724,95.89898604045986
31177,NE,Ages 35-64 years,2030,79.04939085007123,76.83852129386081,81.55394803489888
31179,NE,Ages 35-64 years,2030,101.11973790964541,95.87297332702595,105.77141437745922
31181,NE,Ages 35-64 years,2030,138.88593859928383,133.46925402537593,144.22155738102623
31183,NE,Ages 35-64 years,2030,129.40325071993578,123.56422578952109,135.15494499026084
31185,NE,Ages 35-64 years,2030,155.12626493976947,149.05550201877946,160.91006904002316
32001,NV,Ages 35-64 years,2030,169.62964458872318,164.76249669593676,174.2981214546891
32003,NV,Ages 35-64 years,2030,184.3017333504414,180.04682932291698,188.5512054235254
32005,NV,Ages 35-64 years,2030,79.47779768262987,77.18831549390428,81.74755108267136
32007,NV,Ages 35-64 years,2030,140.68696233272422,135.22667737703125,146.47708820833046
32009,NV,Ages 35-64 years,2030,143.76896033460216,140.0015453306275,147.49483437472543
32011,NV,Ages 35-64 years,2030,143.76896033460216,140.20204725467522,147.80472843432221
32013,NV,Ages 35-64 years,2030,136.34150564064666,132.44595782576278,140.12216302831274
32015,NV,Ages 35-64 years,2030,165.85994862369452,157.45185254029408,174.52255480246507
32017,NV,Ages 35-64 years,2030,126.64725232562732,120.87917208126241,131.99298754752928
32019,NV,Ages 35-64 years,2030,138.88256321963684,134.29756581475834,143.5023919251791
32021,NV,Ages 35-64 years,2030,242.88714684953814,236.35142693692202,249.22006721203496
32023,NV,Ages 35-64 years,2030,301.50989123851974,286.6012499966893,317.85596541805694
32027,NV,Ages 35-64 years,2030,138.07193769596435,130.21733199296924,146.4173002872649
32029,NV,Ages 35-64 years,2030,66.85931947040528,63.92508090669383,70.02441765868272
32031,NV,Ages 35-64 years,2030,109.6853225686983,104.31607678506566,115.07401338618062
32033,NV,Ages 35-64 years,2030,135.67443534170908,130.2514809073002,140.90495855836164
32510,NV,Ages 35-64 years,2030,152.24621914909181,146.84576011755192,157.93038078797198
33001,NH,Ages 35-64 years,2030,155.16674947765134,147.78061438870316,163.08040773023475
33003,NH,Ages 35-64 years,2030,108.83211940925369,105.79327522716117,111.90261406769179
33005,NH,Ages 35-64 years,2030,116.77686679668554,113.53233529800158,119.89913862526886
33007,NH,Ages 35-64 years,2030,174.97113451645203,170.4851745371423,179.67745208598976
33009,NH,Ages 35-64 years,2030,116.73175607390414,111.54142225971152,121.92114727738407
33011,NH,Ages 35-64 years,2030,103.61986670974233,99.72315559942251,107.46028800681619
33013,NH,Ages 35-64 years,2030,90.36008894019385,86.63404204143708,94.07967846880995
33015,NH,Ages 35-64 years,2030,86.59459855660656,82.82422962059701,90.41087208449113
33017,NH,Ages 35-64 years,2030,129.4095559435079,126.55228545531493,132.32074224788917
33019,NH,Ages 35-64 years,2030,132.5916679027105,128.3886997375648,136.71273529972768
34001,NJ,Ages 35-64 years,2030,153.71853095561085,148.75768617740908,158.72155970845233
34003,NJ,Ages 35-64 years,2030,56.596809907394785,53.77913017870488,59.23730658406118
34005,NJ,Ages 35-64 years,2030,98.37648031274793,94.69970981165939,101.74613563964176
34007,NJ,Ages 35-64 years,2030,147.98143795430593,142.11531560567914,153.0864481062396
34009,NJ,Ages 35-64 years,2030,161.009049512671,156.18588135209686,165.9404334726346
34011,NJ,Ages 35-64 years,2030,220.7123887551331,213.6103461233274,227.45417250477902
34013,NJ,Ages 35-64 years,2030,124.78215936391136,115.95406319867021,133.5445702798385
34015,NJ,Ages 35-64 years,2030,121.71811804794008,118.13784149245166,125.23323930864177
34017,NJ,Ages 35-64 years,2030,91.00203673103935,84.40428599023618,97.71258930250052
34019,NJ,Ages 35-64 years,2030,65.05000835163197,62.23450696272004,67.86271628494617
34021,NJ,Ages 35-64 years,2030,111.8160419900066,106.84358009579375,116.18469883559911
34023,NJ,Ages 35-64 years,2030,73.39469637414825,70.68869946613438,76.25507779690537
34025,NJ,Ages 35-64 years,2030,87.10170460313611,81.4780869528745,92.61249742258292
34027,NJ,Ages 35-64 years,2030,60.627754558049794,57.9103940215983,63.2267763955708
34029,NJ,Ages 35-64 years,2030,98.80420389268663,95.02884126107492,102.43154983905708
34031,NJ,Ages 35-64 years,2030,99.19287100917786,94.644807237123,104.07351536346114
34033,NJ,Ages 35-64 years,2030,234.58806037677323,223.85279575011637,246.63585572018368
34035,NJ,Ages 35-64 years,2030,56.102018499459184,53.9745346784996,58.422283927186264
34037,NJ,Ages 35-64 years,2030,90.3741230845131,86.76621764275791,93.91438404794202
34039,NJ,Ages 35-64 years,2030,102.75876839993633,97.68842799679109,107.59914211810865
34041,NJ,Ages 35-64 years,2030,103.69777343830754,100.17207506584258,107.28220001771791
35001,NM,Ages 35-64 years,2030,144.98570112904852,138.51675444497002,151.22557088758512
35003,NM,Ages 35-64 years,2030,150.96641524095168,147.15227290189708,155.01809292244786
35005,NM,Ages 35-64 years,2030,233.04300306019076,222.73372348010548,242.67250458729916
35006,NM,Ages 35-64 years,2030,201.2463733820112,192.5218942293704,210.6372948517744
35007,NM,Ages 35-64 years,2030,155.98368595102338,148.49302329081212,163.61429643492608
35009,NM,Ages 35-64 years,2030,170.05618918391468,165.0480668951042,175.40524861334006
35011,NM,Ages 35-64 years,2030,170.03066736077864,162.88925563516761,177.61021953849743
35013,NM,Ages 35-64 years,2030,115.88570888550335,112.37426377850734,119.14329468728164
35015,NM,Ages 35-64 years,2030,188.8756459335041,182.3771698050127,195.86526868135655
35017,NM,Ages 35-64 years,2030,154.4084576139956,147.3295736252235,161.96475760705766
35019,NM,Ages 35-64 years,2030,218.22190615105004,209.7595402086854,226.05518633806548
35021,NM,Ages 35-64 years,2030,170.03066736077864,162.18853190396888,177.163190365392
35023,NM,Ages 35-64 years,2030,167.3243357267612,162.20070027521248,172.3382079507766
35025,NM,Ages 35-64 years,2030,186.18672114488467,180.247969161372,192.4539614084216
35027,NM,Ages 35-64 years,2030,165.256614585349,157.71137518686587,172.67794666471042
35028,NM,Ages 35-64 years,2030,51.53498718467031,49.40265471090003,53.73987231099567
35029,NM,Ages 35-64 years,2030,271.8430235085609,257.95247494699095,286.71720509448704
35031,NM,Ages 35-64 years,2030,165.8480992630475,158.41546019408207,173.95217839999896
35033,NM,Ages 35-64 years,2030,128.242981374987,121.95418949430159,134.01790252574833
35035,NM,Ages 35-64 years,2030,170.52385468251404,164.3562411895892,176.3929764007867
35037,NM,Ages 35-64 years,2030,204.84193128193823,195.59794432371885,213.35324228208393
35039,NM,Ages 35-64 years,2030,138.67223208872795,132.3294111226175,144.98671898956556
35041,NM,Ages 35-64 years,2030,186.18566924592682,180.561753214123,191.1394764263742
35043,NM,Ages 35-64 years,2030,113.50616160378053,108.22452322291018,119.20310773163256
35045,NM,Ages 35-64 years,2030,131.5409667642968,125.51871971853961,137.7646001232675
35047,NM,Ages 35-64 years,2030,130.99876974791064,127.58774507708358,134.38623617896897
35049,NM,Ages 35-64 years,2030,97.71902371581471,93.98430551176659,101.650952964555
35051,NM,Ages 35-64 years,2030,261.13756176431866,255.47851937697317,267.4021646485419
35053,NM,Ages 35-64 years,2030,199.39733847015287,189.60829001659815,208.8932593700656
35055,NM,Ages 35-64 years,2030,108.72297653736804,104.47087159027369,113.59467272992681
35057,NM,Ages 35-64 years,2030,244.45863446106694,234.51289452433963,254.9254848767223
35059,NM,Ages 35-64 years,2030,141.7108880219915,136.6639978075986,146.73005096776677
35061,NM,Ages 35-64 years,2030,191.17340511021615,181.76853283119604,201.5895777013872
36001,NY,Ages 35-64 years,2030,156.55427192762315,150.7612466139305,162.43675198215044
36003,NY,Ages 35-64 years,2030,119.10910120144287,114.02272723153959,123.87631985032364
36005,NY,Ages 35-64 years,2030,192.6417559224543,179.8583734286424,204.9426132231098
36007,NY,Ages 35-64 years,2030,130.54634828554583,126.2767250488386,135.18783682327964
36009,NY,Ages 35-64 years,2030,121.43383733840498,112.97079348496516,129.4029480165577
36011,NY,Ages 35-64 years,2030,133.29707276087547,127.05463169749787,140.00200371038733
36013,NY,Ages 35-64 years,2030,149.94337013462186,143.45729846488257,156.78919341554666
36015,NY,Ages 35-64 years,2030,247.88280954472057,232.557291288105,261.99381934866216
36017,NY,Ages 35-64 years,2030,141.2852027699011,135.91881151084584,146.72924233973453
36019,NY,Ages 35-64 years,2030,151.69444202892328,146.8638215152057,156.2274887591011
36021,NY,Ages 35-64 years,2030,123.73462403702291,118.23973703767106,129.9893142489839
36023,NY,Ages 35-64 years,2030,129.42841545618657,122.77567311810272,135.6901087057613
36025,NY,Ages 35-64 years,2030,160.70148174404704,152.98360884646064,169.25375053143054
36027,NY,Ages 35-64 years,2030,84.0361377681591,80.60148918057904,87.51028105207529
36029,NY,Ages 35-64 years,2030,134.36480107544313,127.60581098513954,141.152728861577
36031,NY,Ages 35-64 years,2030,125.03670920650167,120.16833814715868,130.42329770698046
36033,NY,Ages 35-64 years,2030,140.75336000977435,135.31495301860386,146.0877798227486
36035,NY,Ages 35-64 years,2030,171.80869062537403,167.1325206826513,176.3372163805688
36037,NY,Ages 35-64 years,2030,112.45337658516966,107.1843147931881,117.2751050926375
36039,NY,Ages 35-64 years,2030,142.5923691876579,138.2016037121477,146.49852773965563
36041,NY,Ages 35-64 years,2030,157.43305934372367,151.35388245532027,164.0612499448785
36043,NY,Ages 35-64 years,2030,151.0737453436588,144.19007288948671,157.3861017747843
36045,NY,Ages 35-64 years,2030,122.60979773131497,117.70294507527585,127.35552702530018
36047,NY,Ages 35-64 years,2030,123.21023684943974,112.10497638441849,134.15737964105685
36049,NY,Ages 35-64 years,2030,105.64875569370575,102.39129118364167,108.69991535267067
36051,NY,Ages 35-64 years,2030,85.28495519079684,80.76159973303523,89.4530866779949
36053,NY,Ages 35-64 years,2030,91.0604995985368,86.82145578173295,95.9154080525707
36055,NY,Ages 35-64 years,2030,101.37239401263889,96.77494609232275,105.90167338933861
36057,NY,Ages 35-64 years,2030,172.89967726165224,164.68306036566787,181.05458136291838
36059,NY,Ages 35-64 years,2030,73.70852803859202,71.49955543173593,75.90269076567103
36061,NY,Ages 35-64 years,2030,83.42513275676927,77.30899856789414,89.49281156735894
36063,NY,Ages 35-64 years,2030,161.21835871247623,155.99383779452253,166.7902581892786
36065,NY,Ages 35-64 years,2030,147.5821732460578,140.85498761454127,154.356746924338
36067,NY,Ages 35-64 years,2030,121.80220659545101,116.24677904610137,126.6297149889007
36069,NY,Ages 35-64 years,2030,88.82146148519753,84.0236654849974,93.8335064182173
36071,NY,Ages 35-64 years,2030,77.49343857989642,73.98601847536739,80.94862722517057
36073,NY,Ages 35-64 years,2030,160.13855958164712,152.937073446992,167.61353108102873
36075,NY,Ages 35-64 years,2030,125.17484696611749,121.90486490251718,128.44352327012575
36077,NY,Ages 35-64 years,2030,113.82248766924926,110.82261998423878,116.92239764727466
36079,NY,Ages 35-64 years,2030,69.23375449219161,65.98968772520244,72.43766080808815
36081,NY,Ages 35-64 years,2030,98.49996727672865,91.98580232707272,105.34179598775815
36083,NY,Ages 35-64 years,2030,123.61562478406373,120.27329725265017,126.97298543614902
36085,NY,Ages 35-64 years,2030,130.4503224340751,125.16602972494218,135.624778814631
36087,NY,Ages 35-64 years,2030,72.31462876527529,68.46833657054113,76.15265357091232
36089,NY,Ages 35-64 years,2030,130.81601003192102,126.44447067157043,135.08905460875755
36091,NY,Ages 35-64 years,2030,76.77600999278292,74.57911183161193,79.1618178070101
36093,NY,Ages 35-64 years,2030,159.9097747197843,154.9022276221771,164.9979515552011
36095,NY,Ages 35-64 years,2030,139.00651884290124,134.74924035470792,142.8960342184284
36097,NY,Ages 35-64 years,2030,103.61688380260955,99.6283022380651,107.56364930573149
36099,NY,Ages 35-64 years,2030,133.37903869507167,127.09213823686343,139.2379262724042
36101,NY,Ages 35-64 years,2030,147.3299779006018,141.19926777326856,153.11360066829235
36103,NY,Ages 35-64 years,2030,80.05173646005704,76.82191365314803,83.34096057649296
36105,NY,Ages 35-64 years,2030,132.48398501409952,127.17867575462908,138.30983265080545
36107,NY,Ages 35-64 years,2030,121.97055677870534,118.77873233525564,124.824865066397
36109,NY,Ages 35-64 years,2030,82.47786075219514,78.97570871017743,85.97423759228928
36111,NY,Ages 35-64 years,2030,120.05877140470113,115.76966078638472,124.04017569297956
36113,NY,Ages 35-64 years,2030,106.65809148548499,103.57691080200986,109.9817517367381
36115,NY,Ages 35-64 years,2030,126.68148485206098,122.59333047884326,130.53383737924023
36117,NY,Ages 35-64 years,2030,117.03833060395273,111.9673121989243,122.09799221944455
36119,NY,Ages 35-64 years,2030,77.79875289814552,73.71987014794865,81.9975561284558
36121,NY,Ages 35-64 years,2030,100.54044650997483,96.14512194706441,104.89354164032785
36123,NY,Ages 35-64 years,2030,90.2338088074817,85.88856977476895,94.82796310629988
37001,NC,Ages 35-64 years,2030,163.32476116118585,154.3389140253086,172.04392647014092
37003,NC,Ages 35-64 years,2030,145.00131730272693,137.45443084020923,152.28767596955623
37005,NC,Ages 35-64 years,2030,137.4071840678564,132.87547866348018,142.08079009028435
37007,NC,Ages 35-64 years,2030,265.2478622692541,254.52941815150555,276.4135513300293
37009,NC,Ages 35-64 years,2030,151.89268816637082,147.56807003796948,156.5256315279372
37011,NC,Ages 35-64 years,2030,169.29967210928845,160.27229414397058,178.46174184818366
37013,NC,Ages 35-64 years,2030,182.68193044638917,176.4175864769368,187.62573914301103
37015,NC,Ages 35-64 years,2030,216.5226508465383,210.65985265949388,222.9498910325951
37017,NC,Ages 35-64 years,2030,225.76236193034347,219.98840551798705,231.96893236657664
37019,NC,Ages 35-64 years,2030,98.97642006623326,95.5089606467363,102.43940210565832
37021,NC,Ages 35-64 years,2030,115.87013594343449,111.74613253555724,120.20732780010269
37023,NC,Ages 35-64 years,2030,157.6310636315749,153.09284905826237,162.53124350175906
37025,NC,Ages 35-64 years,2030,113.47799620339339,106.13466403588114,120.47439214320967
37027,NC,Ages 35-64 years,2030,182.04106741238724,171.89292035849797,191.9839479366114
37029,NC,Ages 35-64 years,2030,143.7681320884609,139.34517139783463,148.51809807399343
37031,NC,Ages 35-64 years,2030,137.08102005491406,130.69511536610645,143.19736718945663
37033,NC,Ages 35-64 years,2030,193.296373071425,183.7289659121137,202.1110416026372
37035,NC,Ages 35-64 years,2030,138.91524085535931,134.86370843224898,143.24444673648998
37037,NC,Ages 35-64 years,2030,88.33305432946429,84.15617492123847,92.9731083155993
37039,NC,Ages 35-64 years,2030,201.30949505384422,193.096997795985,210.8500426347772
37041,NC,Ages 35-64 years,2030,228.85511174168454,222.2172485965877,235.28756370700006
37043,NC,Ages 35-64 years,2030,145.77013860329313,139.4728028356105,152.15575728219613
37045,NC,Ages 35-64 years,2030,202.18320324723646,193.37281680169565,212.51485155782015
37047,NC,Ages 35-64 years,2030,258.82148598630033,252.7969607508238,264.74438006178246
37049,NC,Ages 35-64 years,2030,189.43013524248528,183.2420880606621,195.97182357701416
37051,NC,Ages 35-64 years,2030,203.5066213466403,196.13662016994004,211.3252928756801
37053,NC,Ages 35-64 years,2030,126.39261167740145,123.07361729433211,129.47997144109013
37055,NC,Ages 35-64 years,2030,102.03518225659197,97.20573140708935,106.747778457925
37057,NC,Ages 35-64 years,2030,148.90482564785322,144.4912661976903,153.3304120218557
37059,NC,Ages 35-64 years,2030,128.6723347400773,123.30001836402599,134.03727682131608
37061,NC,Ages 35-64 years,2030,210.04651103691714,201.61692715761194,218.59940012070248
37063,NC,Ages 35-64 years,2030,93.4355693354613,86.99961424652349,99.57154152456918
37065,NC,Ages 35-64 years,2030,286.2236239631109,277.44500315071156,295.09584428566285
37067,NC,Ages 35-64 years,2030,145.03633222368765,138.87692014937406,151.7381590021073
37069,NC,Ages 35-64 years,2030,153.6371330499081,149.1438428110551,158.14405402344022
37071,NC,Ages 35-64 years,2030,168.00534559885892,159.41244406069643,176.43626598934793
37073,NC,Ages 35-64 years,2030,171.64954819469233,166.43012422038095,177.31634790039593
37075,NC,Ages 35-64 years,2030,197.38318220977348,186.64896129310856,207.4410569353099
37077,NC,Ages 35-64 years,2030,125.30590779274587,121.70309934223143,128.6387256089645
37079,NC,Ages 35-64 years,2030,163.1600918063352,158.09640006036753,167.93686984499365
37081,NC,Ages 35-64 years,2030,132.35337327458276,125.93382176376748,138.967971154335
37083,NC,Ages 35-64 years,2030,217.51080334848797,209.39694118206128,225.5023238104335
37085,NC,Ages 35-64 years,2030,148.46868791637573,142.02164988891764,154.86434051043688
37087,NC,Ages 35-64 years,2030,189.0113409073028,181.68278858275002,196.11592753021804
37089,NC,Ages 35-64 years,2030,110.90175387904407,103.87793256988766,117.80929431883258
37091,NC,Ages 35-64 years,2030,212.32834187733036,206.02839465720928,219.40398004592603
37093,NC,Ages 35-64 years,2030,186.92415116219635,179.5342192017475,193.56618153272353
37095,NC,Ages 35-64 years,2030,198.7389225673054,187.73541946891032,211.27799653884304
37097,NC,Ages 35-64 years,2030,104.85841288449467,97.28007371217097,112.18288050205562
37099,NC,Ages 35-64 years,2030,165.4907313507628,156.19110644972082,174.49777317351553
37101,NC,Ages 35-64 years,2030,105.70182116088434,101.43694981393837,110.29481999564588
37103,NC,Ages 35-64 years,2030,198.3508518030146,188.042059460075,207.984865915256
37105,NC,Ages 35-64 years,2030,131.07866574190345,126.16606183531947,135.71300596505222
37107,NC,Ages 35-64 years,2030,286.85706264985754,277.31905985804116,295.43459919155015
37109,NC,Ages 35-64 years,2030,105.81090071128244,101.38404745418669,110.16046770555478
37111,NC,Ages 35-64 years,2030,133.97187887508284,129.44662406725604,138.4441821483144
37113,NC,Ages 35-64 years,2030,161.55997684206466,154.9098953916414,168.18752178563955
37115,NC,Ages 35-64 years,2030,157.45420149030792,153.22253201350526,161.68127612708537
37117,NC,Ages 35-64 years,2030,253.68340432039108,245.2209626101128,262.75866821159445
37119,NC,Ages 35-64 years,2030,96.27849245442513,93.74652587091713,98.67721713068816
37121,NC,Ages 35-64 years,2030,183.59290166820784,175.00988192783805,192.62220174871274
37123,NC,Ages 35-64 years,2030,162.38310653243695,155.07426433184946,169.4459316557647
37125,NC,Ages 35-64 years,2030,131.89374540027822,126.64203809483075,138.30742800473652
37127,NC,Ages 35-64 years,2030,194.25649284579418,188.22167913150133,200.56541450209448
37129,NC,Ages 35-64 years,2030,67.23365091708746,61.64043845374988,73.29088521901595
37131,NC,Ages 35-64 years,2030,193.0403028174162,187.02290514075364,199.0269776807246
37133,NC,Ages 35-64 years,2030,233.37880886654577,224.0797219839198,242.72992086050866
37135,NC,Ages 35-64 years,2030,65.00201905940828,60.817383021932,69.40182190145929
37137,NC,Ages 35-64 years,2030,146.15864769783732,141.42087869186864,150.9866539260539
37139,NC,Ages 35-64 years,2030,199.95082372211502,194.15048099471855,205.45876287263752
37141,NC,Ages 35-64 years,2030,134.55480832555395,129.82427262991004,139.052993126111
37143,NC,Ages 35-64 years,2030,201.52449068936522,195.19816579865514,207.11348957545962
37145,NC,Ages 35-64 years,2030,156.6958695905162,149.89117781621655,163.54413727147477
37147,NC,Ages 35-64 years,2030,169.18687092306297,163.5609734624039,175.1747633904611
37149,NC,Ages 35-64 years,2030,106.04839070257935,100.59982716674043,111.52206715483113
37151,NC,Ages 35-64 years,2030,208.55650905255635,199.87658193725454,217.0946162023862
37153,NC,Ages 35-64 years,2030,253.47104772385447,242.2653113338972,264.6299415081332
37155,NC,Ages 35-64 years,2030,278.64610983308523,267.74564099315506,289.83119480921414
37157,NC,Ages 35-64 years,2030,230.77296336655792,220.60409229841403,241.11727891687468
37159,NC,Ages 35-64 years,2030,187.17386695944438,180.623144703926,193.90182681236217
37161,NC,Ages 35-64 years,2030,174.8634247514251,169.7317730236173,179.97643015138627
37163,NC,Ages 35-64 years,2030,174.141425157743,167.04140032689764,180.94259223423666
37165,NC,Ages 35-64 years,2030,274.65695045944005,262.33990940063114,286.7972208341266
37167,NC,Ages 35-64 years,2030,161.96126079927427,154.71033186657712,169.3252807054211
37169,NC,Ages 35-64 years,2030,168.9296281029308,161.59655348065468,176.05833722645036
37171,NC,Ages 35-64 years,2030,187.48937238428852,180.6934158710009,194.43657425059493
37173,NC,Ages 35-64 years,2030,300.8044359189875,285.8689029848787,315.5917615876866
37175,NC,Ages 35-64 years,2030,106.1789321659525,100.48688078306222,112.27453166044326
37177,NC,Ages 35-64 years,2030,162.10525891175925,156.912011772887,167.01956214584587
37179,NC,Ages 35-64 years,2030,73.10937306275204,70.30229085114487,75.75036680599418
37181,NC,Ages 35-64 years,2030,289.2568096393711,280.07840444125674,298.6856498007901
37183,NC,Ages 35-64 years,2030,66.1591358162026,62.600911206540765,69.79441331767215
37185,NC,Ages 35-64 years,2030,213.630242917695,206.91754248804003,220.52703411328332
37187,NC,Ages 35-64 years,2030,226.0923553077919,216.13963368794813,237.21704142056302
37189,NC,Ages 35-64 years,2030,92.15710463796323,87.44430552562308,96.66755667326952
37191,NC,Ages 35-64 years,2030,237.4099984566515,227.84347042513264,248.11007057814587
37193,NC,Ages 35-64 years,2030,150.02309253637858,146.1516888596,153.77658289622735
37195,NC,Ages 35-64 years,2030,178.6163769668516,171.74545082861363,185.67156806428903
37197,NC,Ages 35-64 years,2030,180.43006831215985,171.64363654459228,188.8693267203187
37199,NC,Ages 35-64 years,2030,138.6644448763431,134.18046610291012,142.97277988565267
38001,ND,Ages 35-64 years,2030,156.38637236061723,148.7890929728035,163.6564592809078
38003,ND,Ages 35-64 years,2030,115.76205383065314,110.60476088451789,120.80043204682565
38005,ND,Ages 35-64 years,2030,219.37036187828357,208.67734929427604,228.86053084970504
38007,ND,Ages 35-64 years,2030,156.38637236061723,149.1628428001982,163.68809927135024
38009,ND,Ages 35-64 years,2030,139.00559445473695,135.18135739954468,142.91546017709842
38011,ND,Ages 35-64 years,2030,159.19606033400507,153.40090644298388,164.73366685422306
38013,ND,Ages 35-64 years,2030,156.38637236061723,149.75509781434744,163.678728311752
38015,ND,Ages 35-64 years,2030,117.73362622336525,112.85354497329622,122.7890518761316
38017,ND,Ages 35-64 years,2030,82.78369849650362,78.69984464196162,87.18709282624779
38019,ND,Ages 35-64 years,2030,78.4631699012242,75.9991026231871,81.28693057389943
38021,ND,Ages 35-64 years,2030,121.08729636338364,116.07428634268382,126.43411935430505
38023,ND,Ages 35-64 years,2030,156.38637236061723,149.05807146285414,163.28563019530378
38025,ND,Ages 35-64 years,2030,124.21890014308218,119.6749163955561,129.43582712323055
38027,ND,Ages 35-64 years,2030,156.38637236061723,149.31855367859816,163.75661804622473
38029,ND,Ages 35-64 years,2030,148.38248106006193,142.1378148781965,154.85103979419665
38031,ND,Ages 35-64 years,2030,157.0697142186801,149.34960815707342,164.8026897043764
38033,ND,Ages 35-64 years,2030,156.38637236061723,148.9546258282077,164.27901161856786
38035,ND,Ages 35-64 years,2030,119.69746949785555,113.79808646393622,124.991957984772
38037,ND,Ages 35-64 years,2030,156.38637236061723,148.81820070095168,163.78003630850895
38039,ND,Ages 35-64 years,2030,156.38637236061723,149.29136150357803,163.27040589545078
38041,ND,Ages 35-64 years,2030,156.38637236061723,149.27054649055788,163.64778487972825
38043,ND,Ages 35-64 years,2030,156.38637236061723,149.1421911762079,162.7512188593331
38045,ND,Ages 35-64 years,2030,85.38815552258225,82.52267043371273,88.30785163691576
38047,ND,Ages 35-64 years,2030,156.38637236061723,149.21267884528098,163.48161440490242
38049,ND,Ages 35-64 years,2030,150.91080941108217,143.32764451539725,158.23560436570915
38051,ND,Ages 35-64 years,2030,156.38637236061723,149.44291705991603,163.23018467049206
38053,ND,Ages 35-64 years,2030,168.52367144906813,162.92999478017782,174.49077781778328
38055,ND,Ages 35-64 years,2030,131.9568427390878,128.99437301042533,134.97491656239296
38057,ND,Ages 35-64 years,2030,114.01090265848431,109.62983980969746,118.83636326147631
38059,ND,Ages 35-64 years,2030,143.35686689725384,137.7394571956528,149.28503982934768
38061,ND,Ages 35-64 years,2030,277.5511807617284,265.694555568237,288.51425964389466
38063,ND,Ages 35-64 years,2030,134.92087385524673,129.99514300192624,139.8787901180148
38065,ND,Ages 35-64 years,2030,156.38637236061723,149.41349457152853,164.11201704751292
38067,ND,Ages 35-64 years,2030,120.80476025627216,116.86731874791198,125.09181530205962
38069,ND,Ages 35-64 years,2030,154.00551475740045,149.15395983101885,159.20020052938298
38071,ND,Ages 35-64 years,2030,147.27631825406718,140.542291631566,154.52478745140408
38073,ND,Ages 35-64 years,2030,150.98987159033743,144.01045919153947,158.2678066711985
38075,ND,Ages 35-64 years,2030,156.38637236061723,149.44995372474114,164.09764999833592
38077,ND,Ages 35-64 years,2030,125.09644390166552,120.50385687541868,129.9548233638578
38079,ND,Ages 35-64 years,2030,413.20067363695193,389.83363658917216,434.7054361666379
38081,ND,Ages 35-64 years,2030,105.27365226811612,99.51579210288955,110.30447993201388
38083,ND,Ages 35-64 years,2030,156.38637236061723,149.49781668462856,163.34402822785816
38085,ND,Ages 35-64 years,2030,547.8827995362873,526.9505977378386,571.8350194999016
38087,ND,Ages 35-64 years,2030,156.38637236061723,149.1758614566731,163.31032281863693
38089,ND,Ages 35-64 years,2030,122.33989261559526,117.16753241113292,127.31996957430827
38091,ND,Ages 35-64 years,2030,156.38637236061723,149.6236077135276,163.23856903545436
38093,ND,Ages 35-64 years,2030,124.3387308806328,118.79949875130625,129.92059246513858
38095,ND,Ages 35-64 years,2030,156.38637236061723,148.8749346723983,163.7847174461264
38097,ND,Ages 35-64 years,2030,97.63978815668546,91.6517457968012,103.20971428817136
38099,ND,Ages 35-64 years,2030,115.400082744651,110.43860993010804,120.70357436851737
38101,ND,Ages 35-64 years,2030,115.32353765190062,108.69703491163105,122.22941139112746
38103,ND,Ages 35-64 years,2030,137.30647897315626,132.12131266795842,143.08592414003388
38105,ND,Ages 35-64 years,2030,149.69219204017915,143.4730985739129,156.1104059375382
39001,OH,Ages 35-64 years,2030,227.52115342790523,218.6065089096025,236.06369060917106
39003,OH,Ages 35-64 years,2030,204.28712269115232,195.0370893919741,213.4752134054573
39005,OH,Ages 35-64 years,2030,172.11009507040936,164.94267155269003,179.8077440540291
39007,OH,Ages 35-64 years,2030,204.65032588947085,194.29523297836295,214.71358190792515
39009,OH,Ages 35-64 years,2030,179.08979676532638,170.47117463407935,187.57933394677588
39011,OH,Ages 35-64 years,2030,158.54670546005124,151.78880763898383,165.52205568818096
39013,OH,Ages 35-64 years,2030,180.496755290444,174.62339433157194,185.80977135860954
39015,OH,Ages 35-64 years,2030,217.70506163084747,211.10150542760024,224.51509686180773
39017,OH,Ages 35-64 years,2030,167.21429096312676,160.904249849893,173.11008137702567
39019,OH,Ages 35-64 years,2030,168.84386574744525,163.844657308726,173.8685141210353
39021,OH,Ages 35-64 years,2030,142.8739501587868,135.23381742800655,151.26667093445207
39023,OH,Ages 35-64 years,2030,253.96261211746642,242.74063623957417,265.29387575781993
39025,OH,Ages 35-64 years,2030,147.02162166127326,142.91027665426327,150.88931862266264
39027,OH,Ages 35-64 years,2030,224.91324395611056,216.63673402301296,233.5511861651964
39029,OH,Ages 35-64 years,2030,187.4872279539997,181.4285595499403,193.30908080241915
39031,OH,Ages 35-64 years,2030,169.26897234127748,164.0704173107514,174.54401608996588
39033,OH,Ages 35-64 years,2030,261.5352507784762,249.84666404492685,273.1544423668025
39035,OH,Ages 35-64 years,2030,201.0088576783599,191.88266394100404,210.34663013075863
39037,OH,Ages 35-64 years,2030,172.44694594924135,163.30965327126856,181.65570223404268
39039,OH,Ages 35-64 years,2030,153.6307514114335,147.50226032398604,160.08553819350973
39041,OH,Ages 35-64 years,2030,78.18222665895141,74.19595820868551,82.29072619825534
39043,OH,Ages 35-64 years,2030,206.7653273176927,198.11629501575212,214.74964969799828
39045,OH,Ages 35-64 years,2030,114.62027361533809,108.91689288903942,120.21624484486902
39047,OH,Ages 35-64 years,2030,270.89130290069966,258.63256515896,282.1906288828414
39049,OH,Ages 35-64 years,2030,163.98111571803938,154.37572166243,173.58350831283275
39051,OH,Ages 35-64 years,2030,133.83034555858376,128.295724394256,139.25439681898706
39053,OH,Ages 35-64 years,2030,305.1330663206627,290.07074261969626,319.5357173050274
39055,OH,Ages 35-64 years,2030,67.23985292919544,65.48883824694187,69.02703076060698
39057,OH,Ages 35-64 years,2030,124.59995553962409,117.87668354972043,131.092856792167
39059,OH,Ages 35-64 years,2030,151.35268575475314,146.44539561040597,156.1681030919602
39061,OH,Ages 35-64 years,2030,164.01832410501177,159.34715236740456,168.85197029964775
39063,OH,Ages 35-64 years,2030,135.06283188986978,129.1887539696821,141.07939188451454
39065,OH,Ages 35-64 years,2030,202.3673231872063,196.17362924992202,208.85585138079335
39067,OH,Ages 35-64 years,2030,186.76499979230874,181.65695170474402,191.70233903302204
39069,OH,Ages 35-64 years,2030,122.30664854822143,117.39489718157009,127.2917596297004
39071,OH,Ages 35-64 years,2030,200.32378229033083,192.29167159377826,207.73859743535792
39073,OH,Ages 35-64 years,2030,196.617378429518,191.0603501720983,203.06729235116538
39075,OH,Ages 35-64 years,2030,110.70920262848483,106.7184884670431,114.97595281916432
39077,OH,Ages 35-64 years,2030,207.0343900769161,199.28938446590595,215.61690902289774
39079,OH,Ages 35-64 years,2030,296.6767688829941,286.3929924102623,307.69587904871565
39081,OH,Ages 35-64 years,2030,237.74020217512708,231.61491520035054,244.10195090658723
39083,OH,Ages 35-64 years,2030,163.15398566073569,155.98094787899942,170.57523676058355
39085,OH,Ages 35-64 years,2030,143.29578678626572,138.09204544054182,148.73809049183004
39087,OH,Ages 35-64 years,2030,281.6032810878878,270.4787464049427,291.96108164762387
39089,OH,Ages 35-64 years,2030,133.21002952476675,128.90720277095045,137.5427978197999
39091,OH,Ages 35-64 years,2030,181.02385316017768,175.84978511981592,185.49326635265618
39093,OH,Ages 35-64 years,2030,146.66983729010923,140.90627393525622,152.48964260062624
39095,OH,Ages 35-64 years,2030,229.93738149209204,218.63887938359588,241.45015801776168
39097,OH,Ages 35-64 years,2030,131.35428540301012,125.04325894272539,137.74490528611884
39099,OH,Ages 35-64 years,2030,260.7869300751657,246.19129939259238,275.2179933981766
39101,OH,Ages 35-64 years,2030,218.6640532196419,210.12244600304803,227.099977747229
39103,OH,Ages 35-64 years,2030,95.51132461476209,90.89828826143685,100.00255038250002
39105,OH,Ages 35-64 years,2030,216.9221735797655,210.7368696673712,223.02770646561933
39107,OH,Ages 35-64 years,2030,173.33932965000045,164.82786489807623,181.58264210769676
39109,OH,Ages 35-64 years,2030,210.83056727362134,204.79000732257867,216.56556878072863
39111,OH,Ages 35-64 years,2030,162.87026777980225,158.0493411324542,167.5086288358965
39113,OH,Ages 35-64 years,2030,242.25422908719952,233.02737292925335,251.7914287638223
39115,OH,Ages 35-64 years,2030,123.6485431540677,120.2578233741695,127.14250190960622
39117,OH,Ages 35-64 years,2030,164.81459073103358,158.9912373760159,170.69865083232588
39119,OH,Ages 35-64 years,2030,138.998616011935,134.6360204291557,143.80201507814377
39121,OH,Ages 35-64 years,2030,103.59291753677009,100.56740389583955,106.83842182299527
39123,OH,Ages 35-64 years,2030,143.61454380922103,137.08376763279372,150.17456605170406
39125,OH,Ages 35-64 years,2030,140.6811762531868,134.25690590680938,146.272655036795
39127,OH,Ages 35-64 years,2030,214.25645463951037,204.24127305142045,223.7262152766532
39129,OH,Ages 35-64 years,2030,189.4784662934541,183.02223725284534,196.34540015453734
39131,OH,Ages 35-64 years,2030,335.86587906913564,319.6265208636592,350.92748480368084
39133,OH,Ages 35-64 years,2030,133.57696849705616,130.27917559365892,136.76620777146937
39135,OH,Ages 35-64 years,2030,183.37880380130235,175.91577680024963,191.2794637684322
39137,OH,Ages 35-64 years,2030,108.81234693754219,104.34999918191718,112.99283416704745
39139,OH,Ages 35-64 years,2030,257.5786925142139,246.34538563189005,269.2301921405115
39141,OH,Ages 35-64 years,2030,156.9441231570837,152.32936010182462,161.55311706261622
39143,OH,Ages 35-64 years,2030,162.2473816461788,155.94405033262578,168.5658235257836
39145,OH,Ages 35-64 years,2030,260.91321237249895,251.66779845511746,270.6789444939475
39147,OH,Ages 35-64 years,2030,222.50862883041646,212.29540035121286,233.40133775403365
39149,OH,Ages 35-64 years,2030,161.63716195859396,157.33011031169374,165.7434054787121
39151,OH,Ages 35-64 years,2030,175.52372787485197,168.12593164548213,182.85096145373097
39153,OH,Ages 35-64 years,2030,167.1936494518923,161.1115268263589,172.88943410153172
39155,OH,Ages 35-64 years,2030,239.76661412441868,229.36296810119214,248.46131730833963
39157,OH,Ages 35-64 years,2030,134.7781558885822,131.00484608399339,138.45981219387443
39159,OH,Ages 35-64 years,2030,99.55191856934579,97.15231844796641,101.73117915961939
39161,OH,Ages 35-64 years,2030,191.4124107023176,183.2113990349772,199.3848833656785
39163,OH,Ages 35-64 years,2030,236.53716966604176,227.26186044326116,245.9984285727019
39165,OH,Ages 35-64 years,2030,87.11373924630385,83.85390078898133,90.09820612694898
39167,OH,Ages 35-64 years,2030,144.2106234955165,140.19269357466897,148.33086728052277
39169,OH,Ages 35-64 years,2030,132.94783977412132,126.68162899860833,138.9425431544748
39171,OH,Ages 35-64 years,2030,167.810806467458,159.52055252819855,175.78754510607573
39173,OH,Ages 35-64 years,2030,130.85002254600371,124.69416479205134,136.5369191142758
39175,OH,Ages 35-64 years,2030,149.54023184986173,142.977230013502,156.64802982612935
40001,OK,Ages 35-64 years,2030,369.03680487567436,357.0380669259064,380.49615758693784
40003,OK,Ages 35-64 years,2030,212.0197739927793,203.0365381673446,220.55088724856125
40005,OK,Ages 35-64 years,2030,333.7440191204417,320.44662487904617,347.4356691090442
40007,OK,Ages 35-64 years,2030,198.12935671624592,190.57444052999008,205.89514737957185
40009,OK,Ages 35-64 years,2030,213.20899780426538,206.75495520451534,219.2695738483073
40011,OK,Ages 35-64 years,2030,269.7015893267348,260.37379330209984,280.3138393536949
40013,OK,Ages 35-64 years,2030,288.35467184423123,277.12553850260264,300.5991382115763
40015,OK,Ages 35-64 years,2030,312.867521231454,301.10185948193435,324.22003531425395
40017,OK,Ages 35-64 years,2030,120.5040653656685,116.1416360491472,125.48869747109894
40019,OK,Ages 35-64 years,2030,232.41903435910007,222.87962325752787,242.53732578249844
40021,OK,Ages 35-64 years,2030,307.5202253286488,295.9884595295369,320.0540589240583
40023,OK,Ages 35-64 years,2030,378.51103163175964,362.5366794614996,393.7407545742917
40025,OK,Ages 35-64 years,2030,273.0934520081263,262.85121461321785,282.49846443116803
40027,OK,Ages 35-64 years,2030,141.19747924113415,138.2872861744317,144.07386192280296
40029,OK,Ages 35-64 years,2030,353.9212369735423,341.6233223380836,365.34103824999795
40031,OK,Ages 35-64 years,2030,224.9837608759613,219.2244146202662,231.12270026321406
40033,OK,Ages 35-64 years,2030,244.6512458765756,235.2923516122975,253.41326813340854
40035,OK,Ages 35-64 years,2030,328.41198259653623,317.32621579851667,339.3990156518488
40037,OK,Ages 35-64 years,2030,277.14275714459455,271.21650198187484,283.84725371659795
40039,OK,Ages 35-64 years,2030,289.00773742170736,277.32528288723483,299.67055385564663
40041,OK,Ages 35-64 years,2030,269.6802509015768,257.8821181446303,281.6992580052787
40043,OK,Ages 35-64 years,2030,335.87626229945266,321.6299574082042,349.59518316763916
40045,OK,Ages 35-64 years,2030,241.0405820907461,233.09276641458766,248.81131816461607
40047,OK,Ages 35-64 years,2030,243.07150111089862,236.7984751493966,249.40032348739302
40049,OK,Ages 35-64 years,2030,257.9610428884527,249.14995731418722,266.0023805285986
40051,OK,Ages 35-64 years,2030,182.48899872638614,175.12114566037414,188.86391059787212
40053,OK,Ages 35-64 years,2030,237.38110340947662,228.3851655512701,246.23040019466868
40055,OK,Ages 35-64 years,2030,204.89116622665435,200.40674496706464,208.9899733956165
40057,OK,Ages 35-64 years,2030,273.0934520081263,262.86412297426506,283.27365219713903
40059,OK,Ages 35-64 years,2030,185.84509668689864,177.3279632867252,193.98167875803793
40061,OK,Ages 35-64 years,2030,400.74809055955404,385.09207839135576,417.2719024978263
40063,OK,Ages 35-64 years,2030,389.4622796520244,376.54841587194574,400.7334096786381
40065,OK,Ages 35-64 years,2030,205.93349590834862,197.69569031226558,214.05259669805233
40067,OK,Ages 35-64 years,2030,285.37417275472063,276.2712648211783,295.46589640092617
40069,OK,Ages 35-64 years,2030,232.36617900955662,224.3291384298455,239.81508788677823
40071,OK,Ages 35-64 years,2030,298.3790989250615,287.0921302798227,308.6047601228787
40073,OK,Ages 35-64 years,2030,148.69706600382108,144.20424850107182,153.6099177171776
40075,OK,Ages 35-64 years,2030,278.48978025521967,268.5123814499828,288.12641970625833
40077,OK,Ages 35-64 years,2030,316.6171791347328,304.1175702583897,328.77877460197226
40079,OK,Ages 35-64 years,2030,389.7440443910821,374.8768352053133,405.7848102370174
40081,OK,Ages 35-64 years,2030,268.36710945691954,261.3219436534163,275.901189507464
40083,OK,Ages 35-64 years,2030,166.42195799598687,160.14890963612388,172.16500623896235
40085,OK,Ages 35-64 years,2030,211.27420604532827,202.73993571898575,220.65587275958998
40087,OK,Ages 35-64 years,2030,152.09307515516394,147.31946417827254,156.8901061222829
40089,OK,Ages 35-64 years,2030,368.6712267770571,355.95515687551296,383.05325273869767
40091,OK,Ages 35-64 years,2030,418.13458678392647,403.21434427074865,433.1230680664876
40093,OK,Ages 35-64 years,2030,236.4990951252944,223.73323893379833,249.97271737634819
40095,OK,Ages 35-64 years,2030,220.6557709342102,210.755252321549,230.92128233869937
40097,OK,Ages 35-64 years,2030,265.4289766704408,254.20584532875702,275.86728021097474
40099,OK,Ages 35-64 years,2030,252.88930781748937,243.8243409979857,262.78281165709143
40101,OK,Ages 35-64 years,2030,436.9810359838536,422.8532120307623,448.8433978605581
40103,OK,Ages 35-64 years,2030,251.65510815913592,244.34702654650772,258.85015366343924
40105,OK,Ages 35-64 years,2030,250.06253186878902,244.22336196215022,256.57809220881074
40107,OK,Ages 35-64 years,2030,388.4275670110177,377.63455525996073,398.6372200623872
40109,OK,Ages 35-64 years,2030,209.65986917603593,205.3054531006969,213.84856733505026
40111,OK,Ages 35-64 years,2030,451.2169545998,435.1340782509832,466.4378433878413
40113,OK,Ages 35-64 years,2030,192.33873259427713,186.7275882979311,197.76266122867628
40115,OK,Ages 35-64 years,2030,352.8101776783112,342.2487659871757,363.3560866759162
40117,OK,Ages 35-64 years,2030,286.0827812307729,278.0168636413044,294.56490619838894
40119,OK,Ages 35-64 years,2030,210.96341685697678,204.44330422923582,217.4131484652432
40121,OK,Ages 35-64 years,2030,394.38100905840685,379.5603046296015,409.66582565646536
40123,OK,Ages 35-64 years,2030,241.13981709390293,234.60422465862095,249.12023862746628
40125,OK,Ages 35-64 years,2030,258.58634560810043,249.0623002168178,268.6870612289335
40127,OK,Ages 35-64 years,2030,412.8626019579916,392.27856671943255,432.72762007457106
40129,OK,Ages 35-64 years,2030,191.22545377773753,182.83625108630844,199.4401335026684
40131,OK,Ages 35-64 years,2030,175.20616387422666,170.06614721999102,180.75314407130637
40133,OK,Ages 35-64 years,2030,392.0504502297962,381.26656301065634,401.44048116453575
40135,OK,Ages 35-64 years,2030,384.30565547346924,368.66987843185944,402.0289261973433
40137,OK,Ages 35-64 years,2030,229.9757340431114,221.34654141122783,237.8891817841047
40139,OK,Ages 35-64 years,2030,212.5333840361147,205.83536616856196,219.02610885437517
40141,OK,Ages 35-64 years,2030,246.969251711921,237.2062024078192,257.0072540290715
40143,OK,Ages 35-64 years,2030,224.55982588658628,219.09238544628306,230.75512767892758
40145,OK,Ages 35-64 years,2030,185.29217246357703,179.73963287936257,190.3914753877866
40147,OK,Ages 35-64 years,2030,275.8625541390215,264.36501961105984,286.77616651407607
40149,OK,Ages 35-64 years,2030,191.35022169957534,185.994985104528,196.98364820608697
40151,OK,Ages 35-64 years,2030,305.22300697780264,289.7282216482551,319.0719674469377
40153,OK,Ages 35-64 years,2030,252.6341448957061,242.16936051129312,263.27165161252174
41001,OR,Ages 35-64 years,2030,101.1045380599979,95.02347008401989,106.72433780976573
41003,OR,Ages 35-64 years,2030,61.89380638883842,58.57588097194544,65.24912024364306
41005,OR,Ages 35-64 years,2030,73.66433558726688,71.07523186432518,76.42958900177645
41007,OR,Ages 35-64 years,2030,172.86681487049344,166.20683918944235,180.71521496771777
41009,OR,Ages 35-64 years,2030,120.09526099329035,113.96030946292849,125.94543321259731
41011,OR,Ages 35-64 years,2030,131.34093033826593,127.85409178882942,134.65300594981096
41013,OR,Ages 35-64 years,2030,83.9759964325223,79.9164928293294,88.29511936823432
41015,OR,Ages 35-64 years,2030,145.46890401755502,140.09154549441988,150.9476566659079
41017,OR,Ages 35-64 years,2030,55.11858742906471,52.01604316765241,58.05874554861459
41019,OR,Ages 35-64 years,2030,163.7727229116064,157.12176953786096,170.08501554953637
41021,OR,Ages 35-64 years,2030,112.78048871007144,107.8564747501107,117.56061538742414
41023,OR,Ages 35-64 years,2030,93.69683708726785,89.87677611563923,96.91919636744598
41025,OR,Ages 35-64 years,2030,86.2980368985306,80.98896176287994,91.65445470079274
41027,OR,Ages 35-64 years,2030,80.05202270244705,76.61147777967133,83.50659631874915
41029,OR,Ages 35-64 years,2030,82.47696706722795,78.04046843488356,87.08572067149278
41031,OR,Ages 35-64 years,2030,90.56188652843005,87.98675005664789,93.19776050297864
41033,OR,Ages 35-64 years,2030,129.66583102762806,124.63969676605555,134.7378532835729
41035,OR,Ages 35-64 years,2030,167.89675254651462,160.3190046996831,174.2738101353076
41037,OR,Ages 35-64 years,2030,113.24986804353675,107.84296365410187,119.06436181775878
41039,OR,Ages 35-64 years,2030,104.72010200807911,100.81233568354858,108.40136643907854
41041,OR,Ages 35-64 years,2030,130.95305727412742,124.9114749246686,136.86957205193056
41043,OR,Ages 35-64 years,2030,132.11540260575265,127.95723971737789,136.03709411139545
41045,OR,Ages 35-64 years,2030,144.78980219806283,139.475537058877,150.1109789709469
41047,OR,Ages 35-64 years,2030,92.96991591285513,89.53827846397866,96.31542040393528
41049,OR,Ages 35-64 years,2030,129.39114652080454,126.0113507085104,132.83372784824624
41051,OR,Ages 35-64 years,2030,105.267423505635,102.46231334939381,108.44208988770352
41053,OR,Ages 35-64 years,2030,84.53393030172542,82.25501800599486,86.73497612133896
41055,OR,Ages 35-64 years,2030,112.78048871007144,107.48120724697722,117.8756199529379
41057,OR,Ages 35-64 years,2030,127.38368901461317,121.16151268458331,133.58761699525155
41059,OR,Ages 35-64 years,2030,111.32102326315172,108.12150283226119,114.85683495643228
41061,OR,Ages 35-64 years,2030,116.35261862038251,110.87600787640083,122.27074551956346
41063,OR,Ages 35-64 years,2030,93.13433707453945,86.98874009791703,99.3368263112683
41065,OR,Ages 35-64 years,2030,138.73830753806382,132.24592376136093,144.8438756071536
41067,OR,Ages 35-64 years,2030,71.0739186322775,68.07484208257696,74.1969813716299
41069,OR,Ages 35-64 years,2030,112.78048871007144,107.54829786139867,117.54475792279325
41071,OR,Ages 35-64 years,2030,102.02244107259554,98.37645734350738,105.42351872613838
42001,PA,Ages 35-64 years,2030,92.73017596747792,89.3433168867841,96.13042960164897
42003,PA,Ages 35-64 years,2030,147.53381319455835,143.09578824718238,151.70162154341793
42005,PA,Ages 35-64 years,2030,147.87152508688717,141.37025873351732,154.263463224653
42007,PA,Ages 35-64 years,2030,201.08159314573072,193.4127788249072,208.41787501266592
42009,PA,Ages 35-64 years,2030,157.21572126329366,150.26283873074968,164.52293318166542
42011,PA,Ages 35-64 years,2030,116.1023021998094,113.34472841807634,118.83421719761792
42013,PA,Ages 35-64 years,2030,170.5534196067724,164.56882143558283,175.9082024104979
42015,PA,Ages 35-64 years,2030,146.7840235198433,141.38552738807655,151.8997077996961
42017,PA,Ages 35-64 years,2030,66.72822258860805,62.94695727137714,70.5546723344989
42019,PA,Ages 35-64 years,2030,114.72479843136611,108.60314659302466,120.76719866279969
42021,PA,Ages 35-64 years,2030,172.72539018378282,165.45104299900532,180.58843032031598
42023,PA,Ages 35-64 years,2030,143.66939810199378,137.30932455008536,149.67714740765473
42025,PA,Ages 35-64 years,2030,135.56981913064485,130.72891816190676,140.18650875779508
42027,PA,Ages 35-64 years,2030,69.7651380195729,65.16447528980358,74.5727541620365
42029,PA,Ages 35-64 years,2030,56.32176827160565,53.6700393147479,58.86707628023524
42031,PA,Ages 35-64 years,2030,185.06268137061625,175.95697284554274,193.26718118962066
42033,PA,Ages 35-64 years,2030,135.01979966677715,129.2252736544628,141.61947299978098
42035,PA,Ages 35-64 years,2030,142.0994575993799,134.37224308328285,149.6524511693742
42037,PA,Ages 35-64 years,2030,146.6362514909799,139.33708836869283,153.3053447970551
42039,PA,Ages 35-64 years,2030,159.28203435654282,152.58492531221938,166.5384295744494
42041,PA,Ages 35-64 years,2030,93.38949588999064,91.50409584009931,95.23395045896541
42043,PA,Ages 35-64 years,2030,142.4378526449769,132.96383181222856,151.06722864089903
42045,PA,Ages 35-64 years,2030,110.79109382366086,104.53725720772644,117.49875502514193
42047,PA,Ages 35-64 years,2030,126.7719541904911,122.94513238686724,130.94970559957017
42049,PA,Ages 35-64 years,2030,152.12758463176405,145.47471101900427,158.9082201178355
42051,PA,Ages 35-64 years,2030,215.66526130982163,205.72204293502787,225.42451549625463
42053,PA,Ages 35-64 years,2030,175.04499710891545,168.66410817557835,181.47944006971517
42055,PA,Ages 35-64 years,2030,119.57230457156386,116.44468729906758,122.64542741198004
42057,PA,Ages 35-64 years,2030,138.30591094428334,132.43665677180826,144.42891859538486
42059,PA,Ages 35-64 years,2030,205.0983780787629,196.82339777552784,213.28181742439705
42061,PA,Ages 35-64 years,2030,106.84227005572839,102.3025814394478,111.21179331131015
42063,PA,Ages 35-64 years,2030,139.01169604602313,133.38500033838284,145.70735618192822
42065,PA,Ages 35-64 years,2030,119.95546255990642,115.63158704420391,124.14502155035181
42067,PA,Ages 35-64 years,2030,113.11547447798338,107.08855844814013,118.92342107242271
42069,PA,Ages 35-64 years,2030,161.44208905650035,157.14700996428155,165.43334734644688
42071,PA,Ages 35-64 years,2030,96.48410639087847,92.49699014130644,100.21240670418864
42073,PA,Ages 35-64 years,2030,210.19800991184812,197.97294999293365,221.13787669457994
42075,PA,Ages 35-64 years,2030,172.5762169747288,167.09461832248925,178.1102190935931
42077,PA,Ages 35-64 years,2030,93.78139956433844,91.0929306248254,96.43668729572977
42079,PA,Ages 35-64 years,2030,126.13227193932612,122.32736029699049,129.93572665400805
42081,PA,Ages 35-64 years,2030,111.81300261854449,107.77058884967515,115.76033501557497
42083,PA,Ages 35-64 years,2030,164.96996664448713,158.0610440813528,172.18176316981842
42085,PA,Ages 35-64 years,2030,191.53982461122274,184.49332648891763,198.9188505390673
42087,PA,Ages 35-64 years,2030,127.12222911812799,120.74490620361743,133.25508868214843
42089,PA,Ages 35-64 years,2030,150.64894659555424,144.9423455628665,156.5303657443472
42091,PA,Ages 35-64 years,2030,93.57544614499811,90.20448549396087,97.10093374819287
42093,PA,Ages 35-64 years,2030,91.572374561174,85.42177300824417,97.333853551748
42095,PA,Ages 35-64 years,2030,99.2226989251367,95.98654785493122,102.25453924577353
42097,PA,Ages 35-64 years,2030,183.08709449964823,173.5446645046858,192.0043343013552
42099,PA,Ages 35-64 years,2030,116.65516385119213,111.02557909402493,123.25204547760443
42101,PA,Ages 35-64 years,2030,187.81789646154348,181.14913275655525,194.71156908258442
42103,PA,Ages 35-64 years,2030,89.66163937291638,86.76537646371251,92.70452965081519
42105,PA,Ages 35-64 years,2030,115.56712489615227,110.84067206018679,120.18395664136827
42107,PA,Ages 35-64 years,2030,200.80290349730782,194.7167316991656,207.13019724598507
42109,PA,Ages 35-64 years,2030,124.34345186276866,118.43929477758135,130.4586155342827
42111,PA,Ages 35-64 years,2030,152.79206476237405,146.19945436245987,159.71088983115155
42113,PA,Ages 35-64 years,2030,149.14292216063365,142.53167774173758,155.30205209531547
42115,PA,Ages 35-64 years,2030,95.99444892394095,93.35172697797807,98.58563802624037
42117,PA,Ages 35-64 years,2030,154.46891064476412,148.93982987568566,160.13663172488387
42119,PA,Ages 35-64 years,2030,81.70566316400297,78.45016845882374,84.92795003491564
42121,PA,Ages 35-64 years,2030,225.72161948726497,214.9953682643534,236.49065504118548
42123,PA,Ages 35-64 years,2030,125.11229711135111,120.36733872042416,129.89850178954433
42125,PA,Ages 35-64 years,2030,135.0752264870707,127.88323824398286,143.50683748351466
42127,PA,Ages 35-64 years,2030,140.78850226599897,136.6467438701568,145.19663263534557
42129,PA,Ages 35-64 years,2030,145.29662578507885,138.2315059538326,152.1874650322036
42131,PA,Ages 35-64 years,2030,148.3664965505771,141.28522704276938,154.8127579650142
42133,PA,Ages 35-64 years,2030,98.99197700527822,94.92071965379425,102.48428033493197
44001,RI,Ages 35-64 years,2030,75.29090593752044,71.09121044452826,79.21651932582755
44003,RI,Ages 35-64 years,2030,88.72199489320865,84.95710878102089,92.68677963848228
44005,RI,Ages 35-64 years,2030,77.70577451940717,75.04568230746007,80.41063086905785
44007,RI,Ages 35-64 years,2030,109.33672936834735,105.54867930899123,112.93749943915198
44009,RI,Ages 35-64 years,2030,67.30528444244686,63.83504962129807,70.7233653324525
45001,SC,Ages 35-64 years,2030,189.35119257261923,184.34832584929885,194.51329677333894
45003,SC,Ages 35-64 years,2030,190.65941044462173,180.74842961728808,200.8197648448878
45005,SC,Ages 35-64 years,2030,408.59654214464103,391.61224300587975,425.0699081691115
45007,SC,Ages 35-64 years,2030,191.06487719210764,185.6302649807058,196.28124505851525
45009,SC,Ages 35-64 years,2030,382.1289895544768,365.6959173133404,400.62491764906105
45011,SC,Ages 35-64 years,2030,271.2002999829556,262.7834223900236,279.62767699709633
45013,SC,Ages 35-64 years,2030,93.7616992150043,91.52021821114178,95.92139001377677
45015,SC,Ages 35-64 years,2030,99.15115353593971,91.6318819518355,107.37494309043899
45017,SC,Ages 35-64 years,2030,207.5761471670826,199.46848365640685,215.68553307996552
45019,SC,Ages 35-64 years,2030,115.60155107582638,112.68984796592484,118.63673931805384
45021,SC,Ages 35-64 years,2030,370.349466657448,358.9750931657249,382.6672920541329
45023,SC,Ages 35-64 years,2030,275.0482719135541,268.34809393221065,282.2923363017253
45025,SC,Ages 35-64 years,2030,316.4387501947168,302.2399563899656,330.2881070703056
45027,SC,Ages 35-64 years,2030,212.8009169015298,202.98781552315987,222.15513004027224
45029,SC,Ages 35-64 years,2030,309.14216665550305,297.340217275036,320.7213530337925
45031,SC,Ages 35-64 years,2030,460.52205576016985,436.2682783220708,484.55861059720877
45033,SC,Ages 35-64 years,2030,388.3742053068127,374.6304194501597,400.83229268846173
45035,SC,Ages 35-64 years,2030,116.67864772570503,108.995065522836,124.59169245017398
45037,SC,Ages 35-64 years,2030,173.9908767490266,169.2678096056185,178.88536965054732
45039,SC,Ages 35-64 years,2030,268.95421059319216,261.77814295968176,276.7191793532845
45041,SC,Ages 35-64 years,2030,260.67498460062296,244.74363443354275,275.2711695182669
45043,SC,Ages 35-64 years,2030,210.49440899758716,201.93300553623303,219.21345801253545
45045,SC,Ages 35-64 years,2030,97.86746483875916,94.60331279921309,100.98939474381682
45047,SC,Ages 35-64 years,2030,204.08494408840744,192.55948261155316,215.90765640154405
45049,SC,Ages 35-64 years,2030,276.7232334116128,260.8863222369347,292.263989836304
45051,SC,Ages 35-64 years,2030,152.38492635437098,147.18436505315586,157.7056710347327
45053,SC,Ages 35-64 years,2030,137.6627645297135,132.6263032208336,142.5252614497084
45055,SC,Ages 35-64 years,2030,203.70758169558684,193.01099322633212,215.15528722626257
45057,SC,Ages 35-64 years,2030,197.96545793117122,187.66379287116195,206.75786741185996
45059,SC,Ages 35-64 years,2030,195.76144110829662,187.47587386780654,203.94638178341478
45061,SC,Ages 35-64 years,2030,464.25295702983607,438.8082358547167,488.25987864006856
45063,SC,Ages 35-64 years,2030,110.61713597111256,106.82624473062981,114.43555378975398
45065,SC,Ages 35-64 years,2030,196.87267462889722,191.1709255584337,202.19065426285457
45067,SC,Ages 35-64 years,2030,411.7431746389628,394.6314480548778,429.25376893345305
45069,SC,Ages 35-64 years,2030,526.8115188791577,504.48521703972654,551.2325897558675
45071,SC,Ages 35-64 years,2030,177.03515021379468,170.78830128654883,183.35246341825206
45073,SC,Ages 35-64 years,2030,187.94384826731252,180.7549410818748,195.85467524984617
45075,SC,Ages 35-64 years,2030,209.0620303627583,202.76066267213753,215.77274015480234
45077,SC,Ages 35-64 years,2030,221.92582986797916,211.4172225260606,232.24673861479005
45079,SC,Ages 35-64 years,2030,164.0354803109481,157.54042241450801,170.47152353456735
45081,SC,Ages 35-64 years,2030,197.35074858323514,188.9757301794664,205.99528644053228
45083,SC,Ages 35-64 years,2030,178.09340730795032,171.63194236106975,184.62529867171813
45085,SC,Ages 35-64 years,2030,164.68231747002318,159.03414462376287,170.1195179499033
45087,SC,Ages 35-64 years,2030,286.23445693109153,273.3069382608313,298.68183825185173
45089,SC,Ages 35-64 years,2030,239.8631117204476,229.38504693343202,250.12398155921113
45091,SC,Ages 35-64 years,2030,113.50904587290906,109.03625345203847,118.12907668340878
46003,SD,Ages 35-64 years,2030,151.37870260395917,144.23398861069984,158.15874762047522
46005,SD,Ages 35-64 years,2030,131.55038428965705,125.42247497910775,137.77329104285047
46007,SD,Ages 35-64 years,2030,210.09273721451993,203.57609072595275,217.421941577313
46009,SD,Ages 35-64 years,2030,108.95375585116959,105.4117898571563,112.49365063637548
46011,SD,Ages 35-64 years,2030,85.65170325407843,81.34847781959034,89.96116121796051
46013,SD,Ages 35-64 years,2030,108.37579634285893,104.57342851973279,112.37642197223353
46015,SD,Ages 35-64 years,2030,166.61686937139325,159.48842814671875,173.60757917374113
46017,SD,Ages 35-64 years,2030,151.37870260395917,145.0271288782603,158.3628724550901
46019,SD,Ages 35-64 years,2030,152.96108785337182,146.21993229729154,159.60169140378335
46021,SD,Ages 35-64 years,2030,151.37870260395917,144.78146748633634,158.35817813611345
46023,SD,Ages 35-64 years,2030,196.2565194771933,188.71145197193894,204.83952543800908
46025,SD,Ages 35-64 years,2030,91.31732467718469,87.5230061961673,94.76877854032293
46027,SD,Ages 35-64 years,2030,167.80414669492163,162.7723132341364,172.9368385498229
46029,SD,Ages 35-64 years,2030,122.1252504774058,118.23905614921587,126.45654701556072
46031,SD,Ages 35-64 years,2030,317.6883324900345,299.24965060468895,333.2575677928606
46033,SD,Ages 35-64 years,2030,145.3310264780804,138.64261712353385,152.22598542187873
46035,SD,Ages 35-64 years,2030,178.7676110793593,172.66014608266548,185.64115364845955
46037,SD,Ages 35-64 years,2030,145.71013201357948,139.4626788596963,152.1289824578461
46039,SD,Ages 35-64 years,2030,105.74851063388822,102.60012744279419,109.55902115220911
46041,SD,Ages 35-64 years,2030,239.59361502129718,227.35579446948012,252.08297080010402
46043,SD,Ages 35-64 years,2030,151.37870260395917,145.05051707260438,157.8018217080841
46045,SD,Ages 35-64 years,2030,94.0235042257836,90.47212164865387,97.71635963039408
46047,SD,Ages 35-64 years,2030,203.3467631072453,193.1042129016145,213.72173096487725
46049,SD,Ages 35-64 years,2030,151.37870260395917,144.52843858967208,157.81907355935155
46051,SD,Ages 35-64 years,2030,120.48449076233562,114.73791871963374,125.8430120594789
46053,SD,Ages 35-64 years,2030,187.59673848271254,180.253984647094,194.68897122486268
46055,SD,Ages 35-64 years,2030,151.37870260395917,145.0375902547327,158.1328019836616
46057,SD,Ages 35-64 years,2030,100.36750179982695,94.23864122239063,106.41463889049584
46059,SD,Ages 35-64 years,2030,145.95202878874986,139.4884989240785,152.51816020488374
46061,SD,Ages 35-64 years,2030,126.76946854267794,121.79035672609929,131.79470466669076
46063,SD,Ages 35-64 years,2030,151.37870260395917,144.90579064420268,158.30499455275978
46065,SD,Ages 35-64 years,2030,115.4379498871649,110.44096028633747,120.57500943259346
46067,SD,Ages 35-64 years,2030,141.1708592079714,134.8174141649946,147.24713944175392
46069,SD,Ages 35-64 years,2030,151.37870260395917,144.98479808317467,158.01080769619756
46071,SD,Ages 35-64 years,2030,194.84211330561453,187.44123682515263,201.72176470868936
46073,SD,Ages 35-64 years,2030,151.37870260395917,145.4032140793595,157.96157309967865
46075,SD,Ages 35-64 years,2030,151.37870260395917,144.65474065724635,158.26107521156888
46077,SD,Ages 35-64 years,2030,97.09140933215396,93.92121179007107,100.43321720515621
46079,SD,Ages 35-64 years,2030,96.43981732529926,93.59731050379595,99.2926609661902
46081,SD,Ages 35-64 years,2030,117.99208492228715,113.6409249516977,122.5665496614956
46083,SD,Ages 35-64 years,2030,78.0357586256911,74.54841802620233,81.45503746408575
46085,SD,Ages 35-64 years,2030,195.8199808845148,187.61392545892937,204.6863620540619
46087,SD,Ages 35-64 years,2030,239.66304471494797,229.96697518321807,250.39360602241538
46089,SD,Ages 35-64 years,2030,151.37870260395917,145.0292344896971,157.16875823014075
46091,SD,Ages 35-64 years,2030,82.90223868690427,79.59590225207374,86.36836552112767
46093,SD,Ages 35-64 years,2030,120.31896675531554,114.93789312907522,125.6845990274393
46095,SD,Ages 35-64 years,2030,151.37870260395917,144.98575946502157,157.5587236280575
46097,SD,Ages 35-64 years,2030,151.37870260395917,144.72999235562693,157.86828643224297
46099,SD,Ages 35-64 years,2030,147.06614790902063,141.69307267360364,153.3021062962196
46101,SD,Ages 35-64 years,2030,147.4633333714957,141.3783691398271,153.36641972245295
46102,SD,Ages 35-64 years,2030,273.54271500347704,262.54536583385783,283.88729381398923
46103,SD,Ages 35-64 years,2030,170.17066893843986,165.0742242034773,176.2392995260281
46105,SD,Ages 35-64 years,2030,131.30838872911326,125.66362561583544,136.2197377059736
46107,SD,Ages 35-64 years,2030,151.37870260395917,144.758304540711,157.68781197300106
46109,SD,Ages 35-64 years,2030,141.7640898326444,134.99530973384628,148.1265281720233
46111,SD,Ages 35-64 years,2030,151.37870260395917,145.23005660870191,157.82526021697387
46115,SD,Ages 35-64 years,2030,119.56355341152049,115.35506628684828,123.91355077370729
46117,SD,Ages 35-64 years,2030,107.13151338884646,103.35898421099412,110.94648188216259
46119,SD,Ages 35-64 years,2030,151.37870260395917,144.92540238358004,157.4541674221805
46121,SD,Ages 35-64 years,2030,292.1288487778303,277.9353541671873,304.0250461698494
46123,SD,Ages 35-64 years,2030,161.82395391785997,157.55324896189302,166.14139927526438
46125,SD,Ages 35-64 years,2030,171.52151487754657,163.550055177795,179.82168768525892
46127,SD,Ages 35-64 years,2030,95.10513076670428,92.38790915810101,97.80102259060169
46129,SD,Ages 35-64 years,2030,141.03745978258652,133.0789157308696,148.7737897543869
46135,SD,Ages 35-64 years,2030,139.56467624830358,133.1989357251851,145.40145798483798
46137,SD,Ages 35-64 years,2030,151.37870260395917,145.0285619713922,157.7960635151178
47001,TN,Ages 35-64 years,2030,205.19128328941386,197.12337449890313,213.08096637160682
47003,TN,Ages 35-64 years,2030,275.193949131782,263.97478123801255,285.45110546531066
47005,TN,Ages 35-64 years,2030,311.89614844819624,299.4904003910407,323.7244937838582
47007,TN,Ages 35-64 years,2030,226.86337605177076,217.49313538316932,235.8846569370941
47009,TN,Ages 35-64 years,2030,128.57532302005995,122.08320865939574,135.61493513735095
47011,TN,Ages 35-64 years,2030,302.5654796351974,289.72473699735195,315.37855713316986
47013,TN,Ages 35-64 years,2030,367.0748316171087,353.4362317945182,380.90525954327944
47015,TN,Ages 35-64 years,2030,242.03675723061346,231.6869825408802,253.41117083420025
47017,TN,Ages 35-64 years,2030,423.11268953129826,411.35683593413944,434.15410292181423
47019,TN,Ages 35-64 years,2030,243.91203567616742,236.48914743192498,251.3613986743109
47021,TN,Ages 35-64 years,2030,168.74733543829672,159.7604596172064,178.02492881087264
47023,TN,Ages 35-64 years,2030,218.98802610249783,213.20260009749163,224.63308255410965
47025,TN,Ages 35-64 years,2030,344.62580131527955,330.4546075935154,358.79925678615734
47027,TN,Ages 35-64 years,2030,224.4567413063282,215.17321394938918,233.6698930434706
47029,TN,Ages 35-64 years,2030,577.0657846719805,545.2070511049513,608.3156411671721
47031,TN,Ages 35-64 years,2030,284.04373013855746,276.7025977153326,290.85755794265265
47033,TN,Ages 35-64 years,2030,359.15045285282235,345.2381050615664,373.39665596342763
47035,TN,Ages 35-64 years,2030,184.10089962298153,177.1509030605447,190.8747472347262
47037,TN,Ages 35-64 years,2030,173.7400791526885,166.9555349147605,180.60442072130553
47039,TN,Ages 35-64 years,2030,282.91091226973845,275.2835584079762,290.87441849754657
47041,TN,Ages 35-64 years,2030,280.9860124679856,269.96193754371774,291.3955286578017
47043,TN,Ages 35-64 years,2030,234.90099608154688,226.3923681058512,243.1170052974577
47045,TN,Ages 35-64 years,2030,337.4208681345908,327.52726078924235,348.15639968722894
47047,TN,Ages 35-64 years,2030,216.5147639289629,211.44292448837737,221.8398528477663
47049,TN,Ages 35-64 years,2030,222.9877213366091,214.32514780661023,232.32414550209555
47051,TN,Ages 35-64 years,2030,265.816528718625,254.38165232479076,278.17617761683726
47053,TN,Ages 35-64 years,2030,418.34396953905065,395.14917386430443,437.96384480151755
47055,TN,Ages 35-64 years,2030,316.4063925018024,301.0669416177814,331.01909607182387
47057,TN,Ages 35-64 years,2030,274.38654698532326,261.79414715226415,286.28416334688933
47059,TN,Ages 35-64 years,2030,236.97757003561279,230.20202338968048,244.2400529964191
47061,TN,Ages 35-64 years,2030,433.41721845237015,413.0801633915432,452.7222805536
47063,TN,Ages 35-64 years,2030,225.45645899182918,218.5047993907866,232.52888685055984
47065,TN,Ages 35-64 years,2030,184.90402085246643,179.4526344240255,189.68545294852075
47067,TN,Ages 35-64 years,2030,356.98678396353296,340.65346206478984,373.32212629913374
47069,TN,Ages 35-64 years,2030,270.29435683815944,262.97522235681697,277.7997981157736
47071,TN,Ages 35-64 years,2030,363.2640278862376,348.3786298558681,377.22998480446654
47073,TN,Ages 35-64 years,2030,296.20392906461143,286.3512263566373,306.3163238328292
47075,TN,Ages 35-64 years,2030,305.13860111220845,296.09714712824234,313.9519808554277
47077,TN,Ages 35-64 years,2030,252.2877022637764,244.76591531588662,259.30300196900293
47079,TN,Ages 35-64 years,2030,286.87216813703884,274.798966628698,300.8124587454972
47081,TN,Ages 35-64 years,2030,260.2220036532287,249.8796465990404,270.521285154972
47083,TN,Ages 35-64 years,2030,314.14229052398844,300.4994455608056,328.7057705494785
47085,TN,Ages 35-64 years,2030,290.7892365905963,279.6306904550205,303.6186030024327
47087,TN,Ages 35-64 years,2030,202.3114784705255,194.24772974678464,209.93862082476224
47089,TN,Ages 35-64 years,2030,221.1571946592947,211.56062097374698,230.9750910351697
47091,TN,Ages 35-64 years,2030,211.3665564570409,202.06752231276553,221.22107654641474
47093,TN,Ages 35-64 years,2030,161.71914218615726,152.49023519729985,170.66702134815645
47095,TN,Ages 35-64 years,2030,384.862747038267,372.35469657930565,396.3262865281025
47097,TN,Ages 35-64 years,2030,289.70217112917567,280.3199705106869,297.8003912104712
47099,TN,Ages 35-64 years,2030,287.5233035211448,274.43869570971503,299.74593895588004
47101,TN,Ages 35-64 years,2030,280.1837111731178,265.9168814226775,294.1770819088397
47103,TN,Ages 35-64 years,2030,280.6487770862461,267.52239049948776,292.8037083175462
47105,TN,Ages 35-64 years,2030,170.00460926391327,161.3807150773501,177.9207663333482
47107,TN,Ages 35-64 years,2030,385.1556370072071,369.0509074234647,403.37290693737293
47109,TN,Ages 35-64 years,2030,339.09372825393706,329.15698229706913,349.408306967829
47111,TN,Ages 35-64 years,2030,251.03688451832488,239.1067326535733,262.5834498619507
47113,TN,Ages 35-64 years,2030,292.3231532745833,280.16875191650627,305.84512115824424
47115,TN,Ages 35-64 years,2030,284.2366398227332,275.8314288331784,292.85048033929564
47117,TN,Ages 35-64 years,2030,257.4800144032356,245.3670730032458,268.5296706884678
47119,TN,Ages 35-64 years,2030,160.04410937989516,154.1505777310332,165.34156966106767
47121,TN,Ages 35-64 years,2030,366.7038002385571,352.22448390308716,379.5480081045042
47123,TN,Ages 35-64 years,2030,225.69378444547436,215.4505170586533,236.42377716610372
47125,TN,Ages 35-64 years,2030,147.94183194406648,143.72522462222562,151.8154827971517
47127,TN,Ages 35-64 years,2030,187.1833369286076,178.77507596936053,195.69591657617622
47129,TN,Ages 35-64 years,2030,222.07984045275467,211.70466594516935,231.10351711799555
47131,TN,Ages 35-64 years,2030,282.2401775459985,273.2075998100464,291.2166969017595
47133,TN,Ages 35-64 years,2030,291.4305297781517,279.2819891016248,304.42256119626325
47135,TN,Ages 35-64 years,2030,400.9485214013289,381.5900728274701,420.69688196376205
47137,TN,Ages 35-64 years,2030,210.81832514883604,203.7508096031543,218.06585614085031
47139,TN,Ages 35-64 years,2030,329.01866848012094,313.63842077609576,343.9826848735955
47141,TN,Ages 35-64 years,2030,228.2852555113195,219.6579331996512,236.46649829373501
47143,TN,Ages 35-64 years,2030,255.26353946925974,245.2595417281449,265.53747016741517
47145,TN,Ages 35-64 years,2030,299.48749676325883,285.51701845447775,312.26384788364817
47147,TN,Ages 35-64 years,2030,176.87716633872944,171.7392089723587,182.34488139711686
47149,TN,Ages 35-64 years,2030,145.90297700939664,140.4738509175229,151.06226155737062
47151,TN,Ages 35-64 years,2030,272.4166093664333,260.23099591810603,284.8341634090417
47153,TN,Ages 35-64 years,2030,227.950117094808,218.284414156831,238.1904849578018
47155,TN,Ages 35-64 years,2030,184.53714246440978,175.45946548551302,193.8819393638102
47157,TN,Ages 35-64 years,2030,294.7352760987072,277.94629195465916,311.3275528357526
47159,TN,Ages 35-64 years,2030,214.27148181527508,203.7868399240501,224.0671720154142
47161,TN,Ages 35-64 years,2030,215.54701954201497,205.9506342826696,226.40057346967652
47163,TN,Ages 35-64 years,2030,344.2434270782736,332.32295045046095,354.9036208621954
47165,TN,Ages 35-64 years,2030,175.74179560855703,167.48717312822538,184.0327428580167
47167,TN,Ages 35-64 years,2030,204.1331075894631,194.42180904332355,213.13609855996148
47169,TN,Ages 35-64 years,2030,245.12030224621296,232.98488556229026,258.27368428916765
47171,TN,Ages 35-64 years,2030,241.73552886702007,234.60136637545847,248.73586480916018
47173,TN,Ages 35-64 years,2030,256.275546482585,242.8704984239565,269.1391550949205
47175,TN,Ages 35-64 years,2030,245.24395101525118,237.78386788021456,252.1450152272792
47177,TN,Ages 35-64 years,2030,225.2761856065274,219.75343739124781,230.17730984125717
47179,TN,Ages 35-64 years,2030,196.3051766235034,184.55045331435548,209.4929605663618
47181,TN,Ages 35-64 years,2030,263.3909890355535,254.41965306967754,271.9935198400518
47183,TN,Ages 35-64 years,2030,244.8374472393803,235.8455111282749,253.82971006411688
47185,TN,Ages 35-64 years,2030,214.86665037759605,204.72836380922257,225.14446885056148
47187,TN,Ages 35-64 years,2030,53.03304280309647,50.421382236825764,55.37247990701931
47189,TN,Ages 35-64 years,2030,121.24029616392806,117.22845103575051,125.48877481297903
48001,TX,Ages 35-64 years,2030,275.5021024162298,267.1837113811039,284.475730773245
48003,TX,Ages 35-64 years,2030,185.93366446027343,180.96203895128266,191.5738164675982
48005,TX,Ages 35-64 years,2030,203.4445209544358,195.85851122746845,210.96790773171278
48007,TX,Ages 35-64 years,2030,355.50535196750644,342.76723591749476,369.2748222532143
48009,TX,Ages 35-64 years,2030,163.46099951340156,156.58509946080076,169.72488508865092
48011,TX,Ages 35-64 years,2030,208.40055813121927,200.2370061244224,217.10336212718758
48013,TX,Ages 35-64 years,2030,275.5054633136295,263.2481464243277,286.77315540848684
48015,TX,Ages 35-64 years,2030,150.41097075649265,144.17595366392982,156.5790900040003
48017,TX,Ages 35-64 years,2030,153.53377478434905,146.8245858356299,159.27674747648032
48019,TX,Ages 35-64 years,2030,144.3535840355996,139.42299474302268,149.58775900715793
48021,TX,Ages 35-64 years,2030,183.8738679544193,177.10655463654314,190.43620831503168
48023,TX,Ages 35-64 years,2030,239.4762928134339,231.21384682729536,247.74114291594415
48025,TX,Ages 35-64 years,2030,236.96955131389782,227.62824957383242,246.31193313641782
48027,TX,Ages 35-64 years,2030,184.23303015062962,171.75707712303011,194.8654626393641
48029,TX,Ages 35-64 years,2030,172.0131254895344,165.14111868864327,178.34954711209227
48031,TX,Ages 35-64 years,2030,103.34006088977073,97.54700158043548,109.12224005693786
48033,TX,Ages 35-64 years,2030,208.40055813121927,200.25731751379436,217.12872999972063
48035,TX,Ages 35-64 years,2030,238.27491445356873,228.8542556130993,247.35375940014742
48037,TX,Ages 35-64 years,2030,312.22700863926195,295.3448928506204,328.9107896339896
48039,TX,Ages 35-64 years,2030,145.83495298886888,142.95488936696262,148.4408051989933
48041,TX,Ages 35-64 years,2030,146.80563959752067,141.0219903376218,152.63776751408815
48043,TX,Ages 35-64 years,2030,156.53779198750945,149.72925849126457,163.35735874220586
48045,TX,Ages 35-64 years,2030,208.40055813121927,199.29834285460825,217.51919443552234
48047,TX,Ages 35-64 years,2030,298.08920490359725,287.07093527812157,308.90004521438334
48049,TX,Ages 35-64 years,2030,228.878321269715,220.30995870753972,237.77659354699404
48051,TX,Ages 35-64 years,2030,352.1089726035082,337.3129227713086,367.21751918825646
48053,TX,Ages 35-64 years,2030,145.15680067233626,138.7082512381609,151.53108651870494
48055,TX,Ages 35-64 years,2030,256.7805266402666,246.48724941431914,267.18241798303603
48057,TX,Ages 35-64 years,2030,229.08127484077946,221.97328404637133,236.0753228712383
48059,TX,Ages 35-64 years,2030,223.965019432708,216.31885271867876,232.70707976379308
48061,TX,Ages 35-64 years,2030,164.54226584497965,156.81010218108236,172.1837753111956
48063,TX,Ages 35-64 years,2030,232.13593949916418,220.79593690930486,243.80055249235048
48065,TX,Ages 35-64 years,2030,226.91975866693852,219.67195693680782,234.40543289837547
48067,TX,Ages 35-64 years,2030,314.48815923926696,302.4442805177656,326.6438080176312
48069,TX,Ages 35-64 years,2030,177.30193474011503,171.65141703673382,182.68875792014157
48071,TX,Ages 35-64 years,2030,212.6847599351672,204.6573159371968,220.79683855707887
48073,TX,Ages 35-64 years,2030,237.11309914715832,224.62454665778915,248.80848000760605
48075,TX,Ages 35-64 years,2030,219.4570755156843,212.36719390940823,227.3672127450753
48077,TX,Ages 35-64 years,2030,158.68790903360653,153.25849323195558,164.08798988750078
48079,TX,Ages 35-64 years,2030,208.40055813121927,199.2680021027277,216.95062213056536
48081,TX,Ages 35-64 years,2030,172.2048705745418,166.88004389351732,178.967167319581
48083,TX,Ages 35-64 years,2030,300.82612598371065,284.29245683525454,314.94886818700434
48085,TX,Ages 35-64 years,2030,64.23438204161232,63.11923194520065,65.42380927208782
48087,TX,Ages 35-64 years,2030,267.5955232954975,253.26443902958158,281.3815599031273
48089,TX,Ages 35-64 years,2030,231.66816403838615,220.9808036893123,242.9625497153173
48091,TX,Ages 35-64 years,2030,86.65914207172352,84.26465471544039,89.02074269238683
48093,TX,Ages 35-64 years,2030,213.78961492635426,206.02812847882342,221.791485787811
48095,TX,Ages 35-64 years,2030,198.55282202645807,190.06332533224102,206.73250468701468
48097,TX,Ages 35-64 years,2030,164.7919834305423,156.21437775658558,173.2885189510623
48099,TX,Ages 35-64 years,2030,196.84949100326128,190.69327590007515,202.7139375216403
48101,TX,Ages 35-64 years,2030,208.40055813121927,200.31025276050164,217.4268265430845
48103,TX,Ages 35-64 years,2030,159.56859399239497,152.7354787625047,166.53130031840865
48105,TX,Ages 35-64 years,2030,216.19905283899175,207.37120812515985,225.51786683969524
48107,TX,Ages 35-64 years,2030,282.9900420016899,269.73665817317294,296.2960927398126
48109,TX,Ages 35-64 years,2030,208.40055813121927,199.29737461836748,217.33248322959275
48111,TX,Ages 35-64 years,2030,190.58759583314298,184.66702219747685,196.2260104181655
48113,TX,Ages 35-64 years,2030,149.98546085798455,145.89907722490582,154.47500583279145
48115,TX,Ages 35-64 years,2030,175.34937509589034,169.9773940536304,180.87685983030343
48117,TX,Ages 35-64 years,2030,133.68583192671622,129.54118856445444,137.96910756021117
48119,TX,Ages 35-64 years,2030,290.6176127742523,280.1554327077718,300.8630363145072
48121,TX,Ages 35-64 years,2030,59.913740448782114,56.53820536633091,63.784959923651364
48123,TX,Ages 35-64 years,2030,194.59039912727997,187.62698267576624,201.45513410554665
48125,TX,Ages 35-64 years,2030,208.40055813121927,199.4092541914129,216.11991955043226
48127,TX,Ages 35-64 years,2030,274.35021509356284,261.6568926110213,286.199162287658
48129,TX,Ages 35-64 years,2030,208.78626376919934,202.15968738646552,214.76626033132476
48131,TX,Ages 35-64 years,2030,293.9093500370039,284.9671315217601,302.7555339450881
48133,TX,Ages 35-64 years,2030,265.52703412259854,252.72912644556448,277.4929718687432
48135,TX,Ages 35-64 years,2030,187.2796675388572,179.0975665472149,195.15470509566228
48137,TX,Ages 35-64 years,2030,208.40055813121927,198.88670630498845,216.54951044493671
48139,TX,Ages 35-64 years,2030,131.80636025024546,128.9605792176627,134.4641117533594
48141,TX,Ages 35-64 years,2030,128.10505160276972,124.28734524763608,131.7487164512625
48143,TX,Ages 35-64 years,2030,160.2990614515757,156.72563494075055,163.94686270999463
48145,TX,Ages 35-64 years,2030,216.7980590205824,208.37695649090014,224.54000432477085
48147,TX,Ages 35-64 years,2030,261.06189672348887,253.4163697645241,268.2123985556233
48149,TX,Ages 35-64 years,2030,169.63936562017577,162.48711193759104,176.16358833264513
48151,TX,Ages 35-64 years,2030,215.63828215267253,207.13929026545316,222.73640515680876
48153,TX,Ages 35-64 years,2030,204.43077322209658,197.5045602916096,211.15554786873903
48155,TX,Ages 35-64 years,2030,208.40055813121927,199.31918252648427,217.0561040446394
48157,TX,Ages 35-64 years,2030,97.21207736433259,93.12868825341594,101.62136427658697
48159,TX,Ages 35-64 years,2030,219.87859142597142,210.60549064462816,229.82924804385283
48161,TX,Ages 35-64 years,2030,199.39764648112336,194.42490671716638,204.58810300259776
48163,TX,Ages 35-64 years,2030,326.4273332345741,311.22767178011173,342.63616148265714
48165,TX,Ages 35-64 years,2030,157.72443367183993,152.79982591771528,162.45307348468424
48167,TX,Ages 35-64 years,2030,186.05089191046218,180.68061341330298,190.9384800077536
48169,TX,Ages 35-64 years,2030,174.96584088990323,167.14501410582906,182.5752160441989
48171,TX,Ages 35-64 years,2030,103.19235804326325,99.72694713905518,106.75204224386941
48173,TX,Ages 35-64 years,2030,208.40055813121927,199.46133330735708,217.52636418505585
48175,TX,Ages 35-64 years,2030,148.73741126225974,141.98922715821078,156.10513182252902
48177,TX,Ages 35-64 years,2030,180.0226572040737,173.8636144570626,186.74346587313687
48179,TX,Ages 35-64 years,2030,287.2100596274691,276.05705433283805,299.7973257505492
48181,TX,Ages 35-64 years,2030,147.7456716427788,140.09105516469583,156.49606206193587
48183,TX,Ages 35-64 years,2030,312.8209644259159,300.7455738867504,324.20823030893024
48185,TX,Ages 35-64 years,2030,196.18405224232072,190.37008622515907,202.6087964049363
48187,TX,Ages 35-64 years,2030,149.93718264343235,144.14648543892233,155.56378166015418
48189,TX,Ages 35-64 years,2030,220.43470245751274,211.40677986870148,229.46305980222147
48191,TX,Ages 35-64 years,2030,236.47675455976358,230.32206215685608,242.93681264878313
48193,TX,Ages 35-64 years,2030,172.90919776325916,165.79662125550104,180.5003675853689
48195,TX,Ages 35-64 years,2030,181.73633241902482,177.42370918280596,186.06107353112318
48197,TX,Ages 35-64 years,2030,216.27388840870108,208.9895179437076,224.45613908367775
48199,TX,Ages 35-64 years,2030,247.05989865305983,240.48043022064107,252.95465553450046
48201,TX,Ages 35-64 years,2030,137.66475764944045,133.61566405027216,141.36051626713217
48203,TX,Ages 35-64 years,2030,244.91943842546289,234.99041498049527,255.59325972428286
48205,TX,Ages 35-64 years,2030,103.03514688483034,99.89411021917705,106.56032396168762
48207,TX,Ages 35-64 years,2030,194.85884872009856,187.1198746337057,203.5132305931584
48209,TX,Ages 35-64 years,2030,74.4270862106318,71.98473090492313,77.28358090094089
48211,TX,Ages 35-64 years,2030,156.70467202715966,152.36115191866025,160.78660534317913
48213,TX,Ages 35-64 years,2030,266.3002122474716,259.0099742754816,273.93893505522954
48215,TX,Ages 35-64 years,2030,174.11403482755387,165.06595058843095,183.01721507466047
48217,TX,Ages 35-64 years,2030,231.56674556596766,223.8380894599047,239.71990307248515
48219,TX,Ages 35-64 years,2030,168.90504425855463,161.48475269739927,176.30539829081425
48221,TX,Ages 35-64 years,2030,135.68793275430792,131.80221238309295,139.87015016484415
48223,TX,Ages 35-64 years,2030,266.651804078888,256.8867540470902,275.9498450161338
48225,TX,Ages 35-64 years,2030,217.44688074262382,210.88126223200638,224.9593759998224
48227,TX,Ages 35-64 years,2030,245.5898805116611,238.89261902414472,251.68575158280666
48229,TX,Ages 35-64 years,2030,136.03128330408242,132.21304899323616,140.35594414407294
48231,TX,Ages 35-64 years,2030,224.78490508351706,216.33955019818887,233.6078519042184
48233,TX,Ages 35-64 years,2030,336.3170573104485,320.83294667418414,350.9864019914718
48235,TX,Ages 35-64 years,2030,208.40055813121927,199.69320694107,217.30211768680198
48237,TX,Ages 35-64 years,2030,184.84096110391195,179.36979599557466,190.47962886558022
48239,TX,Ages 35-64 years,2030,195.85113438225173,190.67726120840942,201.1476119296765
48241,TX,Ages 35-64 years,2030,283.4694686720425,274.8911369628629,291.7766889444
48243,TX,Ages 35-64 years,2030,208.40055813121927,200.3420838541632,217.52795199108732
48245,TX,Ages 35-64 years,2030,325.6131563328283,312.15342216119683,338.29786794788635
48247,TX,Ages 35-64 years,2030,218.02582876243338,209.3713363446027,226.00834005668892
48249,TX,Ages 35-64 years,2030,419.2984465936112,400.93670366641214,438.54906762980204
48251,TX,Ages 35-64 years,2030,170.50469883284217,163.4077025153978,176.95572103613222
48253,TX,Ages 35-64 years,2030,235.5662435469038,223.17330258410462,246.51791847269416
48255,TX,Ages 35-64 years,2030,244.84022289379203,236.2206568985271,254.84148003476972
48257,TX,Ages 35-64 years,2030,167.5082791235768,160.44027768405113,174.44018135425333
48259,TX,Ages 35-64 years,2030,90.37701596297428,86.20839883849051,94.14715150205842
48261,TX,Ages 35-64 years,2030,208.40055813121927,200.4143684197517,216.95114697845483
48263,TX,Ages 35-64 years,2030,208.40055813121927,199.06312077647087,216.96850183442834
48265,TX,Ages 35-64 years,2030,171.88549213664217,164.16280268175817,179.82508769414744
48267,TX,Ages 35-64 years,2030,174.30652773816232,167.5119860773724,181.45649123854417
48269,TX,Ages 35-64 years,2030,208.40055813121927,199.55489095658382,217.16987151736205
48271,TX,Ages 35-64 years,2030,165.15668495267144,158.5914898569885,171.9443540853127
48273,TX,Ages 35-64 years,2030,363.91384696662186,343.2783881418021,384.3096809130717
48275,TX,Ages 35-64 years,2030,195.55608452221796,188.44494261608654,203.92514538516542
48277,TX,Ages 35-64 years,2030,340.6270608271468,329.37737825726566,352.7940361143439
48279,TX,Ages 35-64 years,2030,175.64046497415904,169.69082727563625,181.45088898920093
48281,TX,Ages 35-64 years,2030,142.3529109653735,137.3754161808579,147.63478838338324
48283,TX,Ages 35-64 years,2030,219.02914679637848,210.57175817938412,228.2462290231158
48285,TX,Ages 35-64 years,2030,175.88474856598725,171.34657928622835,180.31323924979714
48287,TX,Ages 35-64 years,2030,154.18611889301508,147.93917077979566,160.0152966538755
48289,TX,Ages 35-64 years,2030,180.16649641298227,172.1026446315888,188.01100979883702
48291,TX,Ages 35-64 years,2030,283.2593598516806,272.57142045595276,294.1109849968534
48293,TX,Ages 35-64 years,2030,231.11467194386293,221.84104437743733,239.21875717079246
48295,TX,Ages 35-64 years,2030,129.8365441787573,126.40325503821833,133.81247880955607
48297,TX,Ages 35-64 years,2030,233.1447883530859,221.9374405169034,245.2549495717284
48299,TX,Ages 35-64 years,2030,163.09040999954604,158.19012050028746,168.3283461169975
48301,TX,Ages 35-64 years,2030,208.40055813121927,200.24363827898506,217.5343852540122
48303,TX,Ages 35-64 years,2030,227.34706448302012,220.4256621506607,234.18193568779284
48305,TX,Ages 35-64 years,2030,192.79994683575717,186.1183524224714,199.91292149338628
48307,TX,Ages 35-64 years,2030,206.09380595667363,197.89597231052568,213.25674001692343
48309,TX,Ages 35-64 years,2030,199.661451192432,195.1931600498714,204.41337800702343
48311,TX,Ages 35-64 years,2030,208.40055813121927,200.32625551987476,217.50978886710632
48313,TX,Ages 35-64 years,2030,259.4425892258966,249.82277483244485,269.73200401572325
48315,TX,Ages 35-64 years,2030,312.5477712970437,299.38787304105335,324.6310163498382
48317,TX,Ages 35-64 years,2030,195.02018792852422,188.45364526731115,201.28349321447115
48319,TX,Ages 35-64 years,2030,92.94960961962379,88.89356648725125,96.98751194537383
48321,TX,Ages 35-64 years,2030,239.81779181770648,233.60617687139975,245.71969627899443
48323,TX,Ages 35-64 years,2030,193.20054796421766,182.69037212708645,202.78978160170055
48325,TX,Ages 35-64 years,2030,239.0782518825725,229.12370826000114,248.10859707067223
48327,TX,Ages 35-64 years,2030,208.40055813121927,199.07453705947344,217.0144159941213
48329,TX,Ages 35-64 years,2030,142.01412838659286,139.55271659936372,144.65873474884887
48331,TX,Ages 35-64 years,2030,192.32655347594618,185.3214699111117,199.80374230086161
48333,TX,Ages 35-64 years,2030,145.7269444180529,139.56582102257929,151.48800069100193
48335,TX,Ages 35-64 years,2030,220.63199164265683,214.22806684143166,226.52493870812887
48337,TX,Ages 35-64 years,2030,255.9387024528922,246.909835963074,265.00708217817584
48339,TX,Ages 35-64 years,2030,111.7668400107071,106.71834950783783,116.65533620883238
48341,TX,Ages 35-64 years,2030,156.47081720872256,152.2722818190628,161.02609134142602
48343,TX,Ages 35-64 years,2030,243.04751978171083,235.06158593733463,250.74170106665537
48345,TX,Ages 35-64 years,2030,208.40055813121927,199.3884017188776,217.03659137416025
48347,TX,Ages 35-64 years,2030,176.20075365236437,165.46250189503195,188.30774089478345
48349,TX,Ages 35-64 years,2030,243.0846518848948,237.26651320982376,249.2376358395324
48351,TX,Ages 35-64 years,2030,294.94131319443244,286.37725358118774,303.37266163077913
48353,TX,Ages 35-64 years,2030,256.4332903196774,244.6486742604207,268.012265138222
48355,TX,Ages 35-64 years,2030,210.43072701039458,202.54376230029155,218.7930686533544
48357,TX,Ages 35-64 years,2030,200.12993080540795,194.84148563111626,205.38032088167373
48359,TX,Ages 35-64 years,2030,208.40055813121927,198.90854502685048,216.99727511718976
48361,TX,Ages 35-64 years,2030,317.2805732129955,309.8598766859771,326.3481945958573
48363,TX,Ages 35-64 years,2030,251.90819905338603,244.7128555971196,258.7727320202457
48365,TX,Ages 35-64 years,2030,228.92262614098354,219.0990300549784,238.16248932473013
48367,TX,Ages 35-64 years,2030,117.4872362882717,113.85735724518699,121.01708461611125
48369,TX,Ages 35-64 years,2030,122.16830450329705,118.20748356235383,126.45105320078571
48371,TX,Ages 35-64 years,2030,185.78961957955073,177.40809828484913,195.42488798322412
48373,TX,Ages 35-64 years,2030,248.15838110030546,238.96582623907787,257.92796726614904
48375,TX,Ages 35-64 years,2030,308.22767911264856,296.3166645666055,320.26418128981123
48377,TX,Ages 35-64 years,2030,127.47396318597333,123.41934798714229,131.12419023112574
48379,TX,Ages 35-64 years,2030,214.08547884641803,206.1011961959047,221.373024020341
48381,TX,Ages 35-64 years,2030,135.9520703758284,132.83393874444457,138.62117002332621
48383,TX,Ages 35-64 years,2030,206.47705293511788,199.42849144745756,213.8605655072706
48385,TX,Ages 35-64 years,2030,272.06527840520124,260.32328603798175,283.1620650020701
48387,TX,Ages 35-64 years,2030,376.73039498710983,362.13396089266473,391.15452911394505
48389,TX,Ages 35-64 years,2030,194.32067944606464,187.5527962001521,201.77854723340388
48391,TX,Ages 35-64 years,2030,201.65114917405282,196.0432487185136,207.44104986397627
48393,TX,Ages 35-64 years,2030,208.40055813121927,199.74753425198966,216.9382377529032
48395,TX,Ages 35-64 years,2030,278.622515697754,267.0438502545836,288.6852996742481
48397,TX,Ages 35-64 years,2030,86.5780400835694,82.85820747369765,90.24552782389969
48399,TX,Ages 35-64 years,2030,242.27884268021035,231.7060516641718,252.3404977977477
48401,TX,Ages 35-64 years,2030,219.45282270905216,210.64815566528176,228.2250745006602
48403,TX,Ages 35-64 years,2030,251.71266144968192,244.0198337085942,259.7040563752293
48405,TX,Ages 35-64 years,2030,203.76952013845394,197.03744555339804,210.10476293801403
48407,TX,Ages 35-64 years,2030,243.9664581311278,233.4861702638975,254.3898143857307
48409,TX,Ages 35-64 years,2030,211.33750374687645,201.69092538585167,220.52813743705838
48411,TX,Ages 35-64 years,2030,140.94610173721045,135.02288884613276,146.8317019157388
48413,TX,Ages 35-64 years,2030,155.0842239511906,149.56894916146385,160.7394711003958
48415,TX,Ages 35-64 years,2030,156.86261469866255,151.99905091229314,162.16457858159274
48417,TX,Ages 35-64 years,2030,173.7212668626612,166.4015910899131,180.69828494438707
48419,TX,Ages 35-64 years,2030,230.63386004896668,221.55404169264165,240.57609453036935
48421,TX,Ages 35-64 years,2030,148.44290510931324,144.56964292771053,152.85288627232015
48423,TX,Ages 35-64 years,2030,158.60754699822562,153.19636926548486,163.92801877350388
48425,TX,Ages 35-64 years,2030,136.51702729491578,131.51582234586027,141.20821453526744
48427,TX,Ages 35-64 years,2030,207.91397263732242,199.89048160713068,216.01337356676729
48429,TX,Ages 35-64 years,2030,232.9737579330209,224.06247655932387,242.48909978016016
48431,TX,Ages 35-64 years,2030,208.40055813121927,199.0699431187881,216.26220976789116
48433,TX,Ages 35-64 years,2030,208.40055813121927,198.38846916919186,217.0777101803352
48435,TX,Ages 35-64 years,2030,144.16609915042343,139.67546679325974,148.8356039894785
48437,TX,Ages 35-64 years,2030,179.2437858355454,171.60884716502858,186.65407417840927
48439,TX,Ages 35-64 years,2030,122.41079820634482,113.90551294400359,130.60273685063234
48441,TX,Ages 35-64 years,2030,286.75121761179025,275.9763361012353,298.5529609590307
48443,TX,Ages 35-64 years,2030,208.40055813121927,199.18313079995534,216.91492526789972
48445,TX,Ages 35-64 years,2030,258.41714397144256,246.18402233663053,270.5800598268635
48447,TX,Ages 35-64 years,2030,208.40055813121927,199.76463700163066,216.85409516169344
48449,TX,Ages 35-64 years,2030,219.84809499536564,210.51491679371583,229.20908164168986
48451,TX,Ages 35-64 years,2030,178.7259219043369,170.6767054813,187.57099668750547
48453,TX,Ages 35-64 years,2030,82.31722684280389,77.72866881415904,87.44583074610338
48455,TX,Ages 35-64 years,2030,282.27026050255415,269.8454778312527,294.896729698349
48457,TX,Ages 35-64 years,2030,287.33157077808903,273.57533599985993,301.0508258066704
48459,TX,Ages 35-64 years,2030,229.54453743720066,219.20716123252862,240.88425951641233
48461,TX,Ages 35-64 years,2030,200.0182850730035,193.483896194514,207.0752194031022
48463,TX,Ages 35-64 years,2030,230.49663072498265,219.25300449321003,240.0577743421759
48465,TX,Ages 35-64 years,2030,203.93373380754198,197.53947497701407,210.64188084120352
48467,TX,Ages 35-64 years,2030,180.09728188948134,173.14329612756868,187.45017023998872
48469,TX,Ages 35-64 years,2030,167.68547181879998,163.35016328200555,172.1853569289868
48471,TX,Ages 35-64 years,2030,171.72451227315426,163.75097350389672,180.91972517378272
48473,TX,Ages 35-64 years,2030,158.5848675882815,152.65745532141958,164.40691060144127
48475,TX,Ages 35-64 years,2030,211.28840056779873,205.46897659322238,216.59033637243968
48477,TX,Ages 35-64 years,2030,147.67744313898686,141.56494281902863,153.6595120468489
48479,TX,Ages 35-64 years,2030,133.21141921968214,128.72170005338168,137.8617963363708
48481,TX,Ages 35-64 years,2030,271.9870943245759,259.3077910465537,283.7101779432923
48483,TX,Ages 35-64 years,2030,213.1049261285672,205.5249017807476,221.54316534599928
48485,TX,Ages 35-64 years,2030,244.58736572485228,235.16459519555127,253.24950656255325
48487,TX,Ages 35-64 years,2030,207.54748187751875,199.37493167084315,215.4533339498338
48489,TX,Ages 35-64 years,2030,243.00228475813128,232.33512451346067,253.19082287994615
48491,TX,Ages 35-64 years,2030,88.5530463005974,84.70486769681632,91.75343606216923
48493,TX,Ages 35-64 years,2030,128.95894458733432,125.31308572351342,132.3863610703663
48495,TX,Ages 35-64 years,2030,265.33062101735135,260.2835428123679,270.55406907101747
48497,TX,Ages 35-64 years,2030,147.39035099289777,141.7728065857468,152.39833211773998
48499,TX,Ages 35-64 years,2030,232.6715981658737,221.25542474586774,244.2705349127435
48501,TX,Ages 35-64 years,2030,142.29365721167858,136.8291972830319,147.82915484660853
48503,TX,Ages 35-64 years,2030,232.43477686662723,225.1699942683147,239.91497501327314
48505,TX,Ages 35-64 years,2030,221.8568796017079,215.1011366032805,229.2789783815567
48507,TX,Ages 35-64 years,2030,301.0488806778867,286.0920179811315,315.1520351287771
49001,UT,Ages 35-64 years,2030,98.96878399527927,95.923133661323,101.455863100161
49003,UT,Ages 35-64 years,2030,125.27522090902269,119.25024546221965,131.82180100667694
49005,UT,Ages 35-64 years,2030,81.4699113926339,77.78270860138926,84.94554260280638
49007,UT,Ages 35-64 years,2030,150.2513045829341,145.75799360601835,154.6600086525256
49009,UT,Ages 35-64 years,2030,97.79736675408056,92.98232987517419,102.12340672168344
49011,UT,Ages 35-64 years,2030,76.69134568801053,74.35979810389696,79.08236617135785
49013,UT,Ages 35-64 years,2030,100.09887029957548,97.08891920885752,102.8538323528574
49015,UT,Ages 35-64 years,2030,154.4874726492629,150.83064535478343,158.1799606299512
49017,UT,Ages 35-64 years,2030,91.2427086079601,86.05787791603268,96.90318619681875
49019,UT,Ages 35-64 years,2030,97.8833181265429,93.33030788069972,102.6464590860414
49021,UT,Ages 35-64 years,2030,75.12089363393315,71.2255769618458,78.91205857698316
49023,UT,Ages 35-64 years,2030,102.46282455565274,98.02516300804821,106.68516222037701
49025,UT,Ages 35-64 years,2030,91.52255824593817,86.43962331973488,97.07534123442821
49027,UT,Ages 35-64 years,2030,93.87396692633335,90.08173512444833,98.05703180527782
49029,UT,Ages 35-64 years,2030,58.212572827861884,55.244722631539396,61.428377887278906
49031,UT,Ages 35-64 years,2030,97.79736675408056,93.47719013732981,102.29119783370058
49033,UT,Ages 35-64 years,2030,97.79736675408056,93.36019955621856,102.08898950439318
49035,UT,Ages 35-64 years,2030,90.94666555387894,87.95242713520098,94.09506443564831
49037,UT,Ages 35-64 years,2030,84.57384250827927,82.52255289700749,86.69531978418541
49039,UT,Ages 35-64 years,2030,99.70282669162943,93.89041819197284,105.43634873653292
49041,UT,Ages 35-64 years,2030,111.25279001038494,108.32383626309792,114.39587381322428
49043,UT,Ages 35-64 years,2030,43.80307296890022,41.451922723108865,46.071356256744274
49045,UT,Ages 35-64 years,2030,109.67131590998416,105.3840342707606,113.80529859814787
49047,UT,Ages 35-64 years,2030,108.9312101396191,105.56136325956801,112.3292275938664
49049,UT,Ages 35-64 years,2030,75.32321311803481,71.69931527058648,78.92352518004458
49051,UT,Ages 35-64 years,2030,46.03463927810197,44.35542724586395,47.63953360015024
49053,UT,Ages 35-64 years,2030,61.1546933933889,59.30830796219256,63.000196573732396
49055,UT,Ages 35-64 years,2030,97.79736675408056,93.56729664940664,101.99537251508187
49057,UT,Ages 35-64 years,2030,119.16101745548299,113.70258654686204,124.04940409536593
50001,VT,Ages 35-64 years,2030,108.96421318684519,105.27672740587896,112.37476764282137
50003,VT,Ages 35-64 years,2030,141.29912009377668,136.87164454734136,145.63182996085786
50005,VT,Ages 35-64 years,2030,134.84944613812087,130.64534137176489,138.68441893254763
50007,VT,Ages 35-64 years,2030,89.3347576006476,86.24640434735572,92.43214350054217
50009,VT,Ages 35-64 years,2030,154.05192109779006,149.23353942422867,158.70838848281664
50011,VT,Ages 35-64 years,2030,133.25557289060734,126.8064460308721,139.861316019491
50013,VT,Ages 35-64 years,2030,95.56115012030466,92.92573464822777,98.20432871445881
50015,VT,Ages 35-64 years,2030,105.03939673677606,102.17750438432503,107.89129522697007
50017,VT,Ages 35-64 years,2030,120.03981938396348,116.62999809189675,123.77379602228879
50019,VT,Ages 35-64 years,2030,171.7571605104489,166.54406772157063,176.8729827042977
50021,VT,Ages 35-64 years,2030,148.47537788857906,143.45024496448775,153.6953869273945
50023,VT,Ages 35-64 years,2030,113.30649988206042,109.47441163049074,116.94327778131722
50025,VT,Ages 35-64 years,2030,107.32285026011017,102.71657725108138,111.71991771720113
50027,VT,Ages 35-64 years,2030,120.10055095369728,116.32957359345235,124.24980182735996
51001,VA,Ages 35-64 years,2030,193.26335997361082,184.4587757387595,202.6295251326191
51003,VA,Ages 35-64 years,2030,71.46993688240396,69.30380118844622,73.5227404514077
51005,VA,Ages 35-64 years,2030,233.9061220949525,225.02043682238244,243.02600218331455
51007,VA,Ages 35-64 years,2030,209.40222418845607,201.20014757598116,216.86007516292446
51009,VA,Ages 35-64 years,2030,173.28311393082717,165.22149133504342,181.35303254053096
51011,VA,Ages 35-64 years,2030,193.5881735039777,184.44447912905036,202.82251702012732
51013,VA,Ages 35-64 years,2030,53.57956272819428,49.963434511379255,57.112939513503925
51015,VA,Ages 35-64 years,2030,124.63654217519044,120.03524229934726,129.80257516249492
51017,VA,Ages 35-64 years,2030,185.7734801467941,178.10033780124135,192.99628392481262
51019,VA,Ages 35-64 years,2030,116.69192131351309,111.5323943832865,122.16619189282282
51021,VA,Ages 35-64 years,2030,205.76339942574248,200.35939526456605,211.14348197130906
51023,VA,Ages 35-64 years,2030,103.77864595029683,98.45201549576907,108.62123056172712
51025,VA,Ages 35-64 years,2030,244.8103597942841,237.92775969161505,251.07184112262956
51027,VA,Ages 35-64 years,2030,249.61248710995704,242.0875372666639,256.52678444144436
51029,VA,Ages 35-64 years,2030,142.26221817146202,136.71714260390763,147.40360942216313
51031,VA,Ages 35-64 years,2030,154.06677777581473,146.7574914251987,160.95280631546996
51033,VA,Ages 35-64 years,2030,185.7803514331688,179.13728007362715,192.51733788573884
51035,VA,Ages 35-64 years,2030,126.8892982136648,123.16362679617524,130.64313872383178
51036,VA,Ages 35-64 years,2030,191.62955114861495,181.4500896647148,201.83768759042746
51037,VA,Ages 35-64 years,2030,196.3140028261884,187.0103913272697,205.19799709670934
51041,VA,Ages 35-64 years,2030,120.62625837287601,117.47251117925506,123.9359542440119
51043,VA,Ages 35-64 years,2030,117.44297905414723,111.24988107903468,124.26911174078487
51045,VA,Ages 35-64 years,2030,105.45043780906967,102.22782713840023,108.24429070808787
51047,VA,Ages 35-64 years,2030,134.79999618340398,130.20845688296376,139.08969507697543
51049,VA,Ages 35-64 years,2030,148.4969248530323,142.15801118333127,154.435926078672
51051,VA,Ages 35-64 years,2030,216.8768054990224,210.85333727790257,223.128446944562
51053,VA,Ages 35-64 years,2030,175.61716316030268,170.94239460367208,180.25342278298194
51057,VA,Ages 35-64 years,2030,223.09257733766844,216.52795308562534,229.81873302136876
51059,VA,Ages 35-64 years,2030,53.54487665294719,51.17572686928525,55.89028087141251
51061,VA,Ages 35-64 years,2030,104.47193435323987,99.40029092128576,109.99869732125511
51063,VA,Ages 35-64 years,2030,115.91074195529465,112.46960602000571,119.23048999248063
51065,VA,Ages 35-64 years,2030,114.37558108008163,111.69077816972647,117.13156203302471
51067,VA,Ages 35-64 years,2030,158.85399256862152,153.80786256574376,164.62255945583968
51069,VA,Ages 35-64 years,2030,130.30720088247105,123.18899608048078,137.32939295625468
51071,VA,Ages 35-64 years,2030,241.9148848902919,235.8654843163668,248.28548271754985
51073,VA,Ages 35-64 years,2030,178.79918892733235,173.02779319423087,184.6194835749462
51075,VA,Ages 35-64 years,2030,113.69218224231713,108.1932177974263,119.14471812539438
51077,VA,Ages 35-64 years,2030,147.41406648248932,143.06338220946577,151.34200531982253
51079,VA,Ages 35-64 years,2030,115.49491657736476,112.40160621300214,118.55999965198097
51081,VA,Ages 35-64 years,2030,282.0035754886852,273.9631774259814,289.8529268156085
51083,VA,Ages 35-64 years,2030,235.14095036008993,228.72970070970982,241.20399206935537
51085,VA,Ages 35-64 years,2030,104.64979628307785,100.17142521610413,109.71502797102431
51087,VA,Ages 35-64 years,2030,118.53455305668417,115.39175436931068,121.81596684245007
51089,VA,Ages 35-64 years,2030,205.21651667598226,193.72797163243592,215.6991856276044
51091,VA,Ages 35-64 years,2030,175.95331545971908,171.36612275539778,180.51997101290675
51093,VA,Ages 35-64 years,2030,135.00841873894223,130.7708278163526,139.26146132696505
51095,VA,Ages 35-64 years,2030,116.0789846186607,112.67253573934227,119.30978706893782
51097,VA,Ages 35-64 years,2030,176.80593494187883,171.8134508443005,181.41129377194278
51099,VA,Ages 35-64 years,2030,110.85313796887179,107.66479570390644,114.05393215644922
51101,VA,Ages 35-64 years,2030,149.17670276316258,142.72669573914408,156.3515822604601
51103,VA,Ages 35-64 years,2030,217.05816456642748,210.0931005758487,223.80951365487672
51105,VA,Ages 35-64 years,2030,269.1098563229392,258.3731770594957,281.6535531243042
51107,VA,Ages 35-64 years,2030,47.465823677015095,45.45883760726784,49.25188408014054
51109,VA,Ages 35-64 years,2030,135.90934412322312,132.59888605178463,139.557802153784
51111,VA,Ages 35-64 years,2030,214.68282717024186,205.39614269170855,223.47156706957068
51113,VA,Ages 35-64 years,2030,148.14813779704662,143.14705432826156,153.28778097739578
51115,VA,Ages 35-64 years,2030,181.99164355939882,176.14372336473494,188.08739410634138
51117,VA,Ages 35-64 years,2030,214.72663564930184,208.5410197178074,220.65883838769878
51119,VA,Ages 35-64 years,2030,197.96761304098803,190.31144754616398,206.03467613912412
51121,VA,Ages 35-64 years,2030,111.91925053958472,108.59564266054241,115.07493645068192
51125,VA,Ages 35-64 years,2030,168.1608207732084,162.64267567531925,174.37332484283704
51127,VA,Ages 35-64 years,2030,101.43020979401045,99.03279668050963,104.00440533120006
51131,VA,Ages 35-64 years,2030,148.77838185488065,142.53324227875422,154.99830217785197
51133,VA,Ages 35-64 years,2030,172.05731247492014,166.8999560107157,177.2973153762529
51135,VA,Ages 35-64 years,2030,265.1739351495122,254.38606078697802,276.43075443902023
51137,VA,Ages 35-64 years,2030,134.45458282612597,131.02652995536914,137.61608875494275
51139,VA,Ages 35-64 years,2030,222.95826997812088,212.37417723136952,234.03221153390157
51141,VA,Ages 35-64 years,2030,189.8872707465901,181.9529342168955,198.01058905328617
51143,VA,Ages 35-64 years,2030,187.88146699510287,176.98467297570215,198.39303624597343
51145,VA,Ages 35-64 years,2030,98.94905122463152,93.91921022990853,104.23622344729344
51147,VA,Ages 35-64 years,2030,235.0077582092935,225.90565762329294,243.86835390538647
51149,VA,Ages 35-64 years,2030,122.45207658158589,119.04910934793033,125.51589308890478
51153,VA,Ages 35-64 years,2030,81.69189155402553,78.72530878775376,84.40655959973223
51155,VA,Ages 35-64 years,2030,208.92844681908824,200.65524340287598,217.12351906905516
51157,VA,Ages 35-64 years,2030,123.1449719879676,119.46761268837972,127.12949902511414
51159,VA,Ages 35-64 years,2030,240.45087614310398,232.8761208246024,248.99952325883814
51161,VA,Ages 35-64 years,2030,110.49377259038705,105.58649836473697,116.37063859706646
51163,VA,Ages 35-64 years,2030,137.34260672839395,131.24801559451993,143.14138266991054
51165,VA,Ages 35-64 years,2030,108.26119604761874,104.94669066341785,111.08814806323616
51167,VA,Ages 35-64 years,2030,231.4679844364711,224.73401878241827,238.95812846276127
51169,VA,Ages 35-64 years,2030,263.8634640342604,257.06491664345464,270.6792003227546
51171,VA,Ages 35-64 years,2030,128.97225017347859,125.12067454793734,132.58719288801495
51173,VA,Ages 35-64 years,2030,235.80259247805327,229.45179940247266,242.10387151000984
51175,VA,Ages 35-64 years,2030,149.46631494307854,145.0430472710272,154.24940198722533
51177,VA,Ages 35-64 years,2030,118.89904831893179,114.53956760238553,123.90109414349442
51179,VA,Ages 35-64 years,2030,101.29958895240034,96.55862192825757,106.80725502107016
51181,VA,Ages 35-64 years,2030,176.54563601924315,171.8414956967677,181.01630951462346
51183,VA,Ages 35-64 years,2030,217.54017397090317,211.5755957796716,223.92348589957817
51185,VA,Ages 35-64 years,2030,230.8929499980832,223.84744105764335,237.7454029297776
51187,VA,Ages 35-64 years,2030,171.14123809083694,162.99005398939332,178.38047492880267
51191,VA,Ages 35-64 years,2030,196.3750589878296,189.59805559896833,203.1852150294136
51193,VA,Ages 35-64 years,2030,178.83451200378732,173.7978765807999,184.08024276181044
51195,VA,Ages 35-64 years,2030,296.59970362594566,283.52195385695165,308.88300408742174
51197,VA,Ages 35-64 years,2030,207.1590134418357,200.91061415978646,213.01998690042433
51199,VA,Ages 35-64 years,2030,79.51519336701107,77.09248929443083,82.00485371579954
51510,VA,Ages 35-64 years,2030,60.232315991261785,55.741842955524135,64.59777905861587
51520,VA,Ages 35-64 years,2030,347.0922347729261,336.71529670596743,358.2268743181691
51530,VA,Ages 35-64 years,2030,327.83333616685536,307.29662231197057,347.42517749563194
51540,VA,Ages 35-64 years,2030,175.88658979348034,168.03105474262216,183.8467170626437
51550,VA,Ages 35-64 years,2030,120.09420245730514,114.99446894998904,125.2053704427444
51570,VA,Ages 35-64 years,2030,323.3591942709461,306.6138945688609,339.5231114388673
51580,VA,Ages 35-64 years,2030,480.6668600509658,461.68384948846426,499.9731741148946
51590,VA,Ages 35-64 years,2030,320.5891665905127,306.944883322839,333.9740002837538
51595,VA,Ages 35-64 years,2030,337.50358673832625,327.1307128987809,348.3525250922106
51600,VA,Ages 35-64 years,2030,147.67342623643256,139.36392663874932,156.02502888264664
51610,VA,Ages 35-64 years,2030,67.23603652688644,65.11663100036742,69.42125434491203
51620,VA,Ages 35-64 years,2030,367.29005132540414,349.4513604849885,384.666903584099
51630,VA,Ages 35-64 years,2030,189.7880179450066,182.42369935817194,197.8870853448647
51640,VA,Ages 35-64 years,2030,300.402440300933,292.06824278864093,309.1983131723902
51650,VA,Ages 35-64 years,2030,233.65406268493211,224.08492665460983,243.87869691606312
51660,VA,Ages 35-64 years,2030,101.92030366707529,97.86193799908781,105.81171313448829
51670,VA,Ages 35-64 years,2030,455.56026515974577,434.4016177678517,477.7050997310063
51678,VA,Ages 35-64 years,2030,237.33367682902607,230.09724168023453,244.27943390593168
51680,VA,Ages 35-64 years,2030,213.94222648188557,206.42499821658032,222.14381131160982
51683,VA,Ages 35-64 years,2030,142.3020590670824,135.99108708086501,148.478695095091
51685,VA,Ages 35-64 years,2030,59.431398003904036,54.72236167673965,64.38293806556601
51690,VA,Ages 35-64 years,2030,489.1735331225976,463.53317020372657,512.7082492026088
51700,VA,Ages 35-64 years,2030,238.43657178203512,231.30090170439834,246.10361805132825
51710,VA,Ages 35-64 years,2030,242.59306043641513,235.1926740426888,249.7705836977673
51720,VA,Ages 35-64 years,2030,345.8907311988391,335.5318159611594,356.29522051041386
51730,VA,Ages 35-64 years,2030,567.6673056926824,549.0779110343593,586.7858740975189
51735,VA,Ages 35-64 years,2030,113.50658336068417,107.72987961840207,118.59387327259819
51740,VA,Ages 35-64 years,2030,227.26789436460928,219.48792067680995,234.6189412190639
51750,VA,Ages 35-64 years,2030,181.1561864653285,173.81304150419285,187.9539158431698
51760,VA,Ages 35-64 years,2030,194.49364744439157,182.3636793115519,207.82510931147215
51770,VA,Ages 35-64 years,2030,231.144384624217,222.01835683038658,241.13102524275178
51775,VA,Ages 35-64 years,2030,188.27466840442088,182.13763628936076,193.88102629456498
51790,VA,Ages 35-64 years,2030,234.21700446732277,223.5651889247791,245.1989782324142
51800,VA,Ages 35-64 years,2030,135.8372845126467,131.27581599943287,140.0228292983917
51810,VA,Ages 35-64 years,2030,131.1146712371777,124.77191093317477,137.62432108382876
51820,VA,Ages 35-64 years,2030,160.74115495193237,152.20971483718648,170.2611445569813
51830,VA,Ages 35-64 years,2030,129.79315564611147,124.08562106718824,134.8630975396043
51840,VA,Ages 35-64 years,2030,232.04578643602193,220.66447385457383,242.78022953208009
53001,WA,Ages 35-64 years,2030,119.41587234138487,113.10033723426238,125.9976455375465
53003,WA,Ages 35-64 years,2030,128.21688779491092,123.8389553460816,133.2042019228551
53005,WA,Ages 35-64 years,2030,94.67112621593078,92.16837090005289,97.04428866395165
53007,WA,Ages 35-64 years,2030,86.0870650154571,81.88158306136481,90.29591745380368
53009,WA,Ages 35-64 years,2030,139.50835378180494,132.4658202555881,146.3336889764534
53011,WA,Ages 35-64 years,2030,98.73098632354728,93.69704112333913,103.58342604469038
53013,WA,Ages 35-64 years,2030,102.8685886593802,100.05811326028793,105.76254871882053
53015,WA,Ages 35-64 years,2030,155.41948683938307,150.7395738364913,159.7468692419222
53017,WA,Ages 35-64 years,2030,92.80359482803283,87.97155271250614,97.28587492972412
53019,WA,Ages 35-64 years,2030,130.55675776372422,124.14046906797739,137.28142003937737
53021,WA,Ages 35-64 years,2030,90.32909118082348,86.05811069504593,94.7334639336447
53023,WA,Ages 35-64 years,2030,121.21023690377902,116.20863663621945,127.04441289452173
53025,WA,Ages 35-64 years,2030,132.41687350976468,129.19933243877776,135.76249204329687
53027,WA,Ages 35-64 years,2030,163.72218617854801,155.36250434208858,172.31941515786156
53029,WA,Ages 35-64 years,2030,143.8277886786113,138.44513392330413,150.0668152617641
53031,WA,Ages 35-64 years,2030,80.3655432299308,77.13677961877919,83.62060056022248
53033,WA,Ages 35-64 years,2030,78.08143817230507,73.57273063802876,82.9728275481475
53035,WA,Ages 35-64 years,2030,127.73907800973666,123.20935085243772,132.7678459555309
53037,WA,Ages 35-64 years,2030,106.94158016398391,101.82241566384998,111.76556606047784
53039,WA,Ages 35-64 years,2030,104.11156341826123,99.86971324866951,108.07517911206659
53041,WA,Ages 35-64 years,2030,163.47745188272214,156.74756234115716,169.99871145368206
53043,WA,Ages 35-64 years,2030,134.19875935143227,128.2145570527179,139.76650004082973
53045,WA,Ages 35-64 years,2030,159.8649935458482,151.94379887607286,168.09755415670588
53047,WA,Ages 35-64 years,2030,132.3087685808877,126.89434274541189,137.10770190763313
53049,WA,Ages 35-64 years,2030,205.562907772078,199.05127326673536,212.45250301934146
53051,WA,Ages 35-64 years,2030,98.0777288798048,94.89770316690056,100.83979887165809
53053,WA,Ages 35-64 years,2030,123.36395032773562,120.95693364479202,125.67907153892662
53055,WA,Ages 35-64 years,2030,48.15436917738025,46.010117116647834,50.199608044684794
53057,WA,Ages 35-64 years,2030,90.05904411887353,86.58505246554238,93.39787306636758
53059,WA,Ages 35-64 years,2030,102.16348548707424,97.56460483882621,106.95021997926206
53061,WA,Ages 35-64 years,2030,93.58622105729745,88.51657861148888,98.59553348739894
53063,WA,Ages 35-64 years,2030,117.49219118259147,112.48207704748748,122.86962376018253
53065,WA,Ages 35-64 years,2030,135.29611758650154,129.39367591022574,141.44126751567617
53067,WA,Ages 35-64 years,2030,94.57229457645568,92.2608434185712,96.97833920313624
53069,WA,Ages 35-64 years,2030,126.56533367833295,119.7755797941786,133.59097312279084
53071,WA,Ages 35-64 years,2030,92.00478588499959,89.31310413701958,95.05071731825522
53073,WA,Ages 35-64 years,2030,77.67680352970069,75.92169475391013,79.59186978938024
53075,WA,Ages 35-64 years,2030,122.36210833103736,117.14846639470302,127.42436063023293
53077,WA,Ages 35-64 years,2030,191.64366948072038,183.41935281148793,200.30634635607802
54001,WV,Ages 35-64 years,2030,179.3372819318956,171.03911257434893,188.37430081154506
54003,WV,Ages 35-64 years,2030,132.38517878080563,128.5407419270817,136.33263664347797
54005,WV,Ages 35-64 years,2030,272.25384261635133,260.60650026670237,284.7797978169778
54007,WV,Ages 35-64 years,2030,163.99877325740752,157.08848164207896,170.7346863836222
54009,WV,Ages 35-64 years,2030,190.22941268000488,182.7919131425868,197.93434376928954
54011,WV,Ages 35-64 years,2030,249.61168767044467,236.78261307035544,263.21064317880575
54013,WV,Ages 35-64 years,2030,156.54267368422185,149.31996798186913,163.9269117067671
54015,WV,Ages 35-64 years,2030,204.61079136364853,194.7378092721563,212.79140275351753
54017,WV,Ages 35-64 years,2030,148.56474764029775,143.92008359747172,153.1297996730038
54019,WV,Ages 35-64 years,2030,258.30838453561717,248.14731625564252,269.00164351305455
54021,WV,Ages 35-64 years,2030,217.7466801121812,206.75763552264556,228.63731874373784
54023,WV,Ages 35-64 years,2030,168.1265824248573,160.74785892347958,174.93882586918713
54025,WV,Ages 35-64 years,2030,191.62726248791446,182.88092257166267,200.5750171416378
54027,WV,Ages 35-64 years,2030,150.01395204857536,145.8364653074691,154.4308716352208
54029,WV,Ages 35-64 years,2030,225.6737046351514,215.31527218312007,235.56469581762732
54031,WV,Ages 35-64 years,2030,167.50717340252544,162.3000530300283,171.95116731310023
54033,WV,Ages 35-64 years,2030,220.64886274271333,212.10520503240693,229.5865041661514
54035,WV,Ages 35-64 years,2030,179.4823944350365,172.47301319187824,186.3779091051383
54037,WV,Ages 35-64 years,2030,119.55632252630703,116.21481872481479,123.07546631238164
54039,WV,Ages 35-64 years,2030,255.05442189130275,244.1043600905776,266.1497601122741
54041,WV,Ages 35-64 years,2030,233.36742467575874,226.44278082375158,240.3657043750252
54043,WV,Ages 35-64 years,2030,272.96080762877256,259.5260008706244,286.13156152004785
54045,WV,Ages 35-64 years,2030,393.8337967766395,375.63674594090884,412.1649376609438
54047,WV,Ages 35-64 years,2030,299.35112252297813,290.62600255740085,307.88549343906436
54049,WV,Ages 35-64 years,2030,197.50656457353782,189.15839224629153,205.6297286214815
54051,WV,Ages 35-64 years,2030,209.6809206638712,197.93078818175147,220.85990361629402
54053,WV,Ages 35-64 years,2030,245.0264072955211,236.52771775686804,253.58058656386174
54055,WV,Ages 35-64 years,2030,212.15776548665997,205.31840360507087,218.51471441640194
54057,WV,Ages 35-64 years,2030,154.17961273618937,149.62273316999398,158.78105063022014
54059,WV,Ages 35-64 years,2030,420.90540438184064,405.0635562643176,438.1293586212989
54061,WV,Ages 35-64 years,2030,124.05059257890447,117.97835241161165,129.93490274264317
54063,WV,Ages 35-64 years,2030,138.75649803533122,134.9750671183368,142.34041656817791
54065,WV,Ages 35-64 years,2030,127.91859634531916,123.7137539148561,131.92295254740608
54067,WV,Ages 35-64 years,2030,213.68054370421547,203.09024515648846,225.31067896406523
54069,WV,Ages 35-64 years,2030,209.9852790097988,203.49286868697573,215.59224983627274
54071,WV,Ages 35-64 years,2030,146.9843786711686,140.73274296218779,153.50432801397776
54073,WV,Ages 35-64 years,2030,193.90405490807711,183.0365890726456,203.82630712432308
54075,WV,Ages 35-64 years,2030,147.38623383146344,141.73200369843167,153.68409079503485
54077,WV,Ages 35-64 years,2030,146.03057444552365,140.14596370248054,151.39176453976847
54079,WV,Ages 35-64 years,2030,155.27972799704833,148.13521017326323,162.11700745362015
54081,WV,Ages 35-64 years,2030,286.4264156844051,272.3630413921684,300.3040329117639
54083,WV,Ages 35-64 years,2030,177.37646965698727,170.12908812197642,184.49387798764073
54085,WV,Ages 35-64 years,2030,188.01060381753413,179.36575379769477,195.6181781175122
54087,WV,Ages 35-64 years,2030,211.9373690595821,204.107069696235,219.49514157218516
54089,WV,Ages 35-64 years,2030,226.19553850905925,216.80719465452214,235.91518238368548
54091,WV,Ages 35-64 years,2030,163.58796400169882,155.0552928609087,172.52163556673145
54093,WV,Ages 35-64 years,2030,141.34867235494212,136.26549866016381,146.5894362494859
54095,WV,Ages 35-64 years,2030,190.91929416122372,182.0497362034137,198.9908939504039
54097,WV,Ages 35-64 years,2030,146.33875230637366,141.0234145049496,151.9224894190851
54099,WV,Ages 35-64 years,2030,206.19070335865567,197.35673445287026,215.61007729761806
54101,WV,Ages 35-64 years,2030,188.0781266252526,180.39084919079357,194.98558335991308
54103,WV,Ages 35-64 years,2030,209.79773623005352,200.91001551045136,220.00657534156514
54105,WV,Ages 35-64 years,2030,200.74210922061744,191.0713204772833,210.03114696148558
54107,WV,Ages 35-64 years,2030,200.41273947997902,191.8809781035676,208.51805127516033
54109,WV,Ages 35-64 years,2030,272.8534847067518,265.80956969044354,279.50050690810014
55001,WI,Ages 35-64 years,2030,135.17312258443667,131.56288997911005,139.01886457408767
55003,WI,Ages 35-64 years,2030,156.70816783377882,149.3718321464405,163.9592070194092
55005,WI,Ages 35-64 years,2030,110.71898816728563,105.42008981592625,115.80765175476365
55007,WI,Ages 35-64 years,2030,88.84272560228004,83.24728638475689,94.2675684889739
55009,WI,Ages 35-64 years,2030,101.54773598653462,98.03968471377534,105.11901144547137
55011,WI,Ages 35-64 years,2030,122.69305278581575,117.49493346866903,127.98879971125325
55013,WI,Ages 35-64 years,2030,127.18329415672954,121.79827801612558,132.55084895081677
55015,WI,Ages 35-64 years,2030,72.37634951677475,68.5201859866152,76.3844772317701
55017,WI,Ages 35-64 years,2030,115.92416755117735,110.59669442935524,120.78653250747607
55019,WI,Ages 35-64 years,2030,101.85572035466758,97.1151512862332,106.46508582866394
55021,WI,Ages 35-64 years,2030,90.06910766602188,85.7338307635281,94.03262629938963
55023,WI,Ages 35-64 years,2030,99.81655853956971,94.67066049642003,105.26151260097598
55025,WI,Ages 35-64 years,2030,75.1976976082671,72.53325806517387,77.5951686934627
55027,WI,Ages 35-64 years,2030,115.58852351516231,111.12493158984033,119.99290010045208
55029,WI,Ages 35-64 years,2030,106.76993519459005,102.73589853976874,110.78886946644297
55031,WI,Ages 35-64 years,2030,110.97138336774466,105.14213498156172,116.34616092833765
55033,WI,Ages 35-64 years,2030,120.43287337223393,115.1324695987029,125.34998384973417
55035,WI,Ages 35-64 years,2030,137.26573597200414,131.82322467291937,142.69611936634567
55037,WI,Ages 35-64 years,2030,134.8881012601552,127.52203510603489,141.85499548947496
55039,WI,Ages 35-64 years,2030,103.55587223817402,98.52174972811095,108.40583639371498
55041,WI,Ages 35-64 years,2030,128.7033438672177,121.90497475118623,135.08398251365935
55043,WI,Ages 35-64 years,2030,92.16155013396074,86.65614401558452,97.3748847551314
55045,WI,Ages 35-64 years,2030,88.543160688123,85.53796624007198,91.5374953882994
55047,WI,Ages 35-64 years,2030,114.26822139250268,107.9955463146029,121.23446082645394
55049,WI,Ages 35-64 years,2030,90.85054201331496,86.87775195708043,94.82084083393471
55051,WI,Ages 35-64 years,2030,145.57986148558965,139.19477125775327,151.99753257318437
55053,WI,Ages 35-64 years,2030,148.82549158752536,141.70278789354037,155.53418710980205
55055,WI,Ages 35-64 years,2030,94.65892772618176,89.82138980129756,99.21627819949082
55057,WI,Ages 35-64 years,2030,126.65610747989675,121.80750155845337,131.22275470089738
55059,WI,Ages 35-64 years,2030,104.57671286208554,100.27968115122047,108.68656217022797
55061,WI,Ages 35-64 years,2030,67.18462857590761,64.88914919164309,69.39031470040257
55063,WI,Ages 35-64 years,2030,106.29089551231712,101.52424902377308,111.2540622720536
55065,WI,Ages 35-64 years,2030,67.88355437570898,65.68075171952077,70.06429247530544
55067,WI,Ages 35-64 years,2030,119.48440449665296,115.76809575914407,122.94473928234949
55069,WI,Ages 35-64 years,2030,80.43517122295928,77.66115468148085,82.87445623618503
55071,WI,Ages 35-64 years,2030,101.0666834802943,96.86525975469004,105.30279986591418
55073,WI,Ages 35-64 years,2030,81.82612499020462,79.42302848876784,84.2194774116381
55075,WI,Ages 35-64 years,2030,199.32026582121952,191.87521312064058,207.45473489682112
55077,WI,Ages 35-64 years,2030,80.8832558064119,78.07769126429332,83.62059122035093
55078,WI,Ages 35-64 years,2030,217.73577534781128,212.6745808621613,223.1132028914265
55079,WI,Ages 35-64 years,2030,170.6736002589878,162.0474521943602,179.71415669946037
55081,WI,Ages 35-64 years,2030,123.33579727095338,118.45844549811514,128.4303272429228
55083,WI,Ages 35-64 years,2030,123.76257617551335,119.69087465378298,127.81104859859958
55085,WI,Ages 35-64 years,2030,101.37100855796486,98.14326948429316,104.60763271984983
55087,WI,Ages 35-64 years,2030,92.34723187322555,86.31384133299471,97.87600768378111
55089,WI,Ages 35-64 years,2030,66.20505628863614,63.40094994535682,68.97074359886388
55091,WI,Ages 35-64 years,2030,140.6120905660983,136.36076484771394,144.79331295682243
55093,WI,Ages 35-64 years,2030,87.23747338636548,84.58259321759924,90.07268163704202
55095,WI,Ages 35-64 years,2030,105.10287224865691,101.85803279119459,108.70488179706923
55097,WI,Ages 35-64 years,2030,79.19290284433642,75.7829623541449,82.86277657463415
55099,WI,Ages 35-64 years,2030,166.69496933162335,158.6929284369242,175.35455248665232
55101,WI,Ages 35-64 years,2030,145.15755132446574,136.82642606593745,153.71735696040884
55103,WI,Ages 35-64 years,2030,97.41210357520713,94.59049570946758,100.38037915109953
55105,WI,Ages 35-64 years,2030,147.6323364172097,142.017606554834,152.913760929365
55107,WI,Ages 35-64 years,2030,142.5804537877589,136.47963160624016,149.1561499765613
55109,WI,Ages 35-64 years,2030,54.19907710206152,51.481893275119475,56.63624025193837
55111,WI,Ages 35-64 years,2030,102.22775295232152,99.4335864323346,105.15571864413685
55113,WI,Ages 35-64 years,2030,155.30413237439168,150.40104390270784,160.70192326501322
55115,WI,Ages 35-64 years,2030,132.49981837835477,127.69281601537948,137.1376778424302
55117,WI,Ages 35-64 years,2030,93.83201826817402,90.23382394196177,97.45715962909455
55119,WI,Ages 35-64 years,2030,95.77418881484097,90.94186361737847,100.39721183755286
55121,WI,Ages 35-64 years,2030,135.8585947139706,130.37126978458554,141.54288949586206
55123,WI,Ages 35-64 years,2030,96.00804555118356,93.54934652113221,98.74729748741096
55125,WI,Ages 35-64 years,2030,143.08620724341077,136.27820570733863,149.86731707890436
55127,WI,Ages 35-64 years,2030,79.9972120918682,77.59969846706711,82.50097330399053
55129,WI,Ages 35-64 years,2030,133.26260669659092,129.87015623906166,136.77062047399565
55131,WI,Ages 35-64 years,2030,78.174588306886,75.20611417571354,81.25603293048839
55133,WI,Ages 35-64 years,2030,50.19174451936185,48.23750983512376,52.4196442496204
55135,WI,Ages 35-64 years,2030,102.8189875600995,96.71909303206681,108.8039829762682
55137,WI,Ages 35-64 years,2030,119.37332489789328,115.87275317713072,122.91140906886635
55139,WI,Ages 35-64 years,2030,86.36062857707722,82.5816258038601,89.97300052886692
55141,WI,Ages 35-64 years,2030,103.55729001746793,97.52422896169489,110.25226612088177
56001,WY,Ages 35-64 years,2030,73.00678949724158,70.29124090202203,75.7846006223765
56003,WY,Ages 35-64 years,2030,176.53973064118856,171.8739508146185,181.14460385633808
56005,WY,Ages 35-64 years,2030,146.30869534581032,138.74691931014218,153.46284045316796
56007,WY,Ages 35-64 years,2030,152.83886984750245,148.0522639296744,157.59702348694822
56009,WY,Ages 35-64 years,2030,127.98384712054171,122.84905384126883,132.7434000590613
56011,WY,Ages 35-64 years,2030,141.12629970127375,133.73817707131823,147.93247764811193
56013,WY,Ages 35-64 years,2030,156.36389672799615,151.36247738381238,161.10392176435963
56015,WY,Ages 35-64 years,2030,133.06512631689054,126.37427007548492,139.54101300120956
56017,WY,Ages 35-64 years,2030,215.94723191210247,209.81190795756567,222.6084030279176
56019,WY,Ages 35-64 years,2030,148.77350304400363,142.32156293448926,155.18588407733196
56021,WY,Ages 35-64 years,2030,97.99762554419432,92.31249729352616,103.39698306303455
56023,WY,Ages 35-64 years,2030,108.401675615432,104.85940135034407,111.5831723422012
56025,WY,Ages 35-64 years,2030,164.81147985610357,157.23594761451247,172.21657022179454
56027,WY,Ages 35-64 years,2030,125.42186187413435,121.6680188900733,129.23911027121724
56029,WY,Ages 35-64 years,2030,151.50246047772077,143.94719052129253,159.70228824768392
56031,WY,Ages 35-64 years,2030,88.78200204246033,81.61712995524499,95.06719652420588
56033,WY,Ages 35-64 years,2030,138.19511570023096,131.56004977002422,144.35652958485278
56035,WY,Ages 35-64 years,2030,89.61228573877322,86.6063011007096,92.57012956635855
56037,WY,Ages 35-64 years,2030,131.67131638617218,127.30981601613038,136.882564019414
56039,WY,Ages 35-64 years,2030,43.13002122995071,41.601808895284016,44.62197366335658
56041,WY,Ages 35-64 years,2030,153.18816147018444,147.99238595344443,158.35268403517173
56043,WY,Ages 35-64 years,2030,129.36903894895497,125.62664361420167,133.05743329658952
56045,WY,Ages 35-64 years,2030,137.94938382673823,134.84115555332363,141.29506446239455
