LocationID,LocationAbbr,Stratification1,Year,yhat,yhat_lower,yhat_upper
01001,AL,Ages 65+ years,2030,1821.9266676990517,1716.888036572824,1925.5218688853065
01003,AL,Ages 65+ years,2030,1364.7889112845116,1287.5002294420685,1440.5170771385335
01005,AL,Ages 65+ years,2030,2070.2127352055404,1969.335355284516,2167.8952848838444
01007,AL,Ages 65+ years,2030,2074.4246256622087,1944.1873416384617,2195.006395158676
01009,AL,Ages 65+ years,2030,1944.9785961018779,1860.0584050174273,2024.035111332369
01011,AL,Ages 65+ years,2030,1956.645112079294,1851.7850566563347,2057.9604901188536
01013,AL,Ages 65+ years,2030,1544.3131506926338,1446.2883146915062,1657.0006317923246
01015,AL,Ages 65+ years,2030,2471.998718319398,2425.801059772928,2515.6835561644048
01017,AL,Ages 65+ years,2030,1732.5923668422934,1630.5151351159627,1834.8086698824416
01019,AL,Ages 65+ years,2030,1581.518217012699,1525.2190267784545,1637.7183865287761
01021,AL,Ages 65+ years,2030,2289.162697661382,2186.106739909348,2394.084330766874
01023,AL,Ages 65+ years,2030,2021.9513999476974,1921.9688767957666,2132.764630688404
01025,AL,Ages 65+ years,2030,1768.2222005563276,1676.3671729185114,1859.9693376702369
01027,AL,Ages 65+ years,2030,2172.252334417072,2077.668581780632,2255.7571402290405
01029,AL,Ages 65+ years,2030,2112.9722284858763,2027.1852745216722,2213.296341572619
01031,AL,Ages 65+ years,2030,2147.122650993321,2035.0243274346446,2250.3385319391296
01033,AL,Ages 65+ years,2030,1988.623891606909,1610.4465113453123,2326.766014387133
01035,AL,Ages 65+ years,2030,1886.433486200069,1789.2521366434228,1991.5881203605672
01037,AL,Ages 65+ years,2030,1893.0758423110647,1810.5309824407937,1971.7968123049445
01039,AL,Ages 65+ years,2030,2087.795766375797,2046.3326067041778,2127.074448630912
01041,AL,Ages 65+ years,2030,2168.220092284499,2067.67437593728,2264.9346540353217
01043,AL,Ages 65+ years,2030,2362.356183045541,2243.60630867478,2490.042310840355
01045,AL,Ages 65+ years,2030,1671.1699643058782,1588.3740139130407,1757.7223580682546
01047,AL,Ages 65+ years,2030,2433.9096125353435,2296.651148700053,2567.93481213664
01049,AL,Ages 65+ years,2030,1997.7597001270944,1918.283400170281,2084.1603828141924
01051,AL,Ages 65+ years,2030,2343.5087397144275,2266.379096943206,2425.3299009597117
01053,AL,Ages 65+ years,2030,2052.576564577864,1957.1837551028452,2152.158599786423
01055,AL,Ages 65+ years,2030,2027.0196279309935,1966.8614170032174,2087.193973774703
01057,AL,Ages 65+ years,2030,1949.3228040409326,1871.074016404663,2022.906052581553
01059,AL,Ages 65+ years,2030,1872.7128527857715,1752.364840012181,1989.1061792741834
01061,AL,Ages 65+ years,2030,1817.0083969015338,1728.8465646602383,1909.7668333383679
01063,AL,Ages 65+ years,2030,1792.5016783726455,1679.6415604272524,1908.812307903668
01065,AL,Ages 65+ years,2030,1860.476706571735,1756.0958553100609,1955.6164386120818
01067,AL,Ages 65+ years,2030,1466.8339205807001,1391.777448052494,1539.0924745197779
01069,AL,Ages 65+ years,2030,1927.8853861938062,1874.6881577972626,1984.832703225704
01071,AL,Ages 65+ years,2030,2196.292404624261,2152.9335923853896,2243.19341259832
01073,AL,Ages 65+ years,2030,1787.350132506085,1721.2051469924206,1848.045721609144
01075,AL,Ages 65+ years,2030,1708.4299249331605,1615.3225612178107,1796.5354726330866
01077,AL,Ages 65+ years,2030,1688.7790516805187,1645.1196817694301,1733.8781790848186
01079,AL,Ages 65+ years,2030,1971.779612024748,1880.157055144543,2056.49228979302
01081,AL,Ages 65+ years,2030,1177.439147254913,1164.4380278478761,1189.5302269921597
01083,AL,Ages 65+ years,2030,2174.843964091551,2063.464580731913,2291.8917426955163
01085,AL,Ages 65+ years,2030,1883.375485150193,1789.292512113019,1980.6701719466928
01087,AL,Ages 65+ years,2030,2454.765251748194,2352.527189053539,2553.7227721098607
01089,AL,Ages 65+ years,2030,1852.2766577878533,1818.291382229115,1890.895229468507
01091,AL,Ages 65+ years,2030,1843.3956020006372,1745.434051024978,1936.1657419756577
01093,AL,Ages 65+ years,2030,1871.759290369894,1797.6426691593056,1943.144016544876
01095,AL,Ages 65+ years,2030,2108.4688537645943,2012.9298019288021,2199.043385281961
01097,AL,Ages 65+ years,2030,2041.1029290495496,1907.4820715810374,2173.337183683715
01099,AL,Ages 65+ years,2030,1442.9647952372316,1350.732631081057,1535.8404301381136
01101,AL,Ages 65+ years,2030,1549.361237922624,1479.802825060882,1616.6826613203107
01103,AL,Ages 65+ years,2030,2094.327223438586,1962.5475681793748,2226.3484099333014
01105,AL,Ages 65+ years,2030,1565.6792905789382,1467.6936773847103,1671.4481070376148
01107,AL,Ages 65+ years,2030,2008.7993357667983,1920.8857923907674,2091.1179705005056
01109,AL,Ages 65+ years,2030,1793.0824545599764,1691.4332900595186,1892.9609841904628
01111,AL,Ages 65+ years,2030,2272.9051547191953,2223.5613805676544,2321.5041868867675
01113,AL,Ages 65+ years,2030,1507.9192791074156,1448.0780148460956,1562.9251676263052
01115,AL,Ages 65+ years,2030,1687.028704756383,1630.192131508337,1740.539134816716
01117,AL,Ages 65+ years,2030,1457.8813279122048,1391.0460460900813,1521.32569726875
01119,AL,Ages 65+ years,2030,1557.5396110975448,1447.660767948561,1669.1373454320442
01121,AL,Ages 65+ years,2030,2267.837505544989,2187.706415027252,2352.101410974844
01123,AL,Ages 65+ years,2030,1976.1204415877414,1925.224239075248,2025.23242372521
01125,AL,Ages 65+ years,2030,1840.4688408016475,1782.0407979980246,1896.611402813211
01127,AL,Ages 65+ years,2030,3233.4290111457,3156.7516370281396,3304.0230817578035
01129,AL,Ages 65+ years,2030,1624.4569194554522,1527.4006188916262,1717.7338261740042
01131,AL,Ages 65+ years,2030,1916.2950701701445,1790.0951716682634,2040.674704517268
01133,AL,Ages 65+ years,2030,1827.1835995967065,1734.4666148372944,1915.9929911886918
02013,AK,Ages 65+ years,2030,1075.4605625751815,1041.375538876856,1105.5937862396074
02016,AK,Ages 65+ years,2030,1075.4605625751815,1042.2063577347362,1108.4444254835173
02020,AK,Ages 65+ years,2030,996.903415215669,926.2114057351072,1067.075558172838
02050,AK,Ages 65+ years,2030,1629.631756881612,1587.1468698919803,1674.7277238967342
02060,AK,Ages 65+ years,2030,1075.4605625751815,1040.9840556068018,1108.3312165600837
02068,AK,Ages 65+ years,2030,1075.4605625751815,1041.23832494808,1108.5582526519847
02070,AK,Ages 65+ years,2030,1075.4605625751815,1041.552758834518,1109.9004817394853
02090,AK,Ages 65+ years,2030,1598.090546884514,1540.3250592911518,1651.868611562173
02100,AK,Ages 65+ years,2030,1075.4605625751815,1042.8119405389139,1110.3998744955775
02105,AK,Ages 65+ years,2030,1075.4605625751815,1040.9461187476886,1110.0657847323146
02110,AK,Ages 65+ years,2030,1043.5941688074877,989.4001054926839,1103.0365094096496
02122,AK,Ages 65+ years,2030,1098.1149304202813,1085.0441244651854,1111.075024816131
02130,AK,Ages 65+ years,2030,615.8487352850228,594.9607137069371,639.7661121937084
02150,AK,Ages 65+ years,2030,1075.4605625751815,1041.934517980246,1106.5473821219884
02158,AK,Ages 65+ years,2030,1075.4605625751815,1042.2530848687118,1109.8629035748188
02164,AK,Ages 65+ years,2030,1075.4605625751815,1041.197335441156,1109.7019931825341
02170,AK,Ages 65+ years,2030,903.2923528289964,880.5587889390661,928.1978214619047
02180,AK,Ages 65+ years,2030,1075.4605625751815,1041.7057889910875,1107.0283862425572
02185,AK,Ages 65+ years,2030,1075.4605625751815,1042.5990295592294,1110.456333286129
02188,AK,Ages 65+ years,2030,1075.4605625751815,1040.9761955349156,1107.3822831302618
02195,AK,Ages 65+ years,2030,1075.4605625751815,1042.02689370065,1108.7967002658697
02198,AK,Ages 65+ years,2030,1075.4605625751815,1039.8135159010706,1110.447798039388
02220,AK,Ages 65+ years,2030,687.4639366973553,625.7790408617212,747.3209371607638
02230,AK,Ages 65+ years,2030,1075.4605625751815,1043.372309374359,1107.4972576679625
02240,AK,Ages 65+ years,2030,1075.4605625751815,1042.5365058080097,1108.0042253913177
02261,AK,Ages 65+ years,2030,1075.4605625751815,1041.195602503141,1107.9862754453427
02275,AK,Ages 65+ years,2030,1075.4605625751815,1042.7205492228568,1110.0674713870062
02282,AK,Ages 65+ years,2030,1075.4605625751815,1040.7916945169172,1110.6627158667206
02290,AK,Ages 65+ years,2030,1075.4605625751815,1042.7803564680246,1107.884627984408
04001,AZ,Ages 65+ years,2030,1321.0629265008588,1289.7861874203727,1347.9116258840209
04003,AZ,Ages 65+ years,2030,1227.8121767633854,1168.2944223527136,1292.5796617267445
04005,AZ,Ages 65+ years,2030,869.8749690572844,845.7353028565997,895.1137925659664
04007,AZ,Ages 65+ years,2030,1583.8909976621594,1515.2502736177178,1648.02889715103
04009,AZ,Ages 65+ years,2030,1385.259121570188,1315.1132467221148,1454.8591382277095
04011,AZ,Ages 65+ years,2030,1255.9699726279744,1212.7615715114096,1297.7199023102505
04012,AZ,Ages 65+ years,2030,1221.3000202755795,1139.118587737664,1298.8042319390202
04013,AZ,Ages 65+ years,2030,1297.668193816261,1214.5593815814934,1375.8756250207061
04015,AZ,Ages 65+ years,2030,1262.9280511067834,1234.3730964431697,1291.6376853017707
04017,AZ,Ages 65+ years,2030,1537.6097490952793,1443.7003593868997,1633.5920395179508
04019,AZ,Ages 65+ years,2030,1083.685122568844,1048.0408143166378,1120.3525268604856
04021,AZ,Ages 65+ years,2030,718.3644052060076,681.3494476947534,754.0884143493635
04023,AZ,Ages 65+ years,2030,911.39939969448,878.1647306082847,945.9289960909524
04025,AZ,Ages 65+ years,2030,1231.470242771731,1190.238911791816,1272.2452802429084
04027,AZ,Ages 65+ years,2030,1048.8091559468278,1008.1434385961232,1087.3640929705555
05001,AR,Ages 65+ years,2030,1670.285594278124,1250.9027391178504,2052.42985773054
05003,AR,Ages 65+ years,2030,1805.5720599192032,1707.8988361578256,1909.4150900544066
05005,AR,Ages 65+ years,2030,1517.3537871457545,1424.9664505080646,1611.895255418476
05007,AR,Ages 65+ years,2030,1412.93331545218,1385.2220633465458,1443.2188576607061
05009,AR,Ages 65+ years,2030,2195.1667367231416,1977.9682623937279,2402.9866125367685
05011,AR,Ages 65+ years,2030,2460.618637149232,2353.154739474769,2556.254100141009
05013,AR,Ages 65+ years,2030,1738.0828683014151,1684.585471692655,1788.8569777501339
05015,AR,Ages 65+ years,2030,1654.101848330462,1615.895912315561,1691.710596447722
05017,AR,Ages 65+ years,2030,1739.48075430877,1621.8553154149488,1859.6531657981345
05019,AR,Ages 65+ years,2030,1882.0326951890124,1811.2527105328645,1957.034734393649
05021,AR,Ages 65+ years,2030,1350.9593678969054,1214.9237618275922,1505.9536395942964
05023,AR,Ages 65+ years,2030,1200.534921399162,1125.385356409656,1272.7567652977318
05025,AR,Ages 65+ years,2030,1771.438400533979,1710.2847844170135,1832.9843485100537
05027,AR,Ages 65+ years,2030,1944.040180079448,1857.7536598951563,2040.4044246089172
05029,AR,Ages 65+ years,2030,1653.3040004438483,1384.0517623882477,1929.5006038723438
05031,AR,Ages 65+ years,2030,1695.8531291874854,1614.6834554379168,1775.4492174762534
05033,AR,Ages 65+ years,2030,1542.691643330655,1523.7649424611448,1563.003175264063
05035,AR,Ages 65+ years,2030,1472.9282705382657,1356.0582124962236,1589.764570288785
05037,AR,Ages 65+ years,2030,1624.9765230610428,1564.178495810721,1687.9392986555745
05039,AR,Ages 65+ years,2030,1603.7377698637529,1556.131885924602,1648.8083627843625
05041,AR,Ages 65+ years,2030,2197.337667443753,2137.7012084955613,2251.381761161488
05043,AR,Ages 65+ years,2030,1683.4512947154715,1610.5161045086732,1752.4144111141816
05045,AR,Ages 65+ years,2030,1550.0774061689772,1462.1172529253313,1635.8810978388913
05047,AR,Ages 65+ years,2030,1764.5146501748907,1741.0340532386897,1790.3834392409499
05049,AR,Ages 65+ years,2030,1305.4975537285256,1235.1863273566476,1376.0822448816375
05051,AR,Ages 65+ years,2030,1442.9508231195057,1397.9456040966074,1482.1070085025951
05053,AR,Ages 65+ years,2030,1534.768280738244,1442.8879960032746,1626.1322088169493
05055,AR,Ages 65+ years,2030,1355.9928116366145,1223.7622819034932,1479.734082716609
05057,AR,Ages 65+ years,2030,1673.7007546966383,1599.614447906955,1743.8560740945463
05059,AR,Ages 65+ years,2030,1863.1004858399426,1806.3984610009234,1921.3294148969946
05061,AR,Ages 65+ years,2030,2155.1626246254054,2071.747186323694,2235.321782955152
05063,AR,Ages 65+ years,2030,2601.333061263737,2510.9536849393003,2694.3873831912347
05065,AR,Ages 65+ years,2030,1576.8891987588647,1503.2042537887035,1647.596342552964
05067,AR,Ages 65+ years,2030,1791.1316932602138,1704.7030876136307,1880.866256499827
05069,AR,Ages 65+ years,2030,1504.9950646826203,1262.4445704890313,1782.5479275455893
05071,AR,Ages 65+ years,2030,1810.7064807677505,1770.9354712696656,1846.4027771051142
05073,AR,Ages 65+ years,2030,1900.2180024590234,1824.6245851454046,1984.3621980202017
05075,AR,Ages 65+ years,2030,1641.4596733035617,1577.4419688327587,1703.529526211844
05077,AR,Ages 65+ years,2030,1553.567494185896,1465.4947415476142,1640.6568589489395
05079,AR,Ages 65+ years,2030,1879.901107080163,1817.9685732017172,1943.117187392792
05081,AR,Ages 65+ years,2030,2040.5305790390812,1958.441459448503,2121.7165692663184
05083,AR,Ages 65+ years,2030,1728.1963564138964,1521.7427295752395,1906.313400789647
05085,AR,Ages 65+ years,2030,1432.9633813424452,1393.7913796838054,1475.2232686992152
05087,AR,Ages 65+ years,2030,2336.0603701789705,2268.3854533106874,2404.7709176688527
05089,AR,Ages 65+ years,2030,1970.382855961145,1914.144566754358,2025.7914730246746
05091,AR,Ages 65+ years,2030,2138.570375318745,2014.3913766144904,2251.460965920466
05093,AR,Ages 65+ years,2030,2237.487012947743,2133.7503425734417,2346.9119681922016
05095,AR,Ages 65+ years,2030,2052.041429902544,1979.4768092434358,2127.8095243040298
05097,AR,Ages 65+ years,2030,1371.9149678859667,1334.456403423703,1407.635961320672
05099,AR,Ages 65+ years,2030,1753.9788089624644,1683.4372316038368,1825.106624904029
05101,AR,Ages 65+ years,2030,2015.6315597813862,1999.2617626282608,2033.8182061757352
05103,AR,Ages 65+ years,2030,1813.0774928954277,1723.4813277018122,1889.3077434218437
05105,AR,Ages 65+ years,2030,1455.4524661918283,1408.111883602857,1503.0337718511184
05107,AR,Ages 65+ years,2030,1158.56622297616,1074.1694661909626,1242.7885876701573
05109,AR,Ages 65+ years,2030,1591.9531414263392,1529.1794252306204,1660.7667150916643
05111,AR,Ages 65+ years,2030,2329.01088989752,2194.424399450758,2453.0164611783657
05113,AR,Ages 65+ years,2030,1679.7296956181453,1643.767085894315,1716.6959648375012
05115,AR,Ages 65+ years,2030,1687.4930149703898,1601.3808499925167,1773.9237878645417
05117,AR,Ages 65+ years,2030,1371.1229543891372,1299.7006826285947,1440.5048883551412
05119,AR,Ages 65+ years,2030,1051.875134397051,729.6532737998655,1365.67607533644
05121,AR,Ages 65+ years,2030,1174.0476158228043,1078.9981909650319,1253.732612140944
05123,AR,Ages 65+ years,2030,1629.8273890836042,1552.7974942029919,1712.8924023120871
05125,AR,Ages 65+ years,2030,1435.3346244157071,1377.1382244611075,1492.7343711248704
05127,AR,Ages 65+ years,2030,1370.731964721254,1113.2744389279828,1609.6032745519192
05129,AR,Ages 65+ years,2030,1667.687174680738,1617.7777490290505,1722.7968761540901
05131,AR,Ages 65+ years,2030,1724.1477804173164,1471.6924794729653,1965.9336084942865
05133,AR,Ages 65+ years,2030,1709.8903020305497,1608.9450126447844,1802.8277979051127
05135,AR,Ages 65+ years,2030,1854.5529930401178,1776.628657659919,1927.767448167195
05137,AR,Ages 65+ years,2030,1341.4945105283693,1279.9403336043538,1410.1410515129915
05139,AR,Ages 65+ years,2030,1632.5333608867888,1545.4320476901498,1718.0651377606373
05141,AR,Ages 65+ years,2030,1182.394255461992,1080.2733089958822,1292.0786023038409
05143,AR,Ages 65+ years,2030,3259.89168566913,3170.045002925706,3353.3404746495844
05145,AR,Ages 65+ years,2030,1761.604494000909,1734.6686403719493,1787.381275995786
05147,AR,Ages 65+ years,2030,1782.3852268129913,1700.1730900139632,1873.8906933461733
05149,AR,Ages 65+ years,2030,2100.4776066781737,2074.0385310434986,2130.5313044235118
06001,CA,Ages 65+ years,2030,1010.8338922681892,965.9151211167315,1054.335751654715
06003,CA,Ages 65+ years,2030,1229.161344729969,1178.1503295632583,1283.9398126527349
06005,CA,Ages 65+ years,2030,1319.5672044351531,1258.1252818053863,1379.9082334079071
06007,CA,Ages 65+ years,2030,1228.734920531293,1182.879032703043,1272.3544049357447
06009,CA,Ages 65+ years,2030,1074.218520849561,1014.0404624467627,1131.897367707265
06011,CA,Ages 65+ years,2030,1284.0474947545151,1141.364643881733,1427.9336633994308
06013,CA,Ages 65+ years,2030,939.1800833485488,905.7449219530189,974.0006820772472
06015,CA,Ages 65+ years,2030,1178.927297659297,1117.4409832459794,1237.1889488802751
06017,CA,Ages 65+ years,2030,1045.531320626873,1023.5482056652262,1066.6369090467151
06019,CA,Ages 65+ years,2030,1523.395933888453,1478.2798433182422,1571.5668772449644
06021,CA,Ages 65+ years,2030,1276.5065968801116,1245.2656124985258,1306.7741370571277
06023,CA,Ages 65+ years,2030,1993.1265027345053,1979.7329374607607,2006.87356359709
06025,CA,Ages 65+ years,2030,1037.3265542009726,978.1564924852455,1094.9333894894085
06027,CA,Ages 65+ years,2030,1267.731464159401,1186.1469459215898,1348.1621099524918
06029,CA,Ages 65+ years,2030,1731.9786925251176,1542.7060255016863,1917.1430840496703
06031,CA,Ages 65+ years,2030,1358.2493455614247,1280.4599744065865,1440.7243173483077
06033,CA,Ages 65+ years,2030,942.7442009670534,893.0486180596891,989.9623487730746
06035,CA,Ages 65+ years,2030,1206.8191764640699,1153.1654960776045,1257.2991602306568
06037,CA,Ages 65+ years,2030,1244.9207165385421,1146.7068856254125,1350.1586379475893
06039,CA,Ages 65+ years,2030,1012.6125990129666,943.6335398875171,1083.5417529979056
06041,CA,Ages 65+ years,2030,789.8085942710314,757.7312251150246,820.7414131602451
06043,CA,Ages 65+ years,2030,1065.0224173268,1021.0492268199296,1115.7526945624063
06045,CA,Ages 65+ years,2030,1169.4002318986186,1142.01790706035,1197.0389343276038
06047,CA,Ages 65+ years,2030,1255.460589384908,1229.3864826427327,1285.921914903409
06049,CA,Ages 65+ years,2030,1277.9252131182586,1248.5141315651329,1303.3923067348435
06051,CA,Ages 65+ years,2030,703.548177471639,650.14285334975,759.6679857454068
06053,CA,Ages 65+ years,2030,1010.3860492742414,916.117567304777,1111.1980877635451
06055,CA,Ages 65+ years,2030,783.260538635973,757.5718157521575,808.5194684255779
06057,CA,Ages 65+ years,2030,1075.8854636787173,1019.5506552343235,1129.6067131735877
06059,CA,Ages 65+ years,2030,1147.2390867383078,1103.2046707311486,1191.6595657173218
06061,CA,Ages 65+ years,2030,1140.5868993037564,1055.5497344995263,1220.947807855572
06063,CA,Ages 65+ years,2030,1193.8463358209763,1137.389875304935,1248.9274824306517
06065,CA,Ages 65+ years,2030,1579.5173868631907,1487.1485999347428,1674.3100050162495
06067,CA,Ages 65+ years,2030,1236.9468593713868,1215.8258433554363,1258.7145818865044
06069,CA,Ages 65+ years,2030,1187.4445675931343,1127.8822094478162,1247.0075438724919
06071,CA,Ages 65+ years,2030,1717.8504228731888,1590.299219352279,1857.9511824988829
06073,CA,Ages 65+ years,2030,1271.168312198701,1212.910820423545,1333.4152601151716
06075,CA,Ages 65+ years,2030,980.8139857742473,890.9932866569786,1062.7288945921662
06077,CA,Ages 65+ years,2030,1310.3738712553397,1269.4253316062777,1349.5604669109296
06079,CA,Ages 65+ years,2030,1284.889283623301,1178.8523433799683,1393.3163069035015
06081,CA,Ages 65+ years,2030,950.2878997999744,893.3466565021231,1006.2249335002186
06083,CA,Ages 65+ years,2030,1103.0923941114308,1049.9318815688694,1155.2546794974337
06085,CA,Ages 65+ years,2030,900.6243672474482,879.5072869635926,922.4917668234419
06087,CA,Ages 65+ years,2030,730.7556333411051,675.314245209734,787.6375303924955
06089,CA,Ages 65+ years,2030,1619.8054072191971,1595.6373461042565,1642.0465657764473
06091,CA,Ages 65+ years,2030,1229.161344729969,1180.167917222969,1284.095027666345
06093,CA,Ages 65+ years,2030,1390.048540155296,1354.533470703025,1423.7067477410944
06095,CA,Ages 65+ years,2030,971.5439014646138,944.8771451474522,998.6315074292245
06097,CA,Ages 65+ years,2030,917.8111028254242,834.9065612359417,992.2442262509585
06099,CA,Ages 65+ years,2030,1321.793870630725,1245.328018749186,1405.727143213393
06101,CA,Ages 65+ years,2030,1213.617393353646,1190.6533154615415,1239.504931529254
06103,CA,Ages 65+ years,2030,1525.263723044134,1487.0088299902234,1565.6585601433985
06105,CA,Ages 65+ years,2030,1220.3874161907931,1205.4086703577111,1234.9048091093275
06107,CA,Ages 65+ years,2030,1490.871206159723,1427.8895988463578,1552.1800566542468
06109,CA,Ages 65+ years,2030,1122.306728337953,1096.461733910409,1150.8827521220035
06111,CA,Ages 65+ years,2030,1302.5202867915345,1271.0987136908075,1335.2027441527678
06113,CA,Ages 65+ years,2030,1130.8812658867523,1064.0413247731112,1197.4031672390433
06115,CA,Ages 65+ years,2030,1493.2793340830447,1448.4546418596958,1535.6716955345998
08001,CO,Ages 65+ years,2030,1303.2324641223804,1274.840046624476,1332.2360297116713
08003,CO,Ages 65+ years,2030,1256.62173502513,1228.5847641106236,1287.5280857080693
08005,CO,Ages 65+ years,2030,1151.985199488934,1136.4847570080187,1165.15165128633
08007,CO,Ages 65+ years,2030,1110.7211881002527,1079.1065070897635,1143.8711602417516
08009,CO,Ages 65+ years,2030,1095.481653609652,1064.5206580982053,1127.8276044480883
08011,CO,Ages 65+ years,2030,1095.481653609652,1061.7258079119204,1127.2013201184125
08013,CO,Ages 65+ years,2030,1066.590670931657,1047.7682991031588,1086.078926616326
08014,CO,Ages 65+ years,2030,974.9653130164475,838.4439192602964,1107.297998750358
08015,CO,Ages 65+ years,2030,861.6408287291296,817.3038061596084,908.4344184820676
08017,CO,Ages 65+ years,2030,1095.481653609652,1063.9742490412712,1128.1537510286914
08019,CO,Ages 65+ years,2030,757.5857671090847,652.6708627292127,867.2549938326999
08021,CO,Ages 65+ years,2030,1503.2125647099433,1421.898769392731,1588.4217228430648
08023,CO,Ages 65+ years,2030,1095.481653609652,1062.1064376909749,1127.0900923455429
08025,CO,Ages 65+ years,2030,1095.481653609652,1062.672118272187,1128.0110209543857
08027,CO,Ages 65+ years,2030,1095.481653609652,1060.3362097330262,1128.4135468401778
08029,CO,Ages 65+ years,2030,1671.128181047654,1630.6830620585527,1717.3795821323936
08031,CO,Ages 65+ years,2030,1246.1981339371068,1215.1573929951853,1276.874707783995
08033,CO,Ages 65+ years,2030,1095.481653609652,1060.5437625278557,1128.0594744785028
08035,CO,Ages 65+ years,2030,911.5207243108968,866.9643440733154,953.4941148847562
08037,CO,Ages 65+ years,2030,352.07276041622464,290.78413212537663,412.41918254270985
08039,CO,Ages 65+ years,2030,1075.56641579549,1058.5388232566854,1093.2971763167996
08041,CO,Ages 65+ years,2030,1590.5178740258184,1512.6393974885389,1666.542631538596
08043,CO,Ages 65+ years,2030,1394.740503823863,1326.467004996512,1465.3944122521543
08045,CO,Ages 65+ years,2030,1061.152749034602,987.0333287878274,1133.3696421187428
08047,CO,Ages 65+ years,2030,1095.481653609652,1065.5403463221817,1129.0112660615603
08049,CO,Ages 65+ years,2030,576.7264713370125,530.0636582638548,627.784551327825
08051,CO,Ages 65+ years,2030,917.2839250368801,886.3893230177362,947.0936870254881
08053,CO,Ages 65+ years,2030,1095.481653609652,1061.5181488515786,1126.1389684657265
08055,CO,Ages 65+ years,2030,1087.3431624589334,1040.927374818611,1138.046211008624
08057,CO,Ages 65+ years,2030,1095.481653609652,1062.7309391111626,1125.554222344127
08059,CO,Ages 65+ years,2030,1390.6118476373742,1370.351712952807,1412.2155753755012
08061,CO,Ages 65+ years,2030,1095.481653609652,1063.9955896909994,1126.639728078233
08063,CO,Ages 65+ years,2030,1133.9151746354887,1098.5905665788744,1168.643167542784
08065,CO,Ages 65+ years,2030,1095.481653609652,1061.6939254158735,1126.3880597650295
08067,CO,Ages 65+ years,2030,1350.1175081706765,1328.7545339642772,1371.8564622525193
08069,CO,Ages 65+ years,2030,1030.4971876399122,993.9985105201806,1068.8156579675656
08071,CO,Ages 65+ years,2030,1005.813185616728,940.0343731936385,1069.387600989504
08073,CO,Ages 65+ years,2030,1095.481653609652,1062.3421286012367,1130.0106913511445
08075,CO,Ages 65+ years,2030,1102.426499368706,1039.536259004511,1170.7855910609535
08077,CO,Ages 65+ years,2030,1569.2523877503534,1547.003714645564,1592.056533763279
08079,CO,Ages 65+ years,2030,1095.481653609652,1065.5358956279385,1126.2432079684752
08081,CO,Ages 65+ years,2030,1149.5379221035507,1094.850878007326,1203.695785536283
08083,CO,Ages 65+ years,2030,1149.1640412294685,991.8459168941597,1321.1486800659382
08085,CO,Ages 65+ years,2030,1253.5777462458025,1212.4080257645935,1294.7530083918446
08087,CO,Ages 65+ years,2030,861.1142662416132,824.8170709878524,896.018218470543
08089,CO,Ages 65+ years,2030,1877.3635446534272,1828.1215714393038,1928.9785700989744
08091,CO,Ages 65+ years,2030,1095.481653609652,1065.6203886750484,1126.9810221172354
08093,CO,Ages 65+ years,2030,700.1083047741471,674.9640751692986,724.095544782383
08095,CO,Ages 65+ years,2030,1095.481653609652,1062.4355321332507,1125.9352424520794
08097,CO,Ages 65+ years,2030,359.9356243343719,325.7562836354146,397.6942621021644
08099,CO,Ages 65+ years,2030,1398.049834641572,1355.972431669204,1441.058995953278
08101,CO,Ages 65+ years,2030,1231.100870957361,1154.1273127190314,1307.6827984264148
08103,CO,Ages 65+ years,2030,1095.481653609652,1062.0564636478578,1130.2121896482668
08105,CO,Ages 65+ years,2030,1267.2428197565123,1214.0655788426313,1323.5705772780777
08107,CO,Ages 65+ years,2030,580.9832918565525,531.0104957558278,633.2687333953266
08109,CO,Ages 65+ years,2030,1095.481653609652,1063.3776165084655,1127.7755072920893
08111,CO,Ages 65+ years,2030,1095.481653609652,1065.5683730659448,1127.1856066633857
08113,CO,Ages 65+ years,2030,1095.481653609652,1064.8685547720895,1128.4411172671605
08115,CO,Ages 65+ years,2030,1095.481653609652,1063.3110463996836,1127.8731640394992
08117,CO,Ages 65+ years,2030,382.800164954326,356.20336156084437,409.19950536878605
08119,CO,Ages 65+ years,2030,1041.3187610919135,1006.6636544237915,1081.2409525128194
08121,CO,Ages 65+ years,2030,1095.481653609652,1064.834197860737,1126.2725665617836
08123,CO,Ages 65+ years,2030,916.2286569781832,883.1487369941339,948.5001343243929
08125,CO,Ages 65+ years,2030,986.4301028723116,957.3239624976891,1014.6847222997551
09001,CT,Ages 65+ years,2030,978.3767584324758,968.7686742373714,989.1139366520396
09003,CT,Ages 65+ years,2030,1098.6519748040425,1056.4044863912954,1141.1189616837914
09005,CT,Ages 65+ years,2030,799.1469738017523,783.5738194246335,815.0996493690651
09007,CT,Ages 65+ years,2030,995.3287226722541,952.5307435630821,1036.466949550915
09009,CT,Ages 65+ years,2030,1209.3369957312907,1167.8173367974266,1252.4580078486188
09011,CT,Ages 65+ years,2030,1092.1482199440418,1068.2352553120693,1117.532319126081
09013,CT,Ages 65+ years,2030,1064.7214019357116,1026.3591438792785,1103.3056005567275
09015,CT,Ages 65+ years,2030,1344.007003408134,1331.1970341115507,1357.2969802948592
10001,DE,Ages 65+ years,2030,1628.241146437966,1541.2819762563154,1717.1739211016577
10003,DE,Ages 65+ years,2030,1668.318224853565,1571.9703282511425,1773.4178904176108
10005,DE,Ages 65+ years,2030,1370.7183475910633,1330.8316940860848,1412.462932026522
11001,DC,Ages 65+ years,2030,1225.2050577271018,1190.5075564760627,1258.985087966772
12001,FL,Ages 65+ years,2030,1024.6654006756048,976.4419766390121,1072.9468555361314
12003,FL,Ages 65+ years,2030,1334.9677356505235,1195.5684683526274,1497.2923287381864
12005,FL,Ages 65+ years,2030,1118.5824304290468,1100.869286536837,1135.366125690698
12007,FL,Ages 65+ years,2030,1217.2665595431993,1168.745153284219,1277.574911280317
12009,FL,Ages 65+ years,2030,1438.4407823586628,1176.490307482751,1690.7929725721647
12011,FL,Ages 65+ years,2030,1502.497446758202,1454.2712651964114,1551.358787305091
12013,FL,Ages 65+ years,2030,1379.9683828276443,1295.734784891567,1470.6191812621362
12015,FL,Ages 65+ years,2030,635.6350716762931,582.8527992578693,690.7085437358088
12017,FL,Ages 65+ years,2030,1965.2306148403125,1940.7508086715409,1991.0906904887538
12019,FL,Ages 65+ years,2030,1178.3028863823406,1133.2327485474327,1222.9239247593375
12021,FL,Ages 65+ years,2030,865.1820277004024,771.0586885654835,951.8528990229256
12023,FL,Ages 65+ years,2030,1026.486441094383,971.2539475613145,1078.3435473607015
12027,FL,Ages 65+ years,2030,547.7365356653845,458.7973613050116,630.7937886504693
12029,FL,Ages 65+ years,2030,782.7530363018645,590.875232196444,945.464400945935
12031,FL,Ages 65+ years,2030,1624.9195081368878,1516.6865206907396,1726.6679676019571
12033,FL,Ages 65+ years,2030,1410.809653171108,1331.356608440121,1489.721126930326
12035,FL,Ages 65+ years,2030,1584.528632222621,1561.5783380914552,1605.458794779271
12037,FL,Ages 65+ years,2030,1194.2949586258133,1161.3718890726084,1226.7328359532053
12039,FL,Ages 65+ years,2030,1107.9948594391074,1031.9907466012821,1177.2455335493264
12041,FL,Ages 65+ years,2030,916.2878332711082,826.0529489805941,1000.9690779070252
12043,FL,Ages 65+ years,2030,819.0625654906344,768.7563950049632,862.2417156512388
12045,FL,Ages 65+ years,2030,1200.6990223912712,1109.3597428256794,1295.6665493818891
12047,FL,Ages 65+ years,2030,1309.3942801344667,1253.1475922239226,1366.6261033581789
12049,FL,Ages 65+ years,2030,1373.0115360131645,1310.1657705586872,1433.63603254382
12051,FL,Ages 65+ years,2030,1471.460317395258,1411.85161595821,1527.1055652027255
12053,FL,Ages 65+ years,2030,1604.824717416321,1495.1985723085852,1719.3465378174913
12055,FL,Ages 65+ years,2030,1134.789059491666,1109.9459632889568,1159.0660915749515
12057,FL,Ages 65+ years,2030,1381.8771096878838,1305.247311796603,1462.287398861563
12059,FL,Ages 65+ years,2030,1903.5040104070827,1765.2786117806177,2054.3966143710927
12061,FL,Ages 65+ years,2030,1511.6549958830321,1414.5224825773182,1597.7667870258572
12063,FL,Ages 65+ years,2030,1296.8663836296937,1222.7885215937317,1371.2880844221272
12065,FL,Ages 65+ years,2030,998.7617919353527,941.6224675238642,1062.934613145663
12067,FL,Ages 65+ years,2030,1183.6546873253922,1124.1826373864071,1245.2582038142086
12069,FL,Ages 65+ years,2030,1551.43587925529,1481.4682463797167,1616.7889610995708
12071,FL,Ages 65+ years,2030,671.2183651635607,644.1659844404994,697.4340104894673
12073,FL,Ages 65+ years,2030,1219.199388864649,1154.2007985585126,1284.5130216197556
12075,FL,Ages 65+ years,2030,1404.6884901407398,1176.6089789059258,1654.7635473524006
12077,FL,Ages 65+ years,2030,1294.8109454055464,1238.0798324199707,1352.4593699657921
12079,FL,Ages 65+ years,2030,1565.8123310007663,1495.3244202741005,1633.605143664109
12081,FL,Ages 65+ years,2030,855.6663525963733,712.0423090328381,997.9735333950505
12083,FL,Ages 65+ years,2030,1617.1863010722905,1583.4493273504322,1654.5877680904682
12085,FL,Ages 65+ years,2030,1241.685339925262,1216.5345345256435,1266.4198319933419
12086,FL,Ages 65+ years,2030,1462.9489391424086,1412.4317266185503,1515.3532421034968
12087,FL,Ages 65+ years,2030,1039.772868251873,1015.5523703176302,1063.761545711997
12089,FL,Ages 65+ years,2030,1221.1027834136537,1180.0288791304336,1254.6354496015779
12091,FL,Ages 65+ years,2030,1266.898438298742,1219.862447544956,1318.9690205201734
12093,FL,Ages 65+ years,2030,1585.6932329827976,1540.8105148760724,1630.0005564137568
12095,FL,Ages 65+ years,2030,1565.3004266608289,1513.7416156351046,1612.8972411582733
12097,FL,Ages 65+ years,2030,1647.250509487422,1590.1138422362792,1705.543204304855
12099,FL,Ages 65+ years,2030,1253.2206911167473,1125.1617402835022,1368.0891675061732
12101,FL,Ages 65+ years,2030,1281.658499306825,1250.0468819125006,1313.1457527721234
12103,FL,Ages 65+ years,2030,1034.331829254196,1009.9549636300319,1058.0012043528102
12105,FL,Ages 65+ years,2030,1365.0421259454906,1301.204948789745,1423.5600728742722
12107,FL,Ages 65+ years,2030,1074.637341187655,811.0947021766608,1306.1591116338777
12109,FL,Ages 65+ years,2030,980.1707776945266,967.4743531836866,993.1352809203537
12111,FL,Ages 65+ years,2030,1288.878039648843,1237.197968823808,1341.1375482502588
12113,FL,Ages 65+ years,2030,1276.1826533114574,1250.7368693639196,1302.410626442158
12115,FL,Ages 65+ years,2030,705.8385767426499,651.5125256895243,757.575945976328
12117,FL,Ages 65+ years,2030,1562.8884924632605,1352.630766721287,1756.0464150133566
12119,FL,Ages 65+ years,2030,978.1715910374556,958.1411324645527,997.5997012479593
12121,FL,Ages 65+ years,2030,1280.764594738411,1249.7046952064086,1313.4344000694498
12123,FL,Ages 65+ years,2030,1163.245267276086,1114.0611906536662,1209.7113089557408
12125,FL,Ages 65+ years,2030,2179.6164647142396,2121.883534546321,2241.568834505759
12127,FL,Ages 65+ years,2030,1607.4029770174086,1526.0126761171455,1684.4107981117304
12129,FL,Ages 65+ years,2030,1851.4367281220555,1776.5964990553434,1933.7554293249011
12131,FL,Ages 65+ years,2030,1047.3221144940235,1011.1134437667839,1089.1584158577978
12133,FL,Ages 65+ years,2030,1850.1572523306756,1683.8291729746882,2026.1132749189737
13001,GA,Ages 65+ years,2030,1398.4770884906454,1344.4113926899647,1459.1104430160071
13003,GA,Ages 65+ years,2030,1602.1991018768001,1535.0779700647356,1679.2602260166796
13005,GA,Ages 65+ years,2030,1819.235433398597,1755.5688068453433,1885.3613433973094
13007,GA,Ages 65+ years,2030,1602.1991018768001,1530.9752758059483,1667.8589418572958
13009,GA,Ages 65+ years,2030,2241.4058747822196,2173.808289390373,2309.487963018654
13011,GA,Ages 65+ years,2030,1457.0086533231763,1397.3780777028574,1517.8445676683148
13013,GA,Ages 65+ years,2030,1632.711564957092,1537.0422272221283,1739.5870060351667
13015,GA,Ages 65+ years,2030,1981.373958753264,1915.946539957764,2042.9509250813455
13017,GA,Ages 65+ years,2030,1971.9032894197112,1911.8692982303603,2032.0817284122704
13019,GA,Ages 65+ years,2030,1595.644201950713,1536.1988830749194,1659.0920440625248
13021,GA,Ages 65+ years,2030,1524.786994789515,1189.2471185326576,1853.167726813663
13023,GA,Ages 65+ years,2030,1441.3971703900365,1359.0308895850292,1516.5782329668452
13025,GA,Ages 65+ years,2030,1472.9365777323333,1410.3416010986202,1531.4857099876683
13027,GA,Ages 65+ years,2030,1499.4734619970825,1443.7555568427767,1555.9365445096626
13029,GA,Ages 65+ years,2030,1429.5385200607807,1388.6988391708653,1471.5413919478187
13031,GA,Ages 65+ years,2030,1358.829152331732,1340.8411034887863,1375.308112350436
13033,GA,Ages 65+ years,2030,1837.3592876166056,1755.974804759976,1930.4872583984445
13035,GA,Ages 65+ years,2030,1482.732050359934,1412.8522777627686,1551.3083801216317
13037,GA,Ages 65+ years,2030,1602.1991018768001,1536.5205619072747,1670.0516150995918
13039,GA,Ages 65+ years,2030,1316.712483739463,1196.9875727118406,1433.410080725792
13043,GA,Ages 65+ years,2030,1772.9295816751267,1698.307878265022,1839.7893170853802
13045,GA,Ages 65+ years,2030,2033.755362404179,1929.179329187317,2130.607929692506
13047,GA,Ages 65+ years,2030,1525.1306209672027,1203.732685788575,1823.7621425423056
13049,GA,Ages 65+ years,2030,1056.5225307231588,961.659671184696,1154.893397438575
13051,GA,Ages 65+ years,2030,1385.5963425549883,1311.822876354842,1455.1909681536479
13053,GA,Ages 65+ years,2030,1602.1991018768001,1536.3027795381618,1671.7148606680573
13055,GA,Ages 65+ years,2030,2011.667876035294,1977.5136056531487,2042.8995593727352
13057,GA,Ages 65+ years,2030,1326.6990186551868,1195.7058048864735,1452.398640542947
13059,GA,Ages 65+ years,2030,1463.7811837505603,1440.449791474183,1487.3592080306935
13061,GA,Ages 65+ years,2030,1602.1991018768001,1533.9649924934647,1666.804569902949
13063,GA,Ages 65+ years,2030,1567.110588902471,1451.5359210114366,1691.6096440325343
13065,GA,Ages 65+ years,2030,1602.1991018768001,1533.4660390679828,1672.180470061222
13067,GA,Ages 65+ years,2030,1550.813986603426,1499.7218000181417,1600.5664305649705
13069,GA,Ages 65+ years,2030,1833.9963876613722,1768.278856879732,1904.6229844481722
13071,GA,Ages 65+ years,2030,1195.4650649090968,1131.8270983292618,1255.7645870251515
13073,GA,Ages 65+ years,2030,970.5317025596572,912.1117686090232,1032.9328472728396
13075,GA,Ages 65+ years,2030,1685.746021966779,1604.7959570953853,1759.1861725637139
13077,GA,Ages 65+ years,2030,1624.216118241868,1551.516792521277,1694.752629140097
13079,GA,Ages 65+ years,2030,1768.2822878534294,1704.306661621018,1827.1025645960099
13081,GA,Ages 65+ years,2030,1520.1410848003113,1412.1655147719068,1629.1854817152005
13083,GA,Ages 65+ years,2030,1997.041143557707,1915.5876849519334,2072.2259580948407
13085,GA,Ages 65+ years,2030,1304.0753751602936,1262.5875898312645,1345.057644439629
13087,GA,Ages 65+ years,2030,2103.8761196477926,1981.7825899805534,2226.2569087549828
13089,GA,Ages 65+ years,2030,901.079184274862,875.8702934135533,928.1579488656795
13091,GA,Ages 65+ years,2030,1201.2246045525308,1105.8391447095405,1304.2035009482133
13093,GA,Ages 65+ years,2030,1239.9104713057352,1175.8439749214347,1308.9110325716867
13095,GA,Ages 65+ years,2030,1310.9224814874833,1212.920577986986,1416.587226087226
13097,GA,Ages 65+ years,2030,2421.204738922906,2318.1450950739,2545.536919826545
13099,GA,Ages 65+ years,2030,2248.0054927619553,2161.927743439317,2347.3100228567023
13101,GA,Ages 65+ years,2030,1602.1991018768001,1529.7235524887576,1670.4189307508818
13103,GA,Ages 65+ years,2030,1552.4549648671607,1502.2801413477002,1600.5510033698736
13105,GA,Ages 65+ years,2030,1889.4124643812358,1804.583212499829,1973.0657985326309
13107,GA,Ages 65+ years,2030,2271.49726845326,2182.6980825420915,2363.3599682219033
13109,GA,Ages 65+ years,2030,1501.1249963302184,1448.3245978489413,1560.4624643746474
13111,GA,Ages 65+ years,2030,1312.2013747939218,1254.900966222433,1370.833329888411
13113,GA,Ages 65+ years,2030,1358.9420755184972,1278.768314119844,1451.9001610804416
13115,GA,Ages 65+ years,2030,2198.643583615551,2117.6831417966546,2277.1575845727893
13117,GA,Ages 65+ years,2030,1124.9611285913134,1107.2589039765091,1144.6481325552993
13119,GA,Ages 65+ years,2030,2196.680722128372,2100.4493358032028,2275.384074391983
13121,GA,Ages 65+ years,2030,1095.4046350474878,1066.2549041439877,1125.398465094135
13123,GA,Ages 65+ years,2030,1405.1244230131301,1363.3101824830849,1446.1187743804423
13125,GA,Ages 65+ years,2030,1602.1991018768001,1538.5666578644054,1674.4578840786369
13127,GA,Ages 65+ years,2030,1238.4053043737729,1196.473310876698,1282.4678392486094
13129,GA,Ages 65+ years,2030,1640.0662501232491,1581.34366065715,1702.366088416412
13131,GA,Ages 65+ years,2030,1345.4331686894034,1274.4409616184212,1410.7635909487021
13133,GA,Ages 65+ years,2030,1332.258421383027,1263.5071390664305,1401.6539655562615
13135,GA,Ages 65+ years,2030,1043.4790849698763,1020.6209167066975,1063.9238899070656
13137,GA,Ages 65+ years,2030,1469.8610686935192,1383.0949721844268,1559.1693941536375
13139,GA,Ages 65+ years,2030,1251.2024339594216,1207.5849116772101,1291.8284824222783
13141,GA,Ages 65+ years,2030,1557.6347524758396,1468.5977174321856,1640.7297241316892
13143,GA,Ages 65+ years,2030,2150.6746905137343,2080.4312534376522,2230.146295327451
13145,GA,Ages 65+ years,2030,1171.1165951138903,1141.7583887129558,1200.9933899461591
13147,GA,Ages 65+ years,2030,1465.9666131634092,1387.6423051981064,1539.2227197856448
13149,GA,Ages 65+ years,2030,1850.3878309985341,1783.8324413227958,1910.0412184543056
13151,GA,Ages 65+ years,2030,1707.8243509110678,1650.3246250874608,1762.3419249157894
13153,GA,Ages 65+ years,2030,1886.6272306688795,1813.212256394259,1956.752462212159
13155,GA,Ages 65+ years,2030,1817.2802688858765,1730.1431639262228,1901.6049855576123
13157,GA,Ages 65+ years,2030,1829.10306571926,1769.2330467130726,1894.760963259817
13159,GA,Ages 65+ years,2030,1645.9212268651884,1567.6873854705439,1725.4876904015828
13161,GA,Ages 65+ years,2030,2071.479609233821,1999.0245729970825,2132.2351020880624
13163,GA,Ages 65+ years,2030,2121.4615471000475,2035.0329157342317,2208.60151067343
13165,GA,Ages 65+ years,2030,1687.3671815604503,1636.9251940877716,1740.6803751022765
13167,GA,Ages 65+ years,2030,1577.8310240770495,1500.3596867817382,1652.7393259546402
13169,GA,Ages 65+ years,2030,1374.5799083990594,1314.0374464735633,1433.844895976859
13171,GA,Ages 65+ years,2030,1577.4542483870828,1509.1785689000903,1637.024577817555
13173,GA,Ages 65+ years,2030,1228.2667308137047,1146.1092405467812,1312.402951599807
13175,GA,Ages 65+ years,2030,1384.0410159180842,1334.245824943524,1436.280244021668
13177,GA,Ages 65+ years,2030,1828.3143278019602,1755.6282393825759,1906.7362440493614
13179,GA,Ages 65+ years,2030,1338.880210028674,1250.2369383580738,1425.213700383377
13181,GA,Ages 65+ years,2030,1290.4744235610692,1188.3748793641264,1392.5120234308413
13183,GA,Ages 65+ years,2030,986.9100867739209,931.2128018485482,1050.023964205849
13185,GA,Ages 65+ years,2030,1096.3823942930355,1014.2659873728242,1166.9410712748363
13187,GA,Ages 65+ years,2030,1529.3976682133903,1490.2047992021794,1572.2076873223334
13189,GA,Ages 65+ years,2030,1582.6092994886706,1495.92123615506,1666.3982788211376
13191,GA,Ages 65+ years,2030,691.3383249563236,629.7643796416427,749.5374464060125
13193,GA,Ages 65+ years,2030,2129.064909766214,2068.4274325327337,2188.964557738385
13195,GA,Ages 65+ years,2030,1617.4842772771242,1540.217850472584,1696.516156137744
13197,GA,Ages 65+ years,2030,1519.8790437325395,1444.547144755016,1594.0062768433957
13199,GA,Ages 65+ years,2030,1970.1835539570084,1897.8844894684826,2048.444342356434
13201,GA,Ages 65+ years,2030,1370.9202321760067,1313.3989331498067,1423.4177719225588
13205,GA,Ages 65+ years,2030,1448.8159540905722,1388.2983058959487,1511.126881376494
13207,GA,Ages 65+ years,2030,1251.5320881567357,1212.1084886805556,1294.6853442864312
13209,GA,Ages 65+ years,2030,1438.0797237426157,1363.4232494738756,1504.458691570086
13211,GA,Ages 65+ years,2030,1452.3929808423711,1372.8055213802857,1531.2083047084545
13213,GA,Ages 65+ years,2030,1541.4481673481343,1500.8187337663683,1585.5767778783677
13215,GA,Ages 65+ years,2030,2028.1785518821453,1997.1493831547584,2057.1432761643164
13217,GA,Ages 65+ years,2030,1777.804759509796,1652.6357461980504,1901.2423140506173
13219,GA,Ages 65+ years,2030,1322.9156933377199,1274.4063237070002,1369.138596826531
13221,GA,Ages 65+ years,2030,1252.7889555946745,1196.8067624905686,1305.490132931519
13223,GA,Ages 65+ years,2030,2207.154463723247,2054.489934371495,2347.9032268700557
13225,GA,Ages 65+ years,2030,1984.9918993855902,1898.2321926073596,2066.133866289239
13227,GA,Ages 65+ years,2030,1400.02883032675,1389.25273883656,1410.017725189293
13229,GA,Ages 65+ years,2030,1493.1082910030093,1426.5030471759524,1558.4254426464033
13231,GA,Ages 65+ years,2030,1428.5905672855058,1380.7135014480514,1477.26648008711
13233,GA,Ages 65+ years,2030,2411.2372167356184,2314.935887785875,2504.67240182994
13235,GA,Ages 65+ years,2030,1308.9602355877103,1200.5064274711117,1422.1849044976896
13237,GA,Ages 65+ years,2030,1389.5442763893186,1326.6645026996925,1455.0948189472363
13239,GA,Ages 65+ years,2030,1602.1991018768001,1532.212235631335,1674.8888014482309
13241,GA,Ages 65+ years,2030,1422.0316282361962,1357.165591975727,1483.8918841105055
13243,GA,Ages 65+ years,2030,1447.681822714089,1373.320204893166,1519.6833574573384
13245,GA,Ages 65+ years,2030,2206.9862501154757,2065.006365153357,2358.511489055976
13247,GA,Ages 65+ years,2030,1563.242055748569,1509.6568220682275,1617.8986548336543
13249,GA,Ages 65+ years,2030,1602.1991018768001,1533.1314564394957,1674.7635256974415
13251,GA,Ages 65+ years,2030,1621.9340359268,1558.7036566428437,1685.2523742515448
13253,GA,Ages 65+ years,2030,1660.8179031148748,1583.9296458402969,1731.4536693955179
13255,GA,Ages 65+ years,2030,1481.6030427312871,1412.885055008792,1555.579049276059
13257,GA,Ages 65+ years,2030,2083.4608770011546,1961.8487400391975,2199.397339653282
13259,GA,Ages 65+ years,2030,1602.1991018768001,1526.7051039879636,1673.2470041759723
13261,GA,Ages 65+ years,2030,1714.085480610337,1627.7479093888874,1798.9502925645174
13263,GA,Ages 65+ years,2030,1662.5504995454903,1603.4688124059178,1718.9562186278333
13265,GA,Ages 65+ years,2030,1602.1991018768001,1531.2959749967072,1676.2203490328075
13267,GA,Ages 65+ years,2030,1616.6084141662086,1562.793858495047,1674.0213980355134
13269,GA,Ages 65+ years,2030,1453.8158491925442,1392.5060127876825,1511.3214555894747
13271,GA,Ages 65+ years,2030,1049.1692909955352,942.8250270305954,1165.629919933454
13273,GA,Ages 65+ years,2030,1170.8360350075752,1123.868299744213,1224.1606045555625
13275,GA,Ages 65+ years,2030,1250.0440050458224,1174.6428012406484,1333.9320451107817
13277,GA,Ages 65+ years,2030,1849.9938570508687,1782.917455200547,1920.6898523585508
13279,GA,Ages 65+ years,2030,1379.0030147023313,1323.573455379648,1432.582126588846
13281,GA,Ages 65+ years,2030,1268.7668034603016,1204.6007395260228,1327.6666241129196
13283,GA,Ages 65+ years,2030,1602.1991018768001,1526.9027461319183,1664.9236335211042
13285,GA,Ages 65+ years,2030,2336.106984583994,2210.3958995868757,2451.309979605387
13287,GA,Ages 65+ years,2030,1715.0508580254427,1657.4698922069704,1779.803821353016
13289,GA,Ages 65+ years,2030,1878.634229220315,1809.1611441691005,1941.1754615637606
13291,GA,Ages 65+ years,2030,1100.392463418676,1054.6829976845074,1149.0507901187773
13293,GA,Ages 65+ years,2030,2608.142403425859,2535.938911220872,2684.713586322369
13295,GA,Ages 65+ years,2030,2014.3961194175872,1904.0206302476322,2113.647720723981
13297,GA,Ages 65+ years,2030,1732.7427937557109,1677.4901132776902,1794.3524272252785
13299,GA,Ages 65+ years,2030,1964.1324690564072,1858.4098054054646,2072.2389111602215
13301,GA,Ages 65+ years,2030,1570.0049679347674,1475.0153097598372,1659.9125585767968
13303,GA,Ages 65+ years,2030,1508.8953343976448,1436.322823246205,1576.0714702897283
13305,GA,Ages 65+ years,2030,1447.4199639845522,1403.6822162761014,1490.438403998748
13307,GA,Ages 65+ years,2030,1602.1991018768001,1520.4735122448496,1667.1645261434035
13309,GA,Ages 65+ years,2030,1602.1991018768001,1528.6711016635034,1675.184725423459
13311,GA,Ages 65+ years,2030,1342.9448921329524,1255.444780833202,1420.9918308520935
13313,GA,Ages 65+ years,2030,1452.6914733331753,1416.0410598049543,1492.1263977557112
13315,GA,Ages 65+ years,2030,1336.4148247375042,1271.7398381138687,1406.0887145046165
13317,GA,Ages 65+ years,2030,1638.4601560919482,1560.5974817968083,1712.4029163113557
13319,GA,Ages 65+ years,2030,1799.4098639021902,1742.8148523244804,1862.1204845356926
13321,GA,Ages 65+ years,2030,1155.9492750153904,1072.9155271277914,1244.5642581378402
15001,HI,Ages 65+ years,2030,1025.1477963386158,1010.4009636430916,1039.8753218477539
15003,HI,Ages 65+ years,2030,893.5534206832523,875.951856625624,911.6871334423672
15005,HI,Ages 65+ years,2030,1066.7115450929002,1028.4738573526306,1107.022061591884
15007,HI,Ages 65+ years,2030,1227.7264895378512,1145.4002355325956,1321.295776435114
15009,HI,Ages 65+ years,2030,1100.381340100059,1003.9282195732397,1195.7745783470853
16001,ID,Ages 65+ years,2030,1348.7939114222715,1314.4041391402843,1383.2668298807728
16003,ID,Ages 65+ years,2030,1383.820322998954,1358.0008890640554,1413.2467620323782
16005,ID,Ages 65+ years,2030,1686.6021203737919,1629.3161388370359,1743.5718733093886
16007,ID,Ages 65+ years,2030,1790.5947444685444,1732.0509691362145,1852.6933640536176
16009,ID,Ages 65+ years,2030,1560.4843819748435,1379.2206861795366,1731.7057574309706
16011,ID,Ages 65+ years,2030,1648.4242718705527,1610.2844028021566,1691.4186159692297
16013,ID,Ages 65+ years,2030,728.1911752507125,695.7562624468533,761.1627183623079
16015,ID,Ages 65+ years,2030,856.3064896898777,696.0306006350421,1010.1878602107909
16017,ID,Ages 65+ years,2030,884.0794900984052,681.0331371601815,1068.247844764117
16019,ID,Ages 65+ years,2030,1729.9640555381056,1673.6966146723291,1790.7266304932402
16021,ID,Ages 65+ years,2030,773.6919227903718,477.5289612376247,1072.3334897399902
16023,ID,Ages 65+ years,2030,1383.820322998954,1352.9409544817718,1413.0992159943023
16025,ID,Ages 65+ years,2030,1383.820322998954,1354.2819265755643,1411.6384491072947
16027,ID,Ages 65+ years,2030,1693.4655210015053,1338.7015219530526,2083.9453963261994
16029,ID,Ages 65+ years,2030,1897.1395505649837,1839.584455932033,1959.465330093759
16031,ID,Ages 65+ years,2030,1482.3390136846297,1431.9556233844685,1530.4147639946798
16033,ID,Ages 65+ years,2030,1383.820322998954,1355.6379100871443,1411.0853547961447
16035,ID,Ages 65+ years,2030,1022.5935014227283,786.3658439230014,1259.3614020530463
16037,ID,Ages 65+ years,2030,1383.820322998954,1355.3050081942224,1413.5480713866793
16039,ID,Ages 65+ years,2030,1351.4965688493787,1264.3026598637052,1436.4275431381054
16041,ID,Ages 65+ years,2030,1256.5741456858755,1217.1954295657958,1293.9952613365117
16043,ID,Ages 65+ years,2030,1734.0594796347511,1687.1077819205282,1776.883381885742
16045,ID,Ages 65+ years,2030,1812.0310363312924,1658.8653219146652,1950.6319501208484
16047,ID,Ages 65+ years,2030,1341.2276441301904,1285.3951475893982,1402.1185385530907
16049,ID,Ages 65+ years,2030,900.0622967266312,684.0904491349255,1101.8247642984693
16051,ID,Ages 65+ years,2030,1619.0490957096588,1568.2606327784113,1667.5313531429554
16053,ID,Ages 65+ years,2030,1521.4596751656222,1367.4379135945528,1671.7315738727577
16055,ID,Ages 65+ years,2030,1175.9386578181889,1152.9491099803156,1198.9453849877423
16057,ID,Ages 65+ years,2030,777.507214537174,705.4892129760574,847.3648250371278
16059,ID,Ages 65+ years,2030,1287.717926979536,1234.2143514214265,1335.4995653849846
16061,ID,Ages 65+ years,2030,1383.820322998954,1356.093428186584,1412.797601332423
16063,ID,Ages 65+ years,2030,1383.820322998954,1356.4713953209655,1411.33097615589
16065,ID,Ages 65+ years,2030,2686.5401538412907,2595.9827178870205,2769.968977980133
16067,ID,Ages 65+ years,2030,1457.5747986767362,1426.2017410990197,1486.4459412141903
16069,ID,Ages 65+ years,2030,1028.5516124393034,926.5817136770154,1133.14047888543
16071,ID,Ages 65+ years,2030,1383.820322998954,1355.4035073730445,1410.865062099286
16073,ID,Ages 65+ years,2030,1424.0424964286692,1272.8386637118126,1565.0636038333091
16075,ID,Ages 65+ years,2030,1649.3158457261584,1533.7619796702074,1759.3805251541214
16077,ID,Ages 65+ years,2030,1383.820322998954,1356.6239251298268,1412.3214346788914
16079,ID,Ages 65+ years,2030,1221.6147828724002,1174.1969692053156,1270.8793832223907
16081,ID,Ages 65+ years,2030,1383.820322998954,1355.4203056074543,1413.8581378831484
16083,ID,Ages 65+ years,2030,1386.4805605211516,1039.8562692767018,1715.0908320379604
16085,ID,Ages 65+ years,2030,701.6343039727074,677.440399632719,727.5059576353516
16087,ID,Ages 65+ years,2030,1535.4835496418225,1434.7479485747488,1643.927396925299
17001,IL,Ages 65+ years,2030,1098.033216045567,1082.4111768272764,1113.2287549301682
17003,IL,Ages 65+ years,2030,1640.2535948288653,1518.718492557519,1768.7971373037865
17005,IL,Ages 65+ years,2030,2026.4120135537244,1955.6787684288122,2099.154303966704
17007,IL,Ages 65+ years,2030,1444.134451937454,1401.7114336533252,1484.407162106063
17009,IL,Ages 65+ years,2030,1597.5063527651748,1527.8601365019417,1669.1605356968082
17011,IL,Ages 65+ years,2030,1517.086683422705,1456.5123611698316,1580.1954726287447
17013,IL,Ages 65+ years,2030,1612.3208269903898,1566.3900764787834,1662.9200019550553
17015,IL,Ages 65+ years,2030,1731.338511975406,1662.0296325227512,1796.9418886655917
17017,IL,Ages 65+ years,2030,1928.5944512261774,1879.4096386911144,1978.3457405615766
17019,IL,Ages 65+ years,2030,1051.9080592138837,996.6042159191825,1110.8287894156838
17021,IL,Ages 65+ years,2030,1626.8948976007448,1560.502823583297,1686.5229576132992
17023,IL,Ages 65+ years,2030,1753.1437873809457,1683.6121948431355,1828.2743938507463
17025,IL,Ages 65+ years,2030,1947.093909725018,1875.5342564271828,2019.393602066717
17027,IL,Ages 65+ years,2030,2071.211966825979,2012.3617052327002,2130.604019651389
17029,IL,Ages 65+ years,2030,1490.6321908380253,1448.322632522396,1531.0704815867534
17031,IL,Ages 65+ years,2030,1374.6604085084743,1335.4268786463174,1415.9037786640354
17033,IL,Ages 65+ years,2030,1686.2094102783897,1624.1738753174998,1753.3481660990167
17035,IL,Ages 65+ years,2030,1372.613095601944,1322.8394961821423,1425.8312270855017
17037,IL,Ages 65+ years,2030,1366.6622292840648,1321.3215086078399,1408.9326045356356
17039,IL,Ages 65+ years,2030,2147.8208475311862,2042.3576130009699,2250.697157090252
17041,IL,Ages 65+ years,2030,1228.1838251205509,1160.089100197699,1291.7527096550014
17043,IL,Ages 65+ years,2030,1410.109997072699,1319.1830010733936,1505.5351007457796
17045,IL,Ages 65+ years,2030,1680.8875977101661,1596.0008628514333,1761.8152266713896
17047,IL,Ages 65+ years,2030,1869.7406029196138,1797.1227387094866,1948.7426172381558
17049,IL,Ages 65+ years,2030,1602.1819984460362,1567.0957785457301,1637.9942744699413
17051,IL,Ages 65+ years,2030,1414.963332228433,1371.7038220104225,1457.0355613280503
17053,IL,Ages 65+ years,2030,1811.9011654658646,1768.6055315987837,1860.9629191578483
17055,IL,Ages 65+ years,2030,1518.5112511170967,1457.244178304513,1586.6038320417242
17057,IL,Ages 65+ years,2030,1792.574374366597,1703.7883899611898,1881.8380451066564
17059,IL,Ages 65+ years,2030,1822.8600007821594,1732.918837630589,1908.6673511440345
17061,IL,Ages 65+ years,2030,1765.552316045224,1700.8823829881967,1830.7426151854793
17063,IL,Ages 65+ years,2030,1580.8265772723416,1489.8896661702906,1672.127898755376
17065,IL,Ages 65+ years,2030,1703.7220875897888,1620.196721738018,1792.1374315225505
17067,IL,Ages 65+ years,2030,1419.9689686877668,1356.7129634579037,1476.6288760721586
17069,IL,Ages 65+ years,2030,1597.5063527651748,1523.5132087015566,1671.9015691199827
17071,IL,Ages 65+ years,2030,1532.5826017774127,1453.4671381734222,1614.1446772975435
17073,IL,Ages 65+ years,2030,1766.2169497326588,1702.7923300656967,1828.5551151042985
17075,IL,Ages 65+ years,2030,1759.4710919438778,1662.2718445580074,1859.3397124009296
17077,IL,Ages 65+ years,2030,1099.131952014753,1013.4369757679191,1177.9807390816818
17079,IL,Ages 65+ years,2030,1438.4341035628158,1399.0493436949173,1482.0572641281938
17081,IL,Ages 65+ years,2030,2122.7500902369297,2060.918734918264,2186.9491392290706
17083,IL,Ages 65+ years,2030,1982.0062479059861,1920.8619830949392,2040.2995660438712
17085,IL,Ages 65+ years,2030,1292.3633453458513,1258.7708269486009,1320.1263505608952
17087,IL,Ages 65+ years,2030,1093.257333811331,1028.1416859625174,1156.267188208782
17089,IL,Ages 65+ years,2030,1310.9312651650546,1269.8975888639554,1353.652126707797
17091,IL,Ages 65+ years,2030,2222.4738346814156,2120.432730816885,2325.089781163652
17093,IL,Ages 65+ years,2030,1185.8482982544585,1141.9765959642157,1230.5995512501872
17095,IL,Ages 65+ years,2030,1689.4731094219621,1621.156497316578,1761.6483962789873
17097,IL,Ages 65+ years,2030,1228.7393446012834,1131.3100265863488,1332.3599243587928
17099,IL,Ages 65+ years,2030,1684.957036168386,1578.0446033548103,1794.5980158621003
17101,IL,Ages 65+ years,2030,1486.6313629673502,1428.9024936930566,1549.5217113909223
17103,IL,Ages 65+ years,2030,1602.4976434482412,1539.027363089255,1665.0523955859705
17105,IL,Ages 65+ years,2030,1691.737674859475,1580.1029020724482,1805.800821163036
17107,IL,Ages 65+ years,2030,1480.16544037081,1415.6781512740602,1543.2610190413307
17109,IL,Ages 65+ years,2030,1860.7464876379267,1794.5237160682534,1933.9799403535742
17111,IL,Ages 65+ years,2030,1289.5944572503886,1256.271162209651,1324.4166080337711
17113,IL,Ages 65+ years,2030,1364.7724886586573,1319.1589394579544,1406.5269669579504
17115,IL,Ages 65+ years,2030,1172.375067409589,1086.8880125410612,1252.0389967339233
17117,IL,Ages 65+ years,2030,1680.9079697428363,1630.3171632768206,1732.2089331582401
17119,IL,Ages 65+ years,2030,2027.0287041722356,1966.2517422013284,2088.640737940228
17121,IL,Ages 65+ years,2030,2423.63373543355,2331.0626104567905,2514.4433825000588
17123,IL,Ages 65+ years,2030,1836.5144602389746,1748.5027889516953,1923.3449034336957
17125,IL,Ages 65+ years,2030,1487.6574238354253,1433.7286504996675,1533.7556432830008
17127,IL,Ages 65+ years,2030,1171.3518560222506,1087.625491870312,1259.8045008653671
17129,IL,Ages 65+ years,2030,1030.510402685667,981.5256780053198,1084.5244971134568
17131,IL,Ages 65+ years,2030,1526.9768767545206,1452.4497990433986,1597.641637421681
17133,IL,Ages 65+ years,2030,1260.0945643822024,1182.583061622015,1331.240054764686
17135,IL,Ages 65+ years,2030,1587.3747066453539,1524.5566443521889,1650.3361267954936
17137,IL,Ages 65+ years,2030,2014.054277664862,1959.928823561042,2067.690518878616
17139,IL,Ages 65+ years,2030,1675.304995087228,1599.426740996456,1749.408827803707
17141,IL,Ages 65+ years,2030,1503.673467996005,1457.773164556665,1549.8524343604142
17143,IL,Ages 65+ years,2030,1390.4207781032985,1330.2721885119954,1451.7308871479036
17145,IL,Ages 65+ years,2030,1531.3041005059717,1487.1799005753073,1575.3655217618502
17147,IL,Ages 65+ years,2030,1591.5245585381097,1501.344402919725,1674.1778429326523
17149,IL,Ages 65+ years,2030,1455.8318069657155,1422.0087661931552,1493.7614123541493
17151,IL,Ages 65+ years,2030,1597.5063527651748,1521.055036300543,1672.6762119040236
17153,IL,Ages 65+ years,2030,1608.545725610816,1495.36313732929,1724.013850315431
17155,IL,Ages 65+ years,2030,1371.248981426433,1311.007885089681,1437.9585735110463
17157,IL,Ages 65+ years,2030,1486.528196844175,1456.221885148565,1515.4150175462419
17159,IL,Ages 65+ years,2030,1489.351482685102,1425.4126348012924,1549.461231142979
17161,IL,Ages 65+ years,2030,1360.2955028693739,1292.649511592212,1426.022288017725
17163,IL,Ages 65+ years,2030,1756.605514825272,1705.6679639256406,1806.4055015313454
17165,IL,Ages 65+ years,2030,1512.081335827735,1407.2443170330564,1627.221788907177
17167,IL,Ages 65+ years,2030,1268.7482716345992,1246.7075452752047,1292.6653235962092
17169,IL,Ages 65+ years,2030,1799.6311532503714,1747.6420578399857,1854.34043579665
17171,IL,Ages 65+ years,2030,1597.5063527651748,1528.4950295697429,1666.2194962857795
17173,IL,Ages 65+ years,2030,1245.3441736960883,1166.6455723998256,1321.2280981926735
17175,IL,Ages 65+ years,2030,1605.4333186734236,1532.5637832235386,1667.252833275953
17177,IL,Ages 65+ years,2030,1234.9110288949619,1188.2049841384915,1279.0063568372627
17179,IL,Ages 65+ years,2030,1319.7680975103312,1276.2266377860549,1362.2623383578887
17181,IL,Ages 65+ years,2030,1624.884099707387,1517.2430407517056,1733.881786413116
17183,IL,Ages 65+ years,2030,1425.319914692693,1365.3906306530996,1485.7065895554747
17185,IL,Ages 65+ years,2030,1232.7122372957188,1160.7617586518268,1307.5285440624457
17187,IL,Ages 65+ years,2030,2183.5505718569134,2064.7660984344475,2304.676627616233
17189,IL,Ages 65+ years,2030,1566.440402478947,1523.465138290218,1606.1402286474981
17191,IL,Ages 65+ years,2030,1694.8070407336884,1643.7067732952096,1751.7297350818546
17193,IL,Ages 65+ years,2030,1573.8692554956563,1523.9865704939664,1625.7123000035203
17195,IL,Ages 65+ years,2030,1622.0937940886947,1563.7904951088638,1682.3462222482817
17197,IL,Ages 65+ years,2030,1435.618496195765,1389.7132125365677,1484.6573460593042
17199,IL,Ages 65+ years,2030,1191.8339882904713,1113.3640587605441,1275.350353943636
17201,IL,Ages 65+ years,2030,1558.841115217291,1504.8707679472436,1609.8742511587143
17203,IL,Ages 65+ years,2030,1638.3999613225137,1535.94414268081,1731.2504451669824
18001,IN,Ages 65+ years,2030,1315.0460995724684,1269.078582288146,1359.7138709163924
18003,IN,Ages 65+ years,2030,1559.5446525927123,1543.1833083186054,1577.2496954564942
18005,IN,Ages 65+ years,2030,1132.4016997084757,1068.4448875565422,1191.560377208156
18007,IN,Ages 65+ years,2030,1563.7249358112522,1500.3809242111522,1621.3645304630577
18009,IN,Ages 65+ years,2030,1506.6146652746543,1447.3098189496116,1570.4745863480896
18011,IN,Ages 65+ years,2030,1283.4903326712242,951.9748145926161,1608.2821541408337
18013,IN,Ages 65+ years,2030,1079.601240807036,1024.1708170642428,1134.7312359048933
18015,IN,Ages 65+ years,2030,954.2529583258682,920.4630488170844,987.1428481728907
18017,IN,Ages 65+ years,2030,978.4330326659369,853.6111118200829,1101.3734943604604
18019,IN,Ages 65+ years,2030,1479.187337187759,1438.1489353443828,1522.5804011013333
18021,IN,Ages 65+ years,2030,1906.357906483533,1850.2187470435406,1965.2913854003175
18023,IN,Ages 65+ years,2030,1164.503914240688,1126.6108536021238,1202.6041718966583
18025,IN,Ages 65+ years,2030,1658.1016638087897,1576.2134377296784,1747.5806083731925
18027,IN,Ages 65+ years,2030,1601.8515869437877,1507.6103138526614,1690.7828579496302
18029,IN,Ages 65+ years,2030,1331.5477568640779,1262.3481033798723,1399.0784991285313
18031,IN,Ages 65+ years,2030,1640.2113729822547,1565.2814518859702,1712.2672957703473
18033,IN,Ages 65+ years,2030,1481.0574982195117,1459.2150669115476,1500.667567446222
18035,IN,Ages 65+ years,2030,2049.060052776545,1940.805651381263,2152.6107003767534
18037,IN,Ages 65+ years,2030,1697.457360614415,1631.0034103553494,1763.8632677932565
18039,IN,Ages 65+ years,2030,1270.1211477865818,1231.0439357067373,1305.5357904599002
18041,IN,Ages 65+ years,2030,2150.601757198158,2052.2690858210185,2252.369766895273
18043,IN,Ages 65+ years,2030,1376.089025892605,1334.9838995821244,1414.5697778450551
18045,IN,Ages 65+ years,2030,1602.6166139554725,1549.7555142557962,1656.7734205766499
18047,IN,Ages 65+ years,2030,1517.0304115376118,1466.7557792382304,1569.5023598449611
18049,IN,Ages 65+ years,2030,1369.7197338764918,1165.317192090243,1573.518046421583
18051,IN,Ages 65+ years,2030,1601.652608002498,1540.3341238524074,1664.7769829092795
18053,IN,Ages 65+ years,2030,1582.9706728035324,1554.558415133943,1610.9276568784253
18055,IN,Ages 65+ years,2030,1499.978020023559,1431.7751604701712,1565.262075059752
18057,IN,Ages 65+ years,2030,1153.7727163391985,1112.7094732443654,1199.2457830710764
18059,IN,Ages 65+ years,2030,1146.9115165819667,1068.0077298395472,1224.8204506912728
18061,IN,Ages 65+ years,2030,1226.3960129036602,1184.529248499408,1267.200885733821
18063,IN,Ages 65+ years,2030,1329.3570694671193,1290.4946888445677,1368.8207992892085
18065,IN,Ages 65+ years,2030,1657.3566640533938,1567.0710433612878,1745.986909489007
18067,IN,Ages 65+ years,2030,1765.9223917112124,1643.4583804780027,1882.691091596843
18069,IN,Ages 65+ years,2030,1824.2876300624573,1783.469515665011,1863.8035141488394
18071,IN,Ages 65+ years,2030,1649.8373911745762,1552.7396915603088,1744.3459764512643
18073,IN,Ages 65+ years,2030,1647.1940504577433,1605.7542317632835,1687.9033197222707
18075,IN,Ages 65+ years,2030,1410.6914091052345,1372.917856004278,1446.7697865977736
18077,IN,Ages 65+ years,2030,1679.925045460092,1607.7387413027377,1755.4117529547975
18079,IN,Ages 65+ years,2030,1690.1085858668382,1624.5154229010286,1758.5196817597036
18081,IN,Ages 65+ years,2030,1494.9009586863624,1356.634058449481,1618.8334024222986
18083,IN,Ages 65+ years,2030,1533.6025678538363,1401.3863605247452,1650.2644720030212
18085,IN,Ages 65+ years,2030,1298.8200346116482,1282.566230752274,1313.7435512437376
18087,IN,Ages 65+ years,2030,1378.125839034964,1280.7038174364407,1477.9942365519482
18089,IN,Ages 65+ years,2030,1755.3555848800397,1647.6965346511888,1865.543551321408
18091,IN,Ages 65+ years,2030,1742.0908751300678,1725.7792646126816,1757.9965374765106
18093,IN,Ages 65+ years,2030,1471.9871242156903,1326.8362393067164,1631.2148081046519
18095,IN,Ages 65+ years,2030,1295.9420816847746,1261.8228715320174,1327.2431793597032
18097,IN,Ages 65+ years,2030,1214.36348865879,1080.3978176542596,1334.092517054985
18099,IN,Ages 65+ years,2030,1579.3989116486584,1556.4676646068804,1602.031552104436
18101,IN,Ages 65+ years,2030,1664.206021315303,1582.7876135864112,1751.6390683803913
18103,IN,Ages 65+ years,2030,1328.7890916825163,1304.8133258591063,1354.5079803871006
18105,IN,Ages 65+ years,2030,1254.5720593787291,1221.3051896401582,1285.680648587571
18107,IN,Ages 65+ years,2030,1590.6422442596206,1322.4235579473675,1831.7572833236966
18109,IN,Ages 65+ years,2030,1641.3998067875702,1561.0685187450863,1719.554169410633
18111,IN,Ages 65+ years,2030,1670.1190813378728,1568.9312850469773,1779.8876006493967
18113,IN,Ages 65+ years,2030,1608.6200904955322,1520.2974963516072,1706.4724567677129
18115,IN,Ages 65+ years,2030,808.2711652212142,731.2584811722801,879.2934073551736
18117,IN,Ages 65+ years,2030,1650.7372018431997,1562.9321393636753,1742.447949810392
18119,IN,Ages 65+ years,2030,1627.5943669381675,1572.3573225457656,1685.8028709505893
18121,IN,Ages 65+ years,2030,1418.217869620006,1362.893826987566,1476.5210165352362
18123,IN,Ages 65+ years,2030,1848.0349963142721,1782.7187019750031,1914.9833207968813
18125,IN,Ages 65+ years,2030,1550.891622193739,1476.501243168809,1616.8350160796635
18127,IN,Ages 65+ years,2030,1352.7691116528733,1338.6297335637666,1367.3776200617567
18129,IN,Ages 65+ years,2030,1176.4156788743385,1098.9829046687512,1253.486266759554
18131,IN,Ages 65+ years,2030,1607.826785992054,1587.7011291266685,1628.8051832853569
18133,IN,Ages 65+ years,2030,1325.004714535797,1263.0309923597604,1388.2474081600376
18135,IN,Ages 65+ years,2030,1697.8325977597653,1653.7227213401077,1740.9201213687088
18137,IN,Ages 65+ years,2030,1584.0488363231145,1514.0983931762412,1651.9273979504314
18139,IN,Ages 65+ years,2030,1560.285813978424,1469.9621637450045,1640.0378870498057
18141,IN,Ages 65+ years,2030,1642.8527458710034,1503.0169904633296,1774.2012743283537
18143,IN,Ages 65+ years,2030,1764.3196274842514,1688.0522580281574,1842.011874324882
18145,IN,Ages 65+ years,2030,1227.5819382806503,1113.3443308995052,1342.9001253212182
18147,IN,Ages 65+ years,2030,1672.5819681154092,1630.5520395347921,1714.8087527323885
18149,IN,Ages 65+ years,2030,1834.1100260454689,1459.954128032882,2192.4336492394286
18151,IN,Ages 65+ years,2030,1160.6031486269487,1126.9286500417024,1192.7740332579529
18153,IN,Ages 65+ years,2030,1692.6481781026996,1591.5583450433687,1792.445295439134
18155,IN,Ages 65+ years,2030,1218.3420842500366,1141.6394820479168,1289.5221574203583
18157,IN,Ages 65+ years,2030,1038.5697845311918,965.5541973227159,1096.844849642392
18159,IN,Ages 65+ years,2030,1390.2053124664378,1340.5028364772884,1435.3375256411764
18161,IN,Ages 65+ years,2030,1850.4582318927146,1780.04914129667,1918.6701051857478
18163,IN,Ages 65+ years,2030,1567.4442791237066,1451.4321177108764,1680.51020222502
18165,IN,Ages 65+ years,2030,2091.530564883788,2003.785962701741,2171.590665176117
18167,IN,Ages 65+ years,2030,2013.4102381317978,1942.9445520428073,2084.9124907948144
18169,IN,Ages 65+ years,2030,1386.5641505983945,1244.2906048292975,1535.74021637283
18171,IN,Ages 65+ years,2030,1537.7007460530301,1476.4688478949458,1601.2480739514397
18173,IN,Ages 65+ years,2030,1653.0182145889353,1577.3398713003412,1738.006089976918
18175,IN,Ages 65+ years,2030,1633.9705791582955,1556.9171370268689,1712.2460828282126
18177,IN,Ages 65+ years,2030,2161.9799074452194,2119.976613646588,2203.0987574972974
18179,IN,Ages 65+ years,2030,1588.8905995009807,1541.01400293296,1633.358075874692
18181,IN,Ages 65+ years,2030,1377.7318706923693,1338.5043690998773,1422.36650838437
18183,IN,Ages 65+ years,2030,1466.3732616478421,1406.0342915636259,1532.4123181783561
19001,IA,Ages 65+ years,2030,1575.2398169178111,1541.8420415497449,1611.8541930113036
19003,IA,Ages 65+ years,2030,1507.5772415974109,1477.495023691606,1538.1589075066872
19005,IA,Ages 65+ years,2030,2346.4419882460616,2231.202905507136,2454.184085139898
19007,IA,Ages 65+ years,2030,1658.11741121305,1589.5857217440885,1719.811658254803
19009,IA,Ages 65+ years,2030,1140.4766721603798,1109.7556820253094,1172.739691956325
19011,IA,Ages 65+ years,2030,1224.4094995033595,1158.1489232207734,1291.7960297995
19013,IA,Ages 65+ years,2030,1498.0479540585163,1469.107933989235,1526.3871152707734
19015,IA,Ages 65+ years,2030,1669.0840503323723,1518.0034965422167,1835.4679269075552
19017,IA,Ages 65+ years,2030,1403.7096886031266,1370.1529629645897,1440.956734377888
19019,IA,Ages 65+ years,2030,1634.6772900229148,1583.1019577682778,1685.2919883241136
19021,IA,Ages 65+ years,2030,1355.3674518764985,1232.4198419036848,1477.7152427370484
19023,IA,Ages 65+ years,2030,1690.9183706613017,1657.921689713492,1720.9554428475687
19025,IA,Ages 65+ years,2030,1294.444731470312,1178.966299801014,1398.9272060735593
19027,IA,Ages 65+ years,2030,1428.4447937515633,1399.7284921192222,1462.7504277325327
19029,IA,Ages 65+ years,2030,1717.8288788923333,1701.0719175473341,1734.4863884161439
19031,IA,Ages 65+ years,2030,1300.9874322322096,1223.8875493034486,1371.5503043109777
19033,IA,Ages 65+ years,2030,1387.0383497466853,1377.9722176562223,1396.0276508366298
19035,IA,Ages 65+ years,2030,1259.97975983435,1214.553932586393,1302.1571937180163
19037,IA,Ages 65+ years,2030,2249.2448547607105,2190.7361524452454,2302.491186600786
19039,IA,Ages 65+ years,2030,1561.4380776193257,1487.5556011827407,1640.078162572153
19041,IA,Ages 65+ years,2030,1222.825409315647,1078.9731591920354,1366.388671173455
19043,IA,Ages 65+ years,2030,1193.9605471235116,1149.9471504289836,1239.1924978197542
19045,IA,Ages 65+ years,2030,1386.1781341185713,1310.0644487430086,1459.3960729012801
19047,IA,Ages 65+ years,2030,1384.7891283315082,1352.7052921518825,1417.4026438867797
19049,IA,Ages 65+ years,2030,1183.1046725500705,1075.5368479483604,1292.0715063448392
19051,IA,Ages 65+ years,2030,1425.3251939928039,1392.553216564869,1461.6187725841103
19053,IA,Ages 65+ years,2030,1303.9319216099684,1278.9795987026243,1328.944509660938
19055,IA,Ages 65+ years,2030,1364.9980672118804,1321.1975305921599,1408.4318763703004
19057,IA,Ages 65+ years,2030,1323.1341866267535,1250.4633268074724,1388.7189010191153
19059,IA,Ages 65+ years,2030,1377.6031439852989,1359.4300896690434,1399.3058091233447
19061,IA,Ages 65+ years,2030,1263.3891854716708,1250.1626050964253,1276.7156416403636
19063,IA,Ages 65+ years,2030,1545.4197261130855,1521.8144855302028,1569.2078733605676
19065,IA,Ages 65+ years,2030,1740.4274702527905,1695.7348985226633,1789.4920275796728
19067,IA,Ages 65+ years,2030,1905.675621761234,1871.6847108395818,1944.3862913044456
19069,IA,Ages 65+ years,2030,1489.6557912354938,1261.9520479015298,1704.0047980140432
19071,IA,Ages 65+ years,2030,1302.219670280589,1261.683491527002,1341.3163691656657
19073,IA,Ages 65+ years,2030,1341.1011280232583,1227.6669939628632,1447.0057316646498
19075,IA,Ages 65+ years,2030,1673.9537262299373,1626.0245232525078,1727.4161800058175
19077,IA,Ages 65+ years,2030,1473.920234823112,1437.957773406805,1504.671427444335
19079,IA,Ages 65+ years,2030,1194.3701089539456,1120.5395452157898,1273.3059935649421
19081,IA,Ages 65+ years,2030,1198.9451742785218,1162.8140566558047,1235.6473323343375
19083,IA,Ages 65+ years,2030,1377.8097524008629,1361.3107283957047,1394.223298587225
19085,IA,Ages 65+ years,2030,1487.7533212896835,1433.116535700174,1545.9973285394067
19087,IA,Ages 65+ years,2030,1727.4066875186747,1655.9608927895733,1801.3888243437216
19089,IA,Ages 65+ years,2030,2727.8558058982067,2484.104833980123,2934.6657190535534
19091,IA,Ages 65+ years,2030,1438.3421620834956,1385.4126373197628,1499.7842674383214
19093,IA,Ages 65+ years,2030,1309.7185391763883,1278.5757476190063,1337.8002231829632
19095,IA,Ages 65+ years,2030,1921.6334716884376,1863.8956022116247,1973.0386005471103
19097,IA,Ages 65+ years,2030,1467.9548734597586,1412.7808659753807,1522.0367683314648
19099,IA,Ages 65+ years,2030,1144.9575106929967,1131.2402387086079,1158.4539386903791
19101,IA,Ages 65+ years,2030,1575.4106889349946,1529.7604455343062,1615.4603284346395
19103,IA,Ages 65+ years,2030,1286.0851997876316,1232.4878718417763,1339.6649775674427
19105,IA,Ages 65+ years,2030,1180.148106238787,1043.9560912789254,1320.2025450076853
19107,IA,Ages 65+ years,2030,1530.4678775359064,1464.059353080219,1597.2446037970703
19109,IA,Ages 65+ years,2030,1441.1760927178987,1416.4052149203076,1466.4986883194974
19111,IA,Ages 65+ years,2030,1970.4761931727437,1857.7693222000032,2094.589528716123
19113,IA,Ages 65+ years,2030,1128.1097333069672,1109.3827976399102,1146.326629379183
19115,IA,Ages 65+ years,2030,1231.0185795287152,1172.1253460070159,1285.7820219737187
19117,IA,Ages 65+ years,2030,1713.3217413405314,1591.7032377238922,1846.8199832571606
19119,IA,Ages 65+ years,2030,1001.7504755836464,972.8700556791614,1032.4796324100705
19121,IA,Ages 65+ years,2030,1235.6074849203371,1172.5792646617404,1301.152341070328
19123,IA,Ages 65+ years,2030,1911.4339141663033,1877.4830791102006,1945.202336734552
19125,IA,Ages 65+ years,2030,1602.2821118752001,1432.8336835510836,1770.3333433185421
19127,IA,Ages 65+ years,2030,2116.7296808031642,2070.98643949837,2159.786318401217
19129,IA,Ages 65+ years,2030,1118.971994117072,1053.8207077924717,1187.7470837223243
19131,IA,Ages 65+ years,2030,1972.918747573258,1865.5333767294396,2086.9651465235243
19133,IA,Ages 65+ years,2030,2325.214131544278,2248.8177414659744,2399.7657250829834
19135,IA,Ages 65+ years,2030,2065.8903209026507,2023.5347451803725,2108.1191603257803
19137,IA,Ages 65+ years,2030,2176.945485020382,2093.978538383728,2251.2671630693762
19139,IA,Ages 65+ years,2030,1243.9801951412624,1168.4859612144223,1321.9380677304432
19141,IA,Ages 65+ years,2030,1438.2910780993789,1417.6866587251181,1459.079210083214
19143,IA,Ages 65+ years,2030,1209.374094499565,1111.4986188685755,1310.1791428590193
19145,IA,Ages 65+ years,2030,1513.0758380414363,1409.3092836889778,1619.182790601026
19147,IA,Ages 65+ years,2030,1319.5820738363423,1032.2902370766437,1582.034470525585
19149,IA,Ages 65+ years,2030,874.8185427067634,844.3211406984356,904.4084037091112
19151,IA,Ages 65+ years,2030,1444.8775728299568,1383.329314119842,1507.6955582381113
19153,IA,Ages 65+ years,2030,1392.3958783870016,1379.253752440264,1406.8744802882122
19155,IA,Ages 65+ years,2030,1488.0915307595433,1438.1560492067952,1536.5755483640198
19157,IA,Ages 65+ years,2030,1352.4668703898421,1313.480093315651,1396.0611733429223
19159,IA,Ages 65+ years,2030,1364.0385806267636,1202.0818853203639,1518.0710051063838
19161,IA,Ages 65+ years,2030,1769.7663325252531,1659.1566962259058,1885.1576349730617
19163,IA,Ages 65+ years,2030,1487.1122076370361,1390.0699212297693,1591.5570688869884
19165,IA,Ages 65+ years,2030,1259.2891375513461,1226.0315156810354,1298.179161773429
19167,IA,Ages 65+ years,2030,953.2999254631277,899.6476635972172,1005.4499088122537
19169,IA,Ages 65+ years,2030,871.156002517436,858.2210090855123,883.3846560135755
19171,IA,Ages 65+ years,2030,1700.6116673986774,1674.3244077612765,1724.6902453046139
19173,IA,Ages 65+ years,2030,1628.4452457710433,1607.1373402613804,1650.2493368675587
19175,IA,Ages 65+ years,2030,1487.757940487234,1477.8438151034527,1497.3122967959523
19177,IA,Ages 65+ years,2030,1588.52309328486,1530.08960744392,1642.1719042109332
19179,IA,Ages 65+ years,2030,1896.6652388132381,1761.8859710894312,2034.1970407969013
19181,IA,Ages 65+ years,2030,1627.0225679842238,1547.542844257172,1700.3795118436733
19183,IA,Ages 65+ years,2030,1340.3345370340755,1297.3565027501213,1384.0428843099276
19185,IA,Ages 65+ years,2030,1644.305336497308,1620.173815220644,1666.6448550274351
19187,IA,Ages 65+ years,2030,1679.303403539915,1649.040828093792,1712.0234984545314
19189,IA,Ages 65+ years,2030,1499.5015463369568,1448.6324580070357,1554.2338173969454
19191,IA,Ages 65+ years,2030,1369.8552452077156,1353.1977478421215,1385.6652360137355
19193,IA,Ages 65+ years,2030,1284.5507916847205,1245.642240705617,1324.9277112849754
19195,IA,Ages 65+ years,2030,1379.2536654849234,1348.2550095387523,1408.046828162576
19197,IA,Ages 65+ years,2030,1578.1901400946172,1547.9049831124462,1607.6107820404502
20001,KS,Ages 65+ years,2030,1713.5273068924682,1664.141459053385,1760.4037404650933
20003,KS,Ages 65+ years,2030,1515.9885451021526,1434.31704657533,1601.6826993393686
20005,KS,Ages 65+ years,2030,1503.1593289754353,1431.9888248356797,1581.92403717963
20007,KS,Ages 65+ years,2030,1540.3682652631103,1506.9079957886256,1572.9949706170494
20009,KS,Ages 65+ years,2030,1195.3689579345087,1145.87736923607,1244.6871686701302
20011,KS,Ages 65+ years,2030,1395.7839639105073,1358.1278194470128,1438.3639703328115
20013,KS,Ages 65+ years,2030,1977.7646121271205,1893.2698811725102,2063.715068977044
20015,KS,Ages 65+ years,2030,1575.828621399687,1472.5013641820847,1687.245609551788
20017,KS,Ages 65+ years,2030,1540.3682652631103,1505.503749103329,1574.553353935916
20019,KS,Ages 65+ years,2030,1540.3682652631103,1506.8394128941,1576.0509133782807
20021,KS,Ages 65+ years,2030,2427.1955232412197,2329.430216699478,2522.846434061086
20023,KS,Ages 65+ years,2030,1540.3682652631103,1507.3917556560884,1576.0474043284619
20025,KS,Ages 65+ years,2030,1540.3682652631103,1509.5206161040267,1574.8819190886795
20027,KS,Ages 65+ years,2030,1321.6567563111967,1300.4450275501526,1344.3691292960684
20029,KS,Ages 65+ years,2030,1887.4341911863232,1741.3368667609413,2038.6825791093538
20031,KS,Ages 65+ years,2030,1533.5819514907132,1478.5514411593322,1585.8178047568774
20033,KS,Ages 65+ years,2030,1540.3682652631103,1503.8114393771702,1575.7723331989498
20035,KS,Ages 65+ years,2030,1742.0835492447648,1667.5983319361821,1816.7889562589214
20037,KS,Ages 65+ years,2030,1596.0661105749039,1525.4956126938823,1667.026233623673
20039,KS,Ages 65+ years,2030,1540.3682652631103,1507.222526157411,1575.6591473672788
20041,KS,Ages 65+ years,2030,1522.4059916537203,1492.218897990709,1555.6308688200857
20043,KS,Ages 65+ years,2030,1557.693766319675,1532.9778365751047,1584.351701246247
20045,KS,Ages 65+ years,2030,1064.4293977861057,1009.3001969289417,1110.3045138331984
20047,KS,Ages 65+ years,2030,1540.3682652631103,1506.8162260052673,1572.2131692889832
20049,KS,Ages 65+ years,2030,1540.3682652631103,1505.9419157565974,1576.1265005335622
20051,KS,Ages 65+ years,2030,1233.9705902429846,1191.5199396864568,1284.9303455686647
20053,KS,Ages 65+ years,2030,1762.6883387739965,1736.2737911066226,1790.7502892383245
20055,KS,Ages 65+ years,2030,971.9039915513848,937.7530970149721,1006.5550021824081
20057,KS,Ages 65+ years,2030,1693.5123565553806,1642.138226333997,1743.6932187877792
20059,KS,Ages 65+ years,2030,2038.6324318987129,1848.8188557561984,2230.123988980655
20061,KS,Ages 65+ years,2030,2046.3710518418031,2007.1765507395276,2083.9146037310393
20063,KS,Ages 65+ years,2030,1540.3682652631103,1504.161820628487,1577.1854975489498
20065,KS,Ages 65+ years,2030,1540.3682652631103,1502.92762615414,1570.9743147622996
20067,KS,Ages 65+ years,2030,1540.3682652631103,1505.5305706657596,1574.178189468819
20069,KS,Ages 65+ years,2030,1540.3682652631103,1505.4378529472904,1573.8150856929728
20071,KS,Ages 65+ years,2030,1540.3682652631103,1508.046140616196,1574.4095173758187
20073,KS,Ages 65+ years,2030,1439.270692702847,1404.6944331993732,1469.9630882166903
20075,KS,Ages 65+ years,2030,1540.3682652631103,1508.3126100139662,1573.5673563824896
20077,KS,Ages 65+ years,2030,1766.8108119255044,1668.2439842254407,1864.7088541936935
20079,KS,Ages 65+ years,2030,1467.644843096644,1418.2834283690959,1517.7060102358332
20081,KS,Ages 65+ years,2030,1540.3682652631103,1507.1749014331854,1573.238897835402
20083,KS,Ages 65+ years,2030,1540.3682652631103,1505.3161381238783,1572.701916023267
20085,KS,Ages 65+ years,2030,1796.2711299635587,1757.206360551159,1835.6616840617276
20087,KS,Ages 65+ years,2030,1248.969131012198,1221.4030590421085,1276.4908940409914
20089,KS,Ages 65+ years,2030,1540.3682652631103,1504.1047627385258,1572.9089140778142
20091,KS,Ages 65+ years,2030,799.5110006476195,677.8485592598524,916.6556526548974
20093,KS,Ages 65+ years,2030,1540.3682652631103,1503.023998920247,1572.7462353728386
20095,KS,Ages 65+ years,2030,3128.938456334432,3001.0254267143555,3253.2027315314167
20097,KS,Ages 65+ years,2030,1540.3682652631103,1506.4850559650874,1573.2972927928515
20099,KS,Ages 65+ years,2030,2020.7852194899588,1968.5055221915827,2072.7771061522503
20101,KS,Ages 65+ years,2030,1540.3682652631103,1505.0725671001096,1573.3191076004766
20103,KS,Ages 65+ years,2030,1296.9759601477742,1237.999143225743,1360.5047767756655
20105,KS,Ages 65+ years,2030,1540.3682652631103,1506.3727534449351,1573.1988317397727
20107,KS,Ages 65+ years,2030,1346.684773196623,1297.034022066515,1393.123599705369
20109,KS,Ages 65+ years,2030,1540.3682652631103,1507.4914501625847,1573.590231085084
20111,KS,Ages 65+ years,2030,1337.7462530564646,1283.9318009694107,1395.549136985097
20113,KS,Ages 65+ years,2030,1383.8475446383643,1356.4230672820925,1411.2453633447171
20115,KS,Ages 65+ years,2030,1302.1261145366877,1194.1159935292862,1400.0860530444888
20117,KS,Ages 65+ years,2030,1423.065642982501,1400.6900162243437,1445.7337413658186
20119,KS,Ages 65+ years,2030,1540.3682652631103,1504.3685897561863,1574.5396525246056
20121,KS,Ages 65+ years,2030,1161.2153912570152,1036.8476733270898,1286.0762172409004
20123,KS,Ages 65+ years,2030,1728.0387738003208,1695.3093637492684,1760.3904808717414
20125,KS,Ages 65+ years,2030,2282.214533479932,2258.9830959769806,2308.175042929117
20127,KS,Ages 65+ years,2030,1438.7868671038725,1396.067559170545,1484.588997432726
20129,KS,Ages 65+ years,2030,1540.3682652631103,1506.8755234186901,1572.9626104552037
20131,KS,Ages 65+ years,2030,1230.5512917179417,1202.1904781004641,1257.2522072053634
20133,KS,Ages 65+ years,2030,1629.5221926343556,1555.1337895721822,1707.5924407922425
20135,KS,Ages 65+ years,2030,1540.3682652631103,1506.4949121561347,1571.6985748527409
20137,KS,Ages 65+ years,2030,1407.0452699315354,1280.334097036988,1521.552315516478
20139,KS,Ages 65+ years,2030,1655.4875664622193,1632.4889529692477,1677.0719013212367
20141,KS,Ages 65+ years,2030,1540.3682652631103,1505.6545870217644,1575.8687377101342
20143,KS,Ages 65+ years,2030,1751.031993118177,1698.9805421027393,1798.4688007350678
20145,KS,Ages 65+ years,2030,1414.8313110214783,1367.5588643575234,1454.6829170754363
20147,KS,Ages 65+ years,2030,1345.1373088677678,1312.237350028201,1379.9389166314204
20149,KS,Ages 65+ years,2030,1248.0035336000317,1219.724033259731,1275.4915125467098
20151,KS,Ages 65+ years,2030,1954.3175093463112,1873.114432249163,2039.8015312192072
20153,KS,Ages 65+ years,2030,1540.3682652631103,1503.513477942098,1572.7710098310724
20155,KS,Ages 65+ years,2030,1430.7200014912682,1381.7856712565965,1481.8433752424721
20157,KS,Ages 65+ years,2030,1268.9756027678468,1240.0544123961172,1298.7848265606412
20159,KS,Ages 65+ years,2030,1662.4789276212825,1628.6726030778998,1693.1404075901391
20161,KS,Ages 65+ years,2030,1369.8146184728369,1304.9640209063637,1430.1261738312892
20163,KS,Ages 65+ years,2030,1148.5857173442116,998.0013439576841,1297.1545392610847
20165,KS,Ages 65+ years,2030,1540.3682652631103,1507.8889405840564,1573.4182592391246
20167,KS,Ages 65+ years,2030,1578.4013233533967,1519.5564236718321,1635.9604163949568
20169,KS,Ages 65+ years,2030,1074.8999126984124,1049.1711525185174,1101.520019312375
20171,KS,Ages 65+ years,2030,1540.3682652631103,1507.6312026352834,1571.94611069787
20173,KS,Ages 65+ years,2030,1431.2981133023625,1370.1377436838616,1492.0421071877665
20175,KS,Ages 65+ years,2030,1399.8657991916734,1356.7802208233277,1441.9495373963318
20177,KS,Ages 65+ years,2030,1434.929461771727,1375.740807678486,1497.8354023427246
20179,KS,Ages 65+ years,2030,1540.3682652631103,1506.067555310623,1576.2928258271604
20181,KS,Ages 65+ years,2030,1161.7288967341128,1132.5347682827894,1193.9633611451227
20183,KS,Ages 65+ years,2030,1540.3682652631103,1506.6979925710182,1577.2491975843195
20185,KS,Ages 65+ years,2030,1540.3682652631103,1505.6376626355877,1574.194562351437
20187,KS,Ages 65+ years,2030,1540.3682652631103,1507.694051798925,1575.446549813426
20189,KS,Ages 65+ years,2030,1540.3682652631103,1503.1278265611911,1573.7498957266828
20191,KS,Ages 65+ years,2030,1583.2195130622263,1517.6355313891524,1651.6278235749794
20193,KS,Ages 65+ years,2030,1241.790652542976,1164.6710846102424,1313.0607161686992
20195,KS,Ages 65+ years,2030,1540.3682652631103,1505.6981582848118,1573.0809077500621
20197,KS,Ages 65+ years,2030,1156.0939359236302,1129.827827769077,1182.2346850077604
20199,KS,Ages 65+ years,2030,1540.3682652631103,1505.273287325989,1574.6707559060762
20201,KS,Ages 65+ years,2030,1380.1637586766115,1361.923072624968,1396.758842705252
20203,KS,Ages 65+ years,2030,1540.3682652631103,1507.7254682407706,1571.4914819134674
20205,KS,Ages 65+ years,2030,1528.1650474188705,1488.4976798095333,1565.2396335171595
20207,KS,Ages 65+ years,2030,1540.3682652631103,1506.8405469145673,1575.4445797475787
20209,KS,Ages 65+ years,2030,1571.9353897616527,1533.6558085559293,1610.0628317439944
21001,KY,Ages 65+ years,2030,1656.9297847329342,1611.1340148628208,1707.2269919999596
21003,KY,Ages 65+ years,2030,1438.865955891943,1395.1285017579253,1484.1166701399948
21005,KY,Ages 65+ years,2030,1528.0484085145931,1462.4185852119501,1595.9695620838654
21007,KY,Ages 65+ years,2030,1318.597314612252,1187.018509487716,1428.9297567771482
21009,KY,Ages 65+ years,2030,1545.5137682351724,1504.1693105958232,1583.8917279840614
21011,KY,Ages 65+ years,2030,1675.5074246545275,1583.3287775690667,1764.097297038755
21013,KY,Ages 65+ years,2030,1814.5396330658516,1702.6030164754998,1917.9817537683507
21015,KY,Ages 65+ years,2030,984.4190263366494,933.2283830703119,1032.8422713220177
21017,KY,Ages 65+ years,2030,1362.6037260629516,1216.199732998223,1501.8427706952668
21019,KY,Ages 65+ years,2030,1864.872695382066,1771.2342462710133,1964.2650658138189
21021,KY,Ages 65+ years,2030,1433.0902377625337,1349.7827999898664,1515.4330229564914
21023,KY,Ages 65+ years,2030,1727.4086560117325,1676.0948450334156,1774.8342412668403
21025,KY,Ages 65+ years,2030,2815.302574308084,2683.9521194396575,2937.713469175036
21027,KY,Ages 65+ years,2030,1315.9285592210326,1193.1380502269583,1438.0522841755283
21029,KY,Ages 65+ years,2030,986.6221921190544,920.969011097254,1058.0826468475227
21031,KY,Ages 65+ years,2030,1527.614722429941,1402.9927113327085,1638.6390309825085
21033,KY,Ages 65+ years,2030,2065.6491633194914,1975.9106850875855,2146.46547442679
21035,KY,Ages 65+ years,2030,1574.5247107282548,1497.7486046842232,1651.8108214337965
21037,KY,Ages 65+ years,2030,1285.8322566293668,1157.9558412603312,1406.0188984888518
21039,KY,Ages 65+ years,2030,1637.5406947468016,1568.2317482676083,1717.4730076200424
21041,KY,Ages 65+ years,2030,1378.3628759479661,1304.4727009021394,1460.774978069226
21043,KY,Ages 65+ years,2030,1421.871024513668,1339.5909155158404,1506.4284405079436
21045,KY,Ages 65+ years,2030,1128.5216772363467,1080.6321936455497,1181.0194379214317
21047,KY,Ages 65+ years,2030,2068.6009663371506,1932.041897541091,2204.2345984352814
21049,KY,Ages 65+ years,2030,1680.944285332381,1672.8118648102904,1688.5711999842542
21051,KY,Ages 65+ years,2030,1734.6468201509135,1658.7250060762606,1800.4303719770305
21053,KY,Ages 65+ years,2030,1488.0142353984643,1440.5759120701741,1533.8988652157873
21055,KY,Ages 65+ years,2030,2142.1485557362203,2043.3298488686762,2241.526356092915
21057,KY,Ages 65+ years,2030,1858.063182988645,1741.5324441338078,1954.8589269579809
21059,KY,Ages 65+ years,2030,1828.840036147832,1710.3192008317371,1930.3452262984952
21061,KY,Ages 65+ years,2030,1128.403058060086,1049.9235163182118,1213.438758298828
21063,KY,Ages 65+ years,2030,964.0338166919892,895.379971181268,1027.752492145346
21065,KY,Ages 65+ years,2030,1792.8834345868859,1730.6696785803178,1849.8285648063095
21067,KY,Ages 65+ years,2030,1316.6109416094846,1245.4718378235625,1390.8710125168625
21069,KY,Ages 65+ years,2030,1579.685509508912,1522.6694497937974,1648.2243287865047
21071,KY,Ages 65+ years,2030,2026.9818187603305,1937.3975039883578,2125.561809910766
21073,KY,Ages 65+ years,2030,1441.1230405447182,1373.4664867229487,1509.642842633784
21075,KY,Ages 65+ years,2030,2331.7650230235813,2213.860164338526,2444.281552428957
21077,KY,Ages 65+ years,2030,1637.5406947468016,1558.9092506320048,1710.8166185191053
21079,KY,Ages 65+ years,2030,1454.787104016309,1428.539091094867,1478.6338661184939
21081,KY,Ages 65+ years,2030,1494.2817398194018,1403.3374548378868,1577.678255887534
21083,KY,Ages 65+ years,2030,1469.9657171028568,1380.4378690168119,1562.6439277228394
21085,KY,Ages 65+ years,2030,1440.8046868804406,1343.7296304400272,1537.8635624829092
21087,KY,Ages 65+ years,2030,1751.8772194101166,1693.6813292737695,1813.0480119591173
21089,KY,Ages 65+ years,2030,1401.8803648484065,1348.8052878475175,1454.5858003140645
21091,KY,Ages 65+ years,2030,1946.3767305181905,1850.0838125823484,2042.99399338382
21093,KY,Ages 65+ years,2030,1114.6838258178889,1007.0652411302983,1210.46451638411
21095,KY,Ages 65+ years,2030,2569.8469927784195,2475.93769328272,2668.3528573281237
21097,KY,Ages 65+ years,2030,1701.412760621612,1642.5355094457211,1767.964911469647
21099,KY,Ages 65+ years,2030,1721.0788308288318,1654.7604808413594,1790.7727642309064
21101,KY,Ages 65+ years,2030,1650.5506722002888,1543.9011930203326,1747.3816786467835
21103,KY,Ages 65+ years,2030,1086.4879189598805,1020.4275011583676,1158.9610569847337
21105,KY,Ages 65+ years,2030,1533.1012639603844,1408.3686919574234,1646.865729961164
21107,KY,Ages 65+ years,2030,2143.9331150544012,2065.17085482997,2229.9470682372785
21109,KY,Ages 65+ years,2030,2018.3933224648254,1968.8883290002398,2066.938402099859
21111,KY,Ages 65+ years,2030,1440.109667084943,1304.861513348348,1573.97262779096
21113,KY,Ages 65+ years,2030,1256.041086353173,1227.1650193635855,1284.9714899070905
21115,KY,Ages 65+ years,2030,1735.5406951811597,1678.6434763791704,1797.4589287065871
21117,KY,Ages 65+ years,2030,1131.7491620386759,1053.5820755189925,1205.533670818005
21119,KY,Ages 65+ years,2030,1487.1532949550913,1399.3979529192177,1590.4226240875066
21121,KY,Ages 65+ years,2030,1356.5073930258425,1292.3754488093346,1417.6404771968735
21123,KY,Ages 65+ years,2030,1264.5128484772001,1198.4615091966584,1328.0788934899117
21125,KY,Ages 65+ years,2030,1682.1275520621805,1620.0300054216082,1747.0809745525412
21127,KY,Ages 65+ years,2030,1610.7849570623441,1549.0223636934338,1672.6448361375644
21129,KY,Ages 65+ years,2030,2276.3341659214307,2222.9242250962775,2323.7481464866137
21131,KY,Ages 65+ years,2030,1940.990505142426,1875.2288274128266,1999.2667506814714
21133,KY,Ages 65+ years,2030,1499.8990967723103,1388.4764602440073,1613.397833514783
21135,KY,Ages 65+ years,2030,1656.2662109270666,1616.0504217843218,1697.2483007679402
21137,KY,Ages 65+ years,2030,1543.7611318930478,1430.131070136165,1654.16541674331
21139,KY,Ages 65+ years,2030,1512.2345207282906,1387.4435219946968,1625.8234382795729
21141,KY,Ages 65+ years,2030,1538.6658450315674,1476.4636151744273,1601.7963529456479
21143,KY,Ages 65+ years,2030,1505.2704731571791,1417.515441027101,1586.4954043135447
21145,KY,Ages 65+ years,2030,746.4062730487991,581.2345548526805,922.8945251365445
21147,KY,Ages 65+ years,2030,1997.910781144681,1923.6555800208191,2068.289559662171
21149,KY,Ages 65+ years,2030,1817.012509952338,1729.744417908233,1907.196537548054
21151,KY,Ages 65+ years,2030,1440.9272875062488,1408.2250440518114,1476.2131130230978
21153,KY,Ages 65+ years,2030,1683.796362097198,1618.4451363434719,1754.905585260211
21155,KY,Ages 65+ years,2030,1405.911618785057,1368.8778469431415,1444.9906554129573
21157,KY,Ages 65+ years,2030,1289.205664188525,1177.1837253629235,1408.4188668239126
21159,KY,Ages 65+ years,2030,1513.303459523483,1434.8552292118839,1604.159122270877
21161,KY,Ages 65+ years,2030,2181.0608050583455,2140.610358113006,2224.8833682518766
21163,KY,Ages 65+ years,2030,1425.6842771557303,1355.862475403732,1493.7690096421827
21165,KY,Ages 65+ years,2030,1405.7808918036083,1350.263103946547,1465.2226001540396
21167,KY,Ages 65+ years,2030,1739.3398220638792,1704.1662520180487,1772.655096170041
21169,KY,Ages 65+ years,2030,1930.0015872512718,1860.8276489621173,1995.3869548317764
21171,KY,Ages 65+ years,2030,2143.0276608412346,2084.046192489719,2206.842972631443
21173,KY,Ages 65+ years,2030,1811.1882069596707,1756.986619710683,1867.0707523305962
21175,KY,Ages 65+ years,2030,1306.0198460772135,1219.2217342547538,1386.8265436503182
21177,KY,Ages 65+ years,2030,2006.635348323086,1926.3490800034817,2101.211332389529
21179,KY,Ages 65+ years,2030,1293.4937557564506,1213.5458393330148,1373.0039989994373
21181,KY,Ages 65+ years,2030,1659.8551810274962,1622.4496048906635,1695.086106340962
21183,KY,Ages 65+ years,2030,1917.6753315517374,1826.4100718201707,1993.6861639334136
21185,KY,Ages 65+ years,2030,1103.5048255225086,1040.8850237869497,1165.9501208879478
21187,KY,Ages 65+ years,2030,1492.4009774146962,1429.7191134625843,1554.9547012904939
21189,KY,Ages 65+ years,2030,1637.5406947468016,1562.7468783512547,1713.8813751126734
21191,KY,Ages 65+ years,2030,1457.583766836688,1390.2167343476005,1524.2716945204118
21193,KY,Ages 65+ years,2030,2623.0008630464367,2493.9563439069225,2760.4490215230667
21195,KY,Ages 65+ years,2030,1776.6158987094718,1641.6134837526035,1915.1485916790914
21197,KY,Ages 65+ years,2030,2332.1827382576225,2272.1420918507424,2395.584520019817
21199,KY,Ages 65+ years,2030,1370.0524273920919,1355.6778512088779,1383.442960898597
21201,KY,Ages 65+ years,2030,1637.5406947468016,1562.0260284589815,1712.28626233583
21203,KY,Ages 65+ years,2030,1342.7899537945514,1311.189039507931,1372.7597429096063
21205,KY,Ages 65+ years,2030,1391.2524525273327,1332.7462914676012,1449.838940885746
21207,KY,Ages 65+ years,2030,1583.8592702426542,1514.3303586515008,1659.4191858717177
21209,KY,Ages 65+ years,2030,1811.413805242076,1783.7978564238992,1843.776260393654
21211,KY,Ages 65+ years,2030,1034.213399862603,887.328574399739,1187.8486274171025
21213,KY,Ages 65+ years,2030,1770.3402383980617,1669.8787180125832,1868.6970591971706
21215,KY,Ages 65+ years,2030,1269.5537697878892,1196.1437042668722,1342.9232198262846
21217,KY,Ages 65+ years,2030,1841.8952417108922,1780.997603546487,1909.4629030546155
21219,KY,Ages 65+ years,2030,1830.49883138902,1763.0204684586956,1896.4596106987758
21221,KY,Ages 65+ years,2030,1773.167056246697,1683.0866395809337,1868.1527944569004
21223,KY,Ages 65+ years,2030,1660.5532765187925,1575.1171020222137,1737.0901054691622
21225,KY,Ages 65+ years,2030,1556.486229961496,1483.8806776679278,1634.1486324403065
21227,KY,Ages 65+ years,2030,1317.146875646776,1262.6922964512091,1373.7944433574235
21229,KY,Ages 65+ years,2030,1343.117889663397,1296.3668541204295,1399.1067596933979
21231,KY,Ages 65+ years,2030,1150.2753614446226,1109.3024745994944,1190.748701558943
21233,KY,Ages 65+ years,2030,1931.4206872288535,1842.455593772625,2022.6803911128686
21235,KY,Ages 65+ years,2030,2216.0969361730863,2122.90663796265,2314.5329524659646
21237,KY,Ages 65+ years,2030,2491.6721095503513,2415.5869527974205,2561.759172616431
21239,KY,Ages 65+ years,2030,1394.4516503042832,1372.9527863651351,1414.692939547611
22001,LA,Ages 65+ years,2030,1857.5801685642587,1718.3613857379976,2001.2805910693635
22003,LA,Ages 65+ years,2030,1763.0186027596149,1700.93708389402,1821.2619161623172
22005,LA,Ages 65+ years,2030,1464.6394288785082,1429.6094955955323,1498.0290082761783
22007,LA,Ages 65+ years,2030,1792.106853084301,1701.9761307796941,1879.8844127392433
22009,LA,Ages 65+ years,2030,2400.5637768456254,2293.081785121,2512.3676921251486
22011,LA,Ages 65+ years,2030,1908.2221583144208,1861.5455114377633,1955.0669750679579
22013,LA,Ages 65+ years,2030,1525.909797569086,1461.3988375433592,1588.9703731043774
22015,LA,Ages 65+ years,2030,1476.2789356170936,1428.074947501487,1526.1679290067477
22017,LA,Ages 65+ years,2030,1222.9023285480637,1141.7157660997507,1304.687633828295
22019,LA,Ages 65+ years,2030,2529.04744138169,2377.9258696467614,2662.888636373783
22021,LA,Ages 65+ years,2030,2654.674387802536,2558.594773028132,2746.399885060872
22023,LA,Ages 65+ years,2030,1854.351755036511,1764.0721614319066,1940.350304333605
22025,LA,Ages 65+ years,2030,2564.972839913878,2439.54508372436,2692.7305240615838
22027,LA,Ages 65+ years,2030,1474.9743749159304,1423.5322570754013,1529.7438555471651
22029,LA,Ages 65+ years,2030,2188.302408206644,2082.735989629196,2291.8233803644393
22031,LA,Ages 65+ years,2030,1474.6537695125292,1372.2050046472548,1586.5840423418385
22033,LA,Ages 65+ years,2030,1770.2231086615454,1745.7770363372783,1792.5064526290755
22035,LA,Ages 65+ years,2030,1854.351755036511,1769.9521085848291,1942.0157895967202
22037,LA,Ages 65+ years,2030,2802.2988986280625,2726.048694302022,2886.899087766102
22039,LA,Ages 65+ years,2030,1926.13710549737,1819.8055253076934,2032.1480293645254
22041,LA,Ages 65+ years,2030,3074.7866044126736,2952.664582951733,3214.2432858711177
22043,LA,Ages 65+ years,2030,2096.8917211264315,2027.3786363800339,2172.8070163807565
22045,LA,Ages 65+ years,2030,2074.168868111226,2010.06379261301,2148.326662258072
22047,LA,Ages 65+ years,2030,1675.3180587438342,1610.5618967013265,1739.2923031563068
22049,LA,Ages 65+ years,2030,1818.0620229570302,1716.6689524185524,1913.796814544821
22051,LA,Ages 65+ years,2030,1493.9212006339226,1397.966119256808,1586.776399615848
22053,LA,Ages 65+ years,2030,1846.2745004710093,1764.829210918833,1935.432174090315
22055,LA,Ages 65+ years,2030,1500.045439393276,1417.549308494554,1586.3347220550381
22057,LA,Ages 65+ years,2030,1690.9096139609176,1584.7076271785506,1800.9763173454724
22059,LA,Ages 65+ years,2030,1571.5522109655224,1513.768214636992,1625.3300360504636
22061,LA,Ages 65+ years,2030,1186.6973767482011,1133.3232450277967,1237.3262872946543
22063,LA,Ages 65+ years,2030,1605.2057242916715,1586.1620312010737,1624.3323841361102
22065,LA,Ages 65+ years,2030,1932.0630250137167,1770.0382358466713,2091.1930749513795
22067,LA,Ages 65+ years,2030,2461.6092200185267,2322.5508269854763,2614.662395210181
22069,LA,Ages 65+ years,2030,1906.1400799327685,1832.2889998877151,1972.3422183014388
22071,LA,Ages 65+ years,2030,1025.4367511411974,977.7378096206811,1070.0386771324618
22073,LA,Ages 65+ years,2030,1270.4163289722953,1200.4111140744492,1341.2940273059978
22075,LA,Ages 65+ years,2030,1152.6133617150376,1085.9238754879893,1227.874316826829
22077,LA,Ages 65+ years,2030,1971.8296661436932,1912.3097381354978,2035.9798928009047
22079,LA,Ages 65+ years,2030,2407.0898663496155,2314.5442455206,2500.646610071487
22081,LA,Ages 65+ years,2030,1487.1244935465156,1384.2230639362126,1592.6550645053985
22083,LA,Ages 65+ years,2030,1823.5548511041427,1694.8791622015842,1941.4870839957723
22085,LA,Ages 65+ years,2030,1649.3799464196377,1549.2521485820332,1750.8654892728396
22087,LA,Ages 65+ years,2030,1141.690881718822,1058.336627281587,1227.018445233695
22089,LA,Ages 65+ years,2030,1917.9023373127563,1837.663359455312,2001.6383720741583
22091,LA,Ages 65+ years,2030,1731.1735807383845,1676.4399501882986,1784.9303913491885
22093,LA,Ages 65+ years,2030,1731.8322984272957,1650.737247955195,1811.1954340694624
22095,LA,Ages 65+ years,2030,2224.828514622965,2151.4350366938074,2296.006206892011
22097,LA,Ages 65+ years,2030,2044.3044727039917,2004.5640273474394,2080.47038925873
22099,LA,Ages 65+ years,2030,1940.2045388647732,1858.453276577959,2029.4637825860164
22101,LA,Ages 65+ years,2030,1875.4611085107663,1761.2625428674628,1998.182136949785
22103,LA,Ages 65+ years,2030,1317.9312922613124,1298.142109776874,1336.9518774596675
22105,LA,Ages 65+ years,2030,1873.746905848512,1782.6101662883577,1958.2811313448624
22107,LA,Ages 65+ years,2030,1854.351755036511,1767.8072608377388,1936.5125930184242
22109,LA,Ages 65+ years,2030,1618.155963687862,1547.7735509135787,1691.152744359322
22111,LA,Ages 65+ years,2030,1396.4835566062457,1308.4039666881145,1483.1794386467238
22113,LA,Ages 65+ years,2030,1862.5059066591912,1779.3396031515358,1945.2595105590908
22115,LA,Ages 65+ years,2030,2643.026468931892,2544.7789948666914,2734.2075323624276
22117,LA,Ages 65+ years,2030,1826.1069032240887,1770.5591795921948,1880.8114825277119
22119,LA,Ages 65+ years,2030,1889.6112879845568,1836.4033346783265,1948.527113177137
22121,LA,Ages 65+ years,2030,1315.462654461076,1275.4903422746513,1358.2533283370224
22123,LA,Ages 65+ years,2030,1723.8960454671094,1574.6918055530086,1863.7510478683141
22125,LA,Ages 65+ years,2030,1125.0813802508087,1071.7948858925733,1181.3722101362628
22127,LA,Ages 65+ years,2030,2257.4693985751774,2167.048407778799,2341.983414553502
23001,ME,Ages 65+ years,2030,1350.4994176417622,1339.137626146217,1361.548252631627
23003,ME,Ages 65+ years,2030,1069.411533678755,1010.3135025074934,1134.3920077048592
23005,ME,Ages 65+ years,2030,1131.4561023650379,1086.4416107965474,1173.9096380181804
23007,ME,Ages 65+ years,2030,1290.7442130003362,1093.8642754244047,1507.1988581066428
23009,ME,Ages 65+ years,2030,1098.903356468189,1062.7331163515885,1136.178486791112
23011,ME,Ages 65+ years,2030,1313.2535626787478,1221.333298856508,1407.9147672398256
23013,ME,Ages 65+ years,2030,1456.4257602939108,1398.1716067791588,1512.3246579156282
23015,ME,Ages 65+ years,2030,1109.520884294409,1057.0336805066136,1158.0979862915524
23017,ME,Ages 65+ years,2030,1228.828667774482,1215.9622914957265,1240.7522273355999
23019,ME,Ages 65+ years,2030,1428.8051152405942,1379.205728939433,1475.3864855141953
23021,ME,Ages 65+ years,2030,1535.068205450221,1479.3150224163014,1593.2653066154846
23023,ME,Ages 65+ years,2030,1136.585117962851,1091.8162281986529,1188.3410634902173
23025,ME,Ages 65+ years,2030,1595.0169232508138,1543.2047442111812,1644.2783522881784
23027,ME,Ages 65+ years,2030,1342.082934957436,1300.0080454011202,1386.1978850588052
23029,ME,Ages 65+ years,2030,1798.3673276410584,1729.8223590913951,1872.447442185762
23031,ME,Ages 65+ years,2030,1003.0071842246556,987.0782284530269,1018.9911368069774
24001,MD,Ages 65+ years,2030,1740.6977517987077,1624.5754636380977,1854.4621596121349
24003,MD,Ages 65+ years,2030,1529.6662979233392,1466.0202821720036,1595.3127527982608
24005,MD,Ages 65+ years,2030,1821.4581776267444,1742.6886334060473,1894.4167994411098
24009,MD,Ages 65+ years,2030,1200.9449590348083,1080.4986826042602,1329.86638336155
24011,MD,Ages 65+ years,2030,1871.8096449414718,1790.6528051574317,1951.643369685576
24013,MD,Ages 65+ years,2030,1232.4199613023493,1154.3136324877632,1306.7457122916235
24015,MD,Ages 65+ years,2030,2390.871368570027,2307.9587098213915,2471.2050466120522
24017,MD,Ages 65+ years,2030,1338.7267183347474,1294.7492262456385,1379.0584573973122
24019,MD,Ages 65+ years,2030,2289.0805660325914,2194.191101294801,2390.9325607393835
24021,MD,Ages 65+ years,2030,1223.9905010434911,1184.0670859276374,1263.880372172613
24023,MD,Ages 65+ years,2030,1850.387346073733,1776.2737708517864,1930.6061966638765
24025,MD,Ages 65+ years,2030,1592.855160650672,1549.3665133726965,1632.9376050046785
24027,MD,Ages 65+ years,2030,1146.5374270698617,1074.701380515704,1223.7014337445378
24029,MD,Ages 65+ years,2030,1674.8592619709118,1633.2593297512335,1717.792578903817
24031,MD,Ages 65+ years,2030,846.128585733466,807.0920178980347,885.2428291514206
24033,MD,Ages 65+ years,2030,1486.0703458383919,1355.5839577264053,1632.9190595777793
24035,MD,Ages 65+ years,2030,1510.2901083366344,1439.8730527490757,1585.6012370575509
24037,MD,Ages 65+ years,2030,1226.7978557707584,1141.8916599651943,1305.2741474031898
24039,MD,Ages 65+ years,2030,2737.8939680931758,2673.634493294696,2799.737454319855
24041,MD,Ages 65+ years,2030,1361.0037322071926,1298.1820648766284,1420.7109856323368
24043,MD,Ages 65+ years,2030,1592.053592363341,1561.3932454413289,1623.441685627978
24045,MD,Ages 65+ years,2030,2980.9910139966873,2831.9766071768045,3131.004808299318
24047,MD,Ages 65+ years,2030,1928.6156124876018,1869.8686349163522,1989.6412101387355
24510,MD,Ages 65+ years,2030,1587.5671042791569,1527.1314264236921,1644.0629363097314
25001,MA,Ages 65+ years,2030,1010.3125532777364,977.1566698310426,1043.032523047068
25003,MA,Ages 65+ years,2030,1158.1698012294914,1151.4487371522666,1165.3258304248557
25005,MA,Ages 65+ years,2030,884.2440524326333,863.2830830318179,906.3821945355221
25007,MA,Ages 65+ years,2030,605.5670573037746,583.784973770546,625.1431180035843
25009,MA,Ages 65+ years,2030,1065.49391642768,992.70245910899,1133.657153494935
25011,MA,Ages 65+ years,2030,1086.3227811132945,1055.4308723570812,1117.4802351457488
25013,MA,Ages 65+ years,2030,1159.2016464492228,1131.4147171197626,1185.794154948422
25015,MA,Ages 65+ years,2030,1051.4741542080762,1033.4493293393045,1070.4707674301023
25017,MA,Ages 65+ years,2030,878.2904680379941,845.6134589065707,906.2057828367414
25019,MA,Ages 65+ years,2030,599.0622491065114,554.1005964680406,646.8906093274294
25021,MA,Ages 65+ years,2030,765.5003469024692,695.6367193729297,830.8096082526866
25023,MA,Ages 65+ years,2030,823.2341879869927,800.9017194576505,842.9929046021551
25025,MA,Ages 65+ years,2030,695.0803204537273,471.0521705607257,913.928896530365
25027,MA,Ages 65+ years,2030,986.1764706693681,924.2729881360824,1047.9208621001214
26001,MI,Ages 65+ years,2030,1683.377609033843,1646.042738117433,1720.306432127923
26003,MI,Ages 65+ years,2030,1246.5628451510968,1186.4682044207195,1305.5297223852783
26005,MI,Ages 65+ years,2030,1518.97654667877,1466.6977532373678,1568.0039010236585
26007,MI,Ages 65+ years,2030,2291.3576196909057,2228.9992985837,2348.638785427821
26009,MI,Ages 65+ years,2030,1671.0670290322523,1616.3100321569973,1726.1627673210048
26011,MI,Ages 65+ years,2030,1989.762442914005,1958.5825433812986,2018.7815400877687
26013,MI,Ages 65+ years,2030,1277.566218844171,1232.0824880967057,1321.3374887123473
26015,MI,Ages 65+ years,2030,1652.4788884688983,1588.5805492215666,1715.3642867461306
26017,MI,Ages 65+ years,2030,1720.3463534257867,1599.157606746431,1846.6222677834558
26019,MI,Ages 65+ years,2030,1516.5092548484877,1428.1648266745456,1606.3769317940912
26021,MI,Ages 65+ years,2030,2302.036754426769,2274.5481340841748,2328.664351475886
26023,MI,Ages 65+ years,2030,1514.2987360383618,1496.8994479642931,1532.5013344415433
26025,MI,Ages 65+ years,2030,1823.8396242984804,1739.9758187780271,1915.7948467224005
26027,MI,Ages 65+ years,2030,1543.8869103505376,1515.8721894173411,1572.7288999880286
26029,MI,Ages 65+ years,2030,1372.5471838875892,1358.791846251187,1385.5654776974548
26031,MI,Ages 65+ years,2030,1851.8373493592474,1801.973404378586,1902.2830527448439
26033,MI,Ages 65+ years,2030,1067.980382656522,1036.0142169796381,1098.2303416093478
26035,MI,Ages 65+ years,2030,2370.617121858529,2239.897257734948,2495.389636107846
26037,MI,Ages 65+ years,2030,1392.7943072533844,1351.2335770499158,1436.3881500915966
26039,MI,Ages 65+ years,2030,1538.7782151708584,1488.2227840063592,1587.4222610397194
26041,MI,Ages 65+ years,2030,1523.6905268451212,1446.3574780501513,1597.6294150148312
26043,MI,Ages 65+ years,2030,1374.3755527703788,1326.7793069923455,1419.0375602368265
26045,MI,Ages 65+ years,2030,1815.9606460929535,1745.565825995747,1898.1723266482336
26047,MI,Ages 65+ years,2030,1870.452232588323,1739.642585721622,2003.0200376457685
26049,MI,Ages 65+ years,2030,1903.5490627340914,1807.6297631256452,1996.6224428987152
26051,MI,Ages 65+ years,2030,2021.0911029337005,1949.284550884482,2096.355602491019
26053,MI,Ages 65+ years,2030,1554.0969979375973,1502.1782687747116,1601.3551779160348
26055,MI,Ages 65+ years,2030,2022.156061972034,1917.2670906662033,2128.611949714812
26057,MI,Ages 65+ years,2030,2079.909650031719,1940.4851719677258,2203.1464201559797
26059,MI,Ages 65+ years,2030,1943.1862648411538,1886.3116589170136,2004.7142939939652
26061,MI,Ages 65+ years,2030,1117.2812382128902,1106.6175903333756,1127.4248026168998
26063,MI,Ages 65+ years,2030,1961.4173455610114,1907.6932910385467,2022.3969476955042
26065,MI,Ages 65+ years,2030,1235.3702942688296,1193.8758672508245,1278.941907179021
26067,MI,Ages 65+ years,2030,1757.61737025241,1693.5197849434014,1816.4929983897619
26069,MI,Ages 65+ years,2030,1927.7770296897424,1859.8415283319505,1987.1899124428835
26071,MI,Ages 65+ years,2030,1751.8230872714485,1723.4083813996767,1781.199995579454
26073,MI,Ages 65+ years,2030,1972.4744706610009,1881.5199106248558,2052.4098434767725
26075,MI,Ages 65+ years,2030,2202.436938624186,2129.2108131698983,2277.715935147963
26077,MI,Ages 65+ years,2030,1412.712319853042,1338.368060693396,1484.8675415871107
26079,MI,Ages 65+ years,2030,2247.838477519733,2178.758112392512,2315.130700047285
26081,MI,Ages 65+ years,2030,1521.5693791417448,1491.4260807232658,1551.1655061576387
26083,MI,Ages 65+ years,2030,1776.8873527001865,1703.1795810877034,1848.5667849430718
26085,MI,Ages 65+ years,2030,1867.1137616803587,1803.0009313439032,1926.8636561448766
26087,MI,Ages 65+ years,2030,1936.9637508564447,1881.1687844181781,1993.4125217697294
26089,MI,Ages 65+ years,2030,1691.4960787525204,1606.2504629161665,1783.4314397993776
26091,MI,Ages 65+ years,2030,2229.8570317236495,2099.4999526062943,2344.2243046248036
26093,MI,Ages 65+ years,2030,1798.066420333725,1709.5009534857302,1884.7544146014604
26095,MI,Ages 65+ years,2030,1473.5253139378294,1393.8193480921798,1558.1077531437827
26097,MI,Ages 65+ years,2030,1318.1872587887474,1257.7649348143184,1384.1668636093157
26099,MI,Ages 65+ years,2030,1754.3920463236682,1691.5724721042873,1814.1760120421766
26101,MI,Ages 65+ years,2030,1679.2780886040978,1590.000243650467,1760.1234555945803
26103,MI,Ages 65+ years,2030,1206.0144925614593,1172.874504748815,1241.0493553180058
26105,MI,Ages 65+ years,2030,1696.8573328131881,1624.1014833241607,1768.7511963047436
26107,MI,Ages 65+ years,2030,1943.5598910328126,1832.3975599917983,2074.728285748166
26109,MI,Ages 65+ years,2030,1722.9473084819583,1649.1389732495081,1811.373899965167
26111,MI,Ages 65+ years,2030,1369.6104208335682,1311.7710920396103,1426.8298333918517
26113,MI,Ages 65+ years,2030,2354.3354010172984,2237.1475415558107,2461.4781488899007
26115,MI,Ages 65+ years,2030,1645.6948878193703,1543.960498270018,1738.0003682687875
26117,MI,Ages 65+ years,2030,1535.036208240335,1455.1471003672136,1614.1465958201586
26119,MI,Ages 65+ years,2030,2528.4301400437175,2450.0955167166608,2614.542937198913
26121,MI,Ages 65+ years,2030,1620.185821632641,1490.7002734045163,1743.9200023407595
26123,MI,Ages 65+ years,2030,1549.4675698657977,1478.4462181324657,1627.1635847395576
26125,MI,Ages 65+ years,2030,2002.297770624109,1871.1722539448303,2135.821484745402
26127,MI,Ages 65+ years,2030,1656.4204457888522,1585.6622215081343,1724.1188556525494
26129,MI,Ages 65+ years,2030,1996.5297232186488,1965.240910987332,2023.9230248003985
26131,MI,Ages 65+ years,2030,1341.8191615871635,1108.862465488413,1582.759278368118
26133,MI,Ages 65+ years,2030,1799.2224159187033,1712.0500674854175,1883.4686333262716
26135,MI,Ages 65+ years,2030,1990.009662096056,1946.703696931755,2036.8644539896898
26137,MI,Ages 65+ years,2030,1841.00549530954,1781.3034434469441,1894.3030675145417
26139,MI,Ages 65+ years,2030,1589.7477369211579,1527.366538862721,1645.0129067991743
26141,MI,Ages 65+ years,2030,1959.3103617383401,1897.2011545080752,2018.4938285977958
26143,MI,Ages 65+ years,2030,1771.3087110667752,1715.9835723270091,1830.6624565003012
26145,MI,Ages 65+ years,2030,1515.724656255693,1428.2853278708044,1610.3238931548997
26147,MI,Ages 65+ years,2030,2033.6738399338371,1963.3566699227206,2104.9360111070987
26149,MI,Ages 65+ years,2030,1542.347178921576,1529.0529416418738,1555.3166722188223
26151,MI,Ages 65+ years,2030,1991.5071333952756,1942.8401153602576,2045.3488309045674
26153,MI,Ages 65+ years,2030,1316.3072538781823,1259.7612098711345,1369.761663390541
26155,MI,Ages 65+ years,2030,2211.611619135224,2118.41943108157,2300.376268235055
26157,MI,Ages 65+ years,2030,1678.6926332324354,1647.2330881539667,1709.5515341453515
26159,MI,Ages 65+ years,2030,1693.2619038356077,1628.8198177771867,1758.7184532117349
26161,MI,Ages 65+ years,2030,1672.7509033627573,1567.7313764456235,1777.838204505273
26163,MI,Ages 65+ years,2030,1846.0523661561058,1787.9958386371814,1907.6396308301728
26165,MI,Ages 65+ years,2030,1738.9555931976752,1653.9209187193953,1833.000986258052
27001,MN,Ages 65+ years,2030,1267.4787462668676,1239.6761582695592,1291.8642992376658
27003,MN,Ages 65+ years,2030,941.1436423941345,934.4046617496058,947.3635598743333
27005,MN,Ages 65+ years,2030,1030.0119899217868,862.117659417774,1211.5928473337085
27007,MN,Ages 65+ years,2030,1007.9960683032505,975.6940093461665,1037.975929609572
27009,MN,Ages 65+ years,2030,1111.166893331489,1061.45876158241,1160.724418492322
27011,MN,Ages 65+ years,2030,1521.7642155619162,1450.3095775392949,1597.375823192968
27013,MN,Ages 65+ years,2030,1170.2310274847655,1153.9571954474766,1186.6711278582757
27015,MN,Ages 65+ years,2030,1068.6481646049954,1048.1790151974328,1088.1363110939672
27017,MN,Ages 65+ years,2030,1697.0633369015975,1659.089065775358,1735.3195882224716
27019,MN,Ages 65+ years,2030,867.0336684564555,676.600372424892,1027.4416808991382
27021,MN,Ages 65+ years,2030,756.8479715055252,717.3344651791704,798.9947212620814
27023,MN,Ages 65+ years,2030,1339.1942495372768,1317.793599539565,1360.472493475369
27025,MN,Ages 65+ years,2030,1396.509324315536,1382.8342430079047,1410.7329843933765
27027,MN,Ages 65+ years,2030,1006.291647165763,874.9474919709324,1154.2510632784638
27029,MN,Ages 65+ years,2030,1516.326761612409,1418.3687711394439,1611.2133826252107
27031,MN,Ages 65+ years,2030,950.9593277206995,920.8554263946648,980.6153240234762
27033,MN,Ages 65+ years,2030,1365.3828210288136,1323.850666029309,1409.1287388782625
27035,MN,Ages 65+ years,2030,925.8307780163751,882.5657098584907,966.1022754631812
27037,MN,Ages 65+ years,2030,1105.742126381398,1051.2641132513288,1155.431412433816
27039,MN,Ages 65+ years,2030,1545.025813889028,1532.162175306069,1555.9030904251285
27041,MN,Ages 65+ years,2030,1258.929848161565,1230.436696499398,1288.0813347604912
27043,MN,Ages 65+ years,2030,1449.537064198241,1395.0459094133998,1506.5797231843455
27045,MN,Ages 65+ years,2030,1458.6917380029279,1413.2904169264332,1509.664232549361
27047,MN,Ages 65+ years,2030,1287.6904649632395,1279.268333783712,1296.4291457761476
27049,MN,Ages 65+ years,2030,1635.278266627677,1549.338611354883,1711.311418395084
27051,MN,Ages 65+ years,2030,1119.6186447151283,1075.9039162040708,1166.4776397152848
27053,MN,Ages 65+ years,2030,1071.6142449020535,1046.5102166156098,1096.9801007482233
27055,MN,Ages 65+ years,2030,1367.2429936518984,1353.6855750997263,1382.0991003572237
27057,MN,Ages 65+ years,2030,1053.634834696726,1018.8663404082625,1089.6654031515297
27059,MN,Ages 65+ years,2030,1406.5511369280423,1371.0866418808457,1440.3629782363887
27061,MN,Ages 65+ years,2030,1081.7825332452646,991.4057265944738,1163.7003944812104
27063,MN,Ages 65+ years,2030,1206.3005566297397,1183.7856301754853,1230.3539954889723
27065,MN,Ages 65+ years,2030,1147.6409225057907,1102.9369022290623,1197.0838420553578
27067,MN,Ages 65+ years,2030,1117.3886225430012,1035.036779537322,1198.7521022917801
27069,MN,Ages 65+ years,2030,1211.6088888758304,1192.6966684275574,1230.5187693875573
27071,MN,Ages 65+ years,2030,1236.5040797224488,1196.804428263521,1273.8763146152612
27073,MN,Ages 65+ years,2030,1046.7738100905033,986.597855568285,1107.4870570379053
27075,MN,Ages 65+ years,2030,825.9135770237447,772.5190355502205,874.6893015276697
27077,MN,Ages 65+ years,2030,1211.6088888758304,1194.1656378161729,1232.7893565712259
27079,MN,Ages 65+ years,2030,1129.535507940767,1107.3561212817046,1152.5032064684956
27081,MN,Ages 65+ years,2030,1395.863295752914,1368.8082750678223,1426.8009843961377
27083,MN,Ages 65+ years,2030,1016.2708507834185,995.4381699542013,1039.1477748640932
27085,MN,Ages 65+ years,2030,1487.0894348884422,1468.511111483359,1506.2170470773872
27087,MN,Ages 65+ years,2030,1211.6088888758304,1190.2080364598864,1230.183251573054
27089,MN,Ages 65+ years,2030,927.4655060907372,823.049393366565,1022.6689576327245
27091,MN,Ages 65+ years,2030,1204.1983470783478,1155.610830580827,1248.4603946028994
27093,MN,Ages 65+ years,2030,1297.6683831633507,1258.3282454658827,1336.817619987356
27095,MN,Ages 65+ years,2030,1459.5349201264396,1436.1564666662207,1482.2071975717809
27097,MN,Ages 65+ years,2030,914.3429950614457,878.4466586247148,950.901082273365
27099,MN,Ages 65+ years,2030,1372.1231474721526,1317.876738791253,1426.402068086999
27101,MN,Ages 65+ years,2030,926.0340767377742,890.1230491019098,959.6272085480155
27103,MN,Ages 65+ years,2030,1072.05108277521,861.3677423564459,1271.6089560308305
27105,MN,Ages 65+ years,2030,1008.9146999900911,1000.2154983472604,1018.8488687132625
27107,MN,Ages 65+ years,2030,1289.0656655059709,1240.0871944093924,1333.6521914283164
27109,MN,Ages 65+ years,2030,1246.7156498704765,1217.322494060358,1276.2500498752834
27111,MN,Ages 65+ years,2030,1331.1293704504233,1281.1071760257094,1380.5638434038096
27113,MN,Ages 65+ years,2030,1099.077502907593,1066.5112574935424,1132.8312605296328
27115,MN,Ages 65+ years,2030,1322.7138051189638,1272.1646026168446,1369.3247082206433
27117,MN,Ages 65+ years,2030,1264.5208891092104,1239.7410589382298,1288.7102391676115
27119,MN,Ages 65+ years,2030,1245.404651425125,1166.7927634609687,1320.544127760661
27121,MN,Ages 65+ years,2030,1140.8262318122574,1079.4300947924949,1202.263295119134
27123,MN,Ages 65+ years,2030,1191.902712732118,1176.7295351269793,1206.6054645483564
27125,MN,Ages 65+ years,2030,1211.6088888758304,1190.756534628414,1230.6123408180024
27127,MN,Ages 65+ years,2030,1278.840490214895,1258.6341175955363,1301.5573678284536
27129,MN,Ages 65+ years,2030,1058.3862704913533,835.0513361255594,1246.6510706249896
27131,MN,Ages 65+ years,2030,1123.2098835512513,1110.0300619017478,1137.8926607338447
27133,MN,Ages 65+ years,2030,1475.3726505727445,1435.823399630655,1514.4484188577212
27135,MN,Ages 65+ years,2030,1675.1311466827356,1638.0922334371403,1713.6013369584375
27137,MN,Ages 65+ years,2030,1176.0777031769737,1133.519983166744,1217.6688199025332
27139,MN,Ages 65+ years,2030,1018.4336446766822,1009.0713845671039,1028.018458204028
27141,MN,Ages 65+ years,2030,1089.6480614573172,1059.2334124553809,1120.9706038525953
27143,MN,Ages 65+ years,2030,990.2413190125166,651.5608337176399,1314.4803547394383
27145,MN,Ages 65+ years,2030,884.4822982887081,587.0525350937166,1169.6051166717468
27147,MN,Ages 65+ years,2030,1248.2179099766706,1208.734921975097,1284.2299243351479
27149,MN,Ages 65+ years,2030,1050.4789022913938,777.8149468751003,1325.010835747844
27151,MN,Ages 65+ years,2030,1187.8880233662671,1097.0021023793947,1278.5183397245385
27153,MN,Ages 65+ years,2030,801.7696127519101,690.1301201595588,926.6703058994166
27155,MN,Ages 65+ years,2030,1211.6088888758304,1192.686472545913,1231.9689348164359
27157,MN,Ages 65+ years,2030,1377.3689870105559,1196.513826326031,1561.8371529116587
27159,MN,Ages 65+ years,2030,1277.9248597759192,1225.2605243035277,1330.9068387339803
27161,MN,Ages 65+ years,2030,1367.3809773958249,1265.933478556604,1478.4902288547903
27163,MN,Ages 65+ years,2030,1083.3938086854514,1038.915804508877,1126.3681785429105
27165,MN,Ages 65+ years,2030,1517.1826562121369,1187.3830849852025,1828.1456256954452
27167,MN,Ages 65+ years,2030,2043.0760073545089,1981.8236243997467,2106.860315300099
27169,MN,Ages 65+ years,2030,1394.5930948639723,1368.7067634700331,1418.3572131818094
27171,MN,Ages 65+ years,2030,1088.1701093401953,1044.037280139704,1128.2461666805045
27173,MN,Ages 65+ years,2030,941.4426963331779,789.942132963878,1090.8202480135883
28001,MS,Ages 65+ years,2030,1397.5476807663615,1281.1201783009094,1502.7378759280973
28003,MS,Ages 65+ years,2030,1985.7315035815345,1903.9554394894576,2080.654613179323
28005,MS,Ages 65+ years,2030,2069.527807842853,2018.4871687201178,2121.4835782381238
28007,MS,Ages 65+ years,2030,1680.9534145494104,1575.4699927884374,1779.1912054422337
28009,MS,Ages 65+ years,2030,1794.7083813576357,1690.8048674750712,1895.3763949746346
28011,MS,Ages 65+ years,2030,2169.211413739362,2055.28647767828,2288.4524996933806
28013,MS,Ages 65+ years,2030,1818.889601415002,1752.392507790882,1889.9470384263907
28015,MS,Ages 65+ years,2030,1447.102158676017,1405.2353215059484,1489.520201188843
28017,MS,Ages 65+ years,2030,1698.2004316591872,1623.8747095072383,1768.231042209886
28019,MS,Ages 65+ years,2030,1753.549389260939,1625.4581610272169,1876.4154923564624
28021,MS,Ages 65+ years,2030,2512.328741786299,2402.6464138712545,2627.351294871503
28023,MS,Ages 65+ years,2030,2380.3652173183505,2281.663359906925,2476.589534386574
28025,MS,Ages 65+ years,2030,1509.7096384556226,1388.306643538368,1625.2440548174288
28027,MS,Ages 65+ years,2030,1926.604018903592,1797.4927265450654,2043.4339475687523
28029,MS,Ages 65+ years,2030,1731.2591838553847,1633.555782191798,1819.777209727105
28031,MS,Ages 65+ years,2030,2237.420721218599,2147.236299430652,2336.1851249471465
28033,MS,Ages 65+ years,2030,1652.799703511246,1549.3459914122388,1760.7505079643183
28035,MS,Ages 65+ years,2030,1586.927308014805,1533.7925888154869,1640.2477976436016
28037,MS,Ages 65+ years,2030,1766.4580744543239,1696.5016138981293,1839.6652261541328
28039,MS,Ages 65+ years,2030,2853.9585108403894,2768.655199227244,2940.3834037351403
28041,MS,Ages 65+ years,2030,2173.9054971639707,2083.0693103601757,2276.666058366612
28043,MS,Ages 65+ years,2030,2398.6264277894084,2294.2592274274502,2496.014879254065
28045,MS,Ages 65+ years,2030,1681.1117206823424,1630.5256605566913,1734.8991003584463
28047,MS,Ages 65+ years,2030,2249.6255990355266,2167.701976052077,2328.676072331032
28049,MS,Ages 65+ years,2030,1833.4050677299701,1724.274778508765,1937.771191971438
28051,MS,Ages 65+ years,2030,2346.140089292195,2220.9649845109034,2479.3778014966415
28053,MS,Ages 65+ years,2030,2294.606684658406,2178.840930276164,2419.260926962746
28055,MS,Ages 65+ years,2030,1951.007740242493,1849.3976583585304,2058.2134548413865
28057,MS,Ages 65+ years,2030,2002.798271711176,1883.7574266295112,2121.9362088710677
28059,MS,Ages 65+ years,2030,1679.2774124391235,1611.7494377117043,1743.8177295193748
28061,MS,Ages 65+ years,2030,1740.012106886291,1629.0616013315873,1853.1616273901764
28063,MS,Ages 65+ years,2030,1951.007740242493,1839.7458372244746,2056.106034152381
28065,MS,Ages 65+ years,2030,1429.5447940707882,1313.339877027701,1539.6745529445925
28067,MS,Ages 65+ years,2030,1998.7230586038977,1923.858290596466,2076.763795939793
28069,MS,Ages 65+ years,2030,1469.7512692230148,1371.0318243839506,1575.9271219257462
28071,MS,Ages 65+ years,2030,1847.0198659668906,1765.5556823788909,1939.8585012611577
28073,MS,Ages 65+ years,2030,1037.790481085134,999.7556260419778,1072.9461215163362
28075,MS,Ages 65+ years,2030,1762.2989176356025,1698.7624561968232,1824.0832175695346
28077,MS,Ages 65+ years,2030,2331.2271630127516,2238.864436379731,2425.0320189362315
28079,MS,Ages 65+ years,2030,1550.7977734650826,1413.771055644668,1684.1412770358709
28081,MS,Ages 65+ years,2030,1705.4626491494325,1606.140005860954,1799.079784832491
28083,MS,Ages 65+ years,2030,3057.7674320817214,2951.353811274549,3171.6386044481756
28085,MS,Ages 65+ years,2030,2123.0812612305995,2059.773639554405,2192.572251114479
28087,MS,Ages 65+ years,2030,1778.0233947717193,1659.7841405061793,1899.3553169556594
28089,MS,Ages 65+ years,2030,2245.081802015935,2081.88968682064,2382.0715074372742
28091,MS,Ages 65+ years,2030,1876.0372254759766,1766.0695561645848,1991.440915006912
28093,MS,Ages 65+ years,2030,1499.612054931911,1403.0075775319883,1589.097279456463
28095,MS,Ages 65+ years,2030,1699.5106045103996,1581.2461952985354,1808.759449852924
28097,MS,Ages 65+ years,2030,2008.807994849646,1870.874145634895,2126.167315318479
28099,MS,Ages 65+ years,2030,2852.730749665713,2748.6987405319173,2968.1977696080885
28101,MS,Ages 65+ years,2030,1868.0666025295445,1752.2112923606269,1998.209639572647
28103,MS,Ages 65+ years,2030,2057.258774736181,1977.527528579374,2143.358867606008
28105,MS,Ages 65+ years,2030,1334.161880312332,1269.8895346340253,1405.2939195980084
28107,MS,Ages 65+ years,2030,2325.153798813936,2182.183796234455,2454.6916102092528
28109,MS,Ages 65+ years,2030,1725.1375310617996,1650.993640810591,1800.8376844866095
28111,MS,Ages 65+ years,2030,1610.21940569442,1512.3518512136823,1712.071691906567
28113,MS,Ages 65+ years,2030,2969.634346940882,2837.2176782707547,3097.3980272255167
28115,MS,Ages 65+ years,2030,1345.0386544194116,1289.6104279528372,1398.61814215942
28117,MS,Ages 65+ years,2030,1906.9465083697178,1826.042048842907,1977.8889607138203
28119,MS,Ages 65+ years,2030,2045.0380014830198,1891.078569192656,2198.5314451842496
28121,MS,Ages 65+ years,2030,960.106046141036,896.9429523248492,1022.8654289778094
28123,MS,Ages 65+ years,2030,1708.2844902771335,1596.8357157474957,1817.2513902285502
28125,MS,Ages 65+ years,2030,1951.007740242493,1841.1085961025228,2050.546078222801
28127,MS,Ages 65+ years,2030,1429.7231825056997,1281.050053420792,1597.5981870959267
28129,MS,Ages 65+ years,2030,1333.546347571101,1214.570102448551,1439.6267149683554
28131,MS,Ages 65+ years,2030,1797.0635464918114,1724.46978774021,1879.8195873176137
28133,MS,Ages 65+ years,2030,1926.4316575904872,1806.774311850866,2072.4430772751166
28135,MS,Ages 65+ years,2030,1759.7674170162645,1652.094127049348,1865.3898791075483
28137,MS,Ages 65+ years,2030,2007.7289450093008,1916.02675986385,2086.8005772184497
28139,MS,Ages 65+ years,2030,2096.7519871270506,1990.8943922923972,2199.101546457329
28141,MS,Ages 65+ years,2030,2595.9481419579743,2526.65864293545,2669.396279617651
28143,MS,Ages 65+ years,2030,2641.309354186334,2500.565761331887,2774.2476988506883
28145,MS,Ages 65+ years,2030,1843.088834600102,1789.6061219266821,1901.0243009507535
28147,MS,Ages 65+ years,2030,1869.6958064159178,1794.5848723415882,1945.3476330085978
28149,MS,Ages 65+ years,2030,1469.8419241575687,1369.168057846267,1581.528817461945
28151,MS,Ages 65+ years,2030,1926.804551314837,1813.179750401422,2043.6470738904814
28153,MS,Ages 65+ years,2030,1766.079843983417,1682.1436331017867,1849.0896001149501
28155,MS,Ages 65+ years,2030,2441.077252881333,2305.8924875674425,2571.0229053184853
28157,MS,Ages 65+ years,2030,2069.508362765905,1995.1726166197734,2141.1699866684635
28159,MS,Ages 65+ years,2030,1671.310146430392,1578.84532263477,1765.3881760275176
28161,MS,Ages 65+ years,2030,2589.3158897681483,2458.90489899527,2712.8221465183733
28163,MS,Ages 65+ years,2030,1360.2732838462466,1248.839947774941,1466.9064940557391
29001,MO,Ages 65+ years,2030,1223.503681548709,1095.8203833764424,1343.71807103545
29003,MO,Ages 65+ years,2030,1203.691222493818,1150.818740398057,1252.259001785506
29005,MO,Ages 65+ years,2030,1194.991610568441,1141.701080262358,1251.4506554246448
29007,MO,Ages 65+ years,2030,1758.1195489528423,1584.715718291808,1951.207569450334
29009,MO,Ages 65+ years,2030,1713.4790789210558,1689.9832608097279,1738.3858189456485
29011,MO,Ages 65+ years,2030,1366.3283903805188,1224.7436618532222,1493.7754111281836
29013,MO,Ages 65+ years,2030,1825.501338626108,1798.3609378748167,1853.4258604481292
29015,MO,Ages 65+ years,2030,1270.367181313967,1222.1539229423513,1315.6960927653322
29017,MO,Ages 65+ years,2030,1884.6316411661146,1789.6542233420705,1975.365289921476
29019,MO,Ages 65+ years,2030,1225.6504565208081,1178.3815712494732,1272.7528218961118
29021,MO,Ages 65+ years,2030,1466.0228792051919,1394.610975635828,1535.204754846794
29023,MO,Ages 65+ years,2030,1390.4056132471821,1321.35032198483,1466.9186240783797
29025,MO,Ages 65+ years,2030,1104.9775721444016,1051.8633709145577,1162.583007546868
29027,MO,Ages 65+ years,2030,1464.8669580540775,1419.8438254632908,1513.245641431728
29029,MO,Ages 65+ years,2030,945.9820535126166,790.9793578732784,1090.6528902963387
29031,MO,Ages 65+ years,2030,1812.33275354072,1726.8508968713445,1897.1172732519524
29033,MO,Ages 65+ years,2030,1494.0524475674308,1333.6941832944844,1667.603528703092
29035,MO,Ages 65+ years,2030,1527.2110562852681,1429.4940224903353,1632.2483328640171
29037,MO,Ages 65+ years,2030,1294.3753445590896,1268.0619427249223,1320.0487123054677
29039,MO,Ages 65+ years,2030,1249.5728448920536,1053.425583063372,1449.0179427389644
29041,MO,Ages 65+ years,2030,1287.0783723537975,1258.65708519175,1315.7256049299315
29043,MO,Ages 65+ years,2030,1108.3930147857227,973.6696777488868,1236.0445331354495
29045,MO,Ages 65+ years,2030,1728.1067430720504,1643.5396539540425,1805.8694123025468
29047,MO,Ages 65+ years,2030,1261.3122860201195,1228.1189633083552,1294.293258489951
29049,MO,Ages 65+ years,2030,1697.6515102953902,1468.3851881692428,1938.0281957164098
29051,MO,Ages 65+ years,2030,1275.3545285909727,1260.3722238730709,1292.2256514973944
29053,MO,Ages 65+ years,2030,1499.3088702683651,1435.1277340755823,1573.5376445276527
29055,MO,Ages 65+ years,2030,2003.5235206754794,1955.9471456345868,2053.686411606171
29057,MO,Ages 65+ years,2030,1740.1750546205915,1698.8395873286365,1782.343634542403
29059,MO,Ages 65+ years,2030,1524.4681177771415,1465.638946884675,1581.7977896953596
29061,MO,Ages 65+ years,2030,1603.5217459111632,1563.6541546672938,1640.119762836758
29063,MO,Ages 65+ years,2030,1167.8899387746646,1123.4825367651267,1217.0960119105962
29065,MO,Ages 65+ years,2030,1539.4960602410902,1463.1210641643256,1610.3685014614691
29067,MO,Ages 65+ years,2030,1762.6555924722695,1722.7436576995235,1800.1335454688647
29069,MO,Ages 65+ years,2030,2085.33663173982,1949.8729442375861,2221.4291805854923
29071,MO,Ages 65+ years,2030,1347.5607770717504,1296.9098944626696,1396.6521137751793
29073,MO,Ages 65+ years,2030,1248.5630985328226,1213.09043151497,1282.2037163097257
29075,MO,Ages 65+ years,2030,1191.8542397904412,1153.5751700093133,1226.7056580412223
29077,MO,Ages 65+ years,2030,1456.6374527259445,1418.5795998927572,1490.4675584993402
29079,MO,Ages 65+ years,2030,1184.1153735197834,1138.5067485949219,1230.9896148615858
29081,MO,Ages 65+ years,2030,1562.547941787832,1470.0417627823617,1654.6048449465386
29083,MO,Ages 65+ years,2030,1942.700993538528,1918.6523446995948,1967.0666308673335
29085,MO,Ages 65+ years,2030,1018.1143764683435,966.9091168701153,1066.7156786702324
29087,MO,Ages 65+ years,2030,1234.985336586001,1194.297291768178,1270.18056690412
29089,MO,Ages 65+ years,2030,1613.8256455550902,1252.1686187641963,1964.7720696668
29091,MO,Ages 65+ years,2030,1678.6940298392958,1594.9073332139574,1761.9732379036786
29093,MO,Ages 65+ years,2030,2172.963313180761,2092.47211092539,2250.7193437926708
29095,MO,Ages 65+ years,2030,1200.3834795834666,1160.1672181305103,1242.0689336446012
29097,MO,Ages 65+ years,2030,1609.118878083122,1489.8276674893823,1719.483760307468
29099,MO,Ages 65+ years,2030,1305.331593972902,1106.4520300982865,1494.525034499469
29101,MO,Ages 65+ years,2030,1604.273679359693,1547.902257599197,1663.7657907656605
29103,MO,Ages 65+ years,2030,1564.9739141509224,1522.5541775464783,1608.9407655014584
29105,MO,Ages 65+ years,2030,1871.822313445428,1818.7204062814596,1928.8632592974604
29107,MO,Ages 65+ years,2030,1580.5447692272826,1544.789295244324,1614.6872760987408
29109,MO,Ages 65+ years,2030,1839.2436795756223,1531.884629087619,2140.6530871171176
29111,MO,Ages 65+ years,2030,2072.297480132171,2026.8910930761822,2119.8405284048513
29113,MO,Ages 65+ years,2030,1293.6143559494385,1251.8944815645216,1329.2955039224976
29115,MO,Ages 65+ years,2030,1922.1160062623092,1871.077149717994,1974.5830372253183
29117,MO,Ages 65+ years,2030,988.3231430212934,807.5470656145399,1186.8535818961361
29119,MO,Ages 65+ years,2030,1696.0361608140106,1497.2230507362672,1887.4397936234657
29121,MO,Ages 65+ years,2030,1815.4753202573388,1753.5922546286308,1877.031651077808
29123,MO,Ages 65+ years,2030,1668.429089257481,1568.8342720468518,1777.8429170962322
29125,MO,Ages 65+ years,2030,1289.6532987732594,1204.025336183295,1384.0117192912455
29127,MO,Ages 65+ years,2030,1591.56461371289,1580.9491558711404,1601.8031488360662
29129,MO,Ages 65+ years,2030,1564.9739141509224,1520.907485276001,1611.0414761392638
29131,MO,Ages 65+ years,2030,1559.4138772166416,1474.3208727164701,1639.0602375833787
29133,MO,Ages 65+ years,2030,1940.6770840208726,1799.0948140359833,2086.0268211345538
29135,MO,Ages 65+ years,2030,1928.7249754903821,1880.2222779977371,1974.0706473259534
29137,MO,Ages 65+ years,2030,1385.8195672913857,1156.8970820644547,1617.6900936925904
29139,MO,Ages 65+ years,2030,2209.4266932900664,2159.901593206068,2256.8857486630504
29141,MO,Ages 65+ years,2030,1574.6641480776811,1534.683387087372,1615.4265951386299
29143,MO,Ages 65+ years,2030,1877.9067370474106,1728.0702305708783,2017.5552765175432
29145,MO,Ages 65+ years,2030,1651.9322591882885,1623.7514408823047,1675.6858142122198
29147,MO,Ages 65+ years,2030,1293.758695431681,1194.7823478505065,1390.7257723645816
29149,MO,Ages 65+ years,2030,1533.9174584142777,1445.482538131845,1624.139713406861
29151,MO,Ages 65+ years,2030,1075.9007466293003,1028.9533956118237,1126.0218550482602
29153,MO,Ages 65+ years,2030,1326.1380063166077,1273.643274504795,1377.789036978091
29155,MO,Ages 65+ years,2030,2464.2847967274047,2333.6621115424014,2584.71420862727
29157,MO,Ages 65+ years,2030,1548.8986973844321,1487.9064730361706,1614.332445778663
29159,MO,Ages 65+ years,2030,1686.84794447855,1645.7352055681163,1723.0460247411843
29161,MO,Ages 65+ years,2030,1284.191783336988,1247.8997809233838,1323.360017432021
29163,MO,Ages 65+ years,2030,1896.2978203474383,1849.8232913893899,1941.0140926105926
29165,MO,Ages 65+ years,2030,1234.0014570863752,1215.7522537488846,1253.5442818061917
29167,MO,Ages 65+ years,2030,1829.1360626155135,1785.935734826303,1880.5981755152707
29169,MO,Ages 65+ years,2030,1387.304744901436,1336.0407411551826,1447.5409002001713
29171,MO,Ages 65+ years,2030,1335.6756765805062,1290.931101962724,1378.7366329353501
29173,MO,Ages 65+ years,2030,1377.8804185801228,1353.1021379284946,1403.0652938582996
29175,MO,Ages 65+ years,2030,2066.851175305988,2022.7016055542713,2112.5957078922675
29177,MO,Ages 65+ years,2030,1410.985270157555,1306.067888640605,1510.0246840694433
29179,MO,Ages 65+ years,2030,1857.8326983546142,1766.6272632707685,1938.7616750094494
29181,MO,Ages 65+ years,2030,1497.8035842179916,1401.676387371938,1590.935386341742
29183,MO,Ages 65+ years,2030,1150.4529640166406,1062.4524911312378,1238.9728686702865
29185,MO,Ages 65+ years,2030,1386.5069623153706,1328.9584949211878,1443.9285594016658
29186,MO,Ages 65+ years,2030,1427.3424629669628,1391.4797850100717,1462.2470856675188
29187,MO,Ages 65+ years,2030,1491.1222277513282,1458.7299896653533,1523.3320878305183
29189,MO,Ages 65+ years,2030,1531.184916805082,1439.1639331801255,1632.56435235813
29195,MO,Ages 65+ years,2030,1250.5449933097038,1222.602765019889,1279.0146994861338
29197,MO,Ages 65+ years,2030,1564.9739141509224,1524.2955202098353,1609.4083650556022
29199,MO,Ages 65+ years,2030,1564.9739141509224,1521.5839994815458,1606.8329592712905
29201,MO,Ages 65+ years,2030,1742.1740925791871,1620.0540496006392,1872.4647180861912
29203,MO,Ages 65+ years,2030,1646.9317225164966,1558.5548440364507,1726.170316559369
29205,MO,Ages 65+ years,2030,1846.4791160071065,1753.0219059471199,1930.1444634410975
29207,MO,Ages 65+ years,2030,1574.780113688894,1486.7759554365464,1667.8360404617
29209,MO,Ages 65+ years,2030,1569.0206230057915,1509.2023284654344,1632.8252308058986
29211,MO,Ages 65+ years,2030,1701.067782756349,1588.2118570341725,1807.687605055976
29213,MO,Ages 65+ years,2030,1846.429508011806,1787.9077156709948,1898.692042020111
29215,MO,Ages 65+ years,2030,1738.8055304703555,1687.2568043709414,1787.3382391004718
29217,MO,Ages 65+ years,2030,1596.877871418024,1273.458873137118,1892.1793554392939
29219,MO,Ages 65+ years,2030,1079.8485569868349,1053.7727075614011,1104.6233721575138
29221,MO,Ages 65+ years,2030,1979.6050035897417,1923.2702698198668,2035.514204609488
29223,MO,Ages 65+ years,2030,1403.4353657312715,1333.9675039445035,1469.9669876084465
29225,MO,Ages 65+ years,2030,1782.5761269459865,1751.2130929244017,1814.9624236107186
29227,MO,Ages 65+ years,2030,1564.9739141509224,1525.3996017772445,1609.5178082225837
29229,MO,Ages 65+ years,2030,2217.6554847155007,2161.935527141116,2274.8709170108173
29510,MO,Ages 65+ years,2030,1316.989286693728,1135.7859496515232,1519.8242881787287
30001,MT,Ages 65+ years,2030,1360.8976335909258,1313.5061110224128,1401.9351846840912
30003,MT,Ages 65+ years,2030,1625.814284713303,1593.0429826391442,1660.2992392625363
30005,MT,Ages 65+ years,2030,1392.2929139350842,1358.796195309608,1423.9136427754288
30007,MT,Ages 65+ years,2030,1392.2929139350842,1359.8539505033661,1422.8798020788527
30009,MT,Ages 65+ years,2030,1079.349904559407,1039.6857513953034,1120.7462245407385
30011,MT,Ages 65+ years,2030,1392.2929139350842,1360.217050166894,1422.8474226061812
30013,MT,Ages 65+ years,2030,1092.7290645388066,1067.7494644535223,1119.0431594324868
30015,MT,Ages 65+ years,2030,1393.1991368021354,1334.6291713924902,1450.6792876770678
30017,MT,Ages 65+ years,2030,1419.4630270413272,1397.9781056085649,1441.7506738352822
30019,MT,Ages 65+ years,2030,1392.2929139350842,1361.4258923358248,1426.0309187006649
30021,MT,Ages 65+ years,2030,969.164735705842,863.1862914877868,1068.0782352596364
30023,MT,Ages 65+ years,2030,1663.6148194807379,1621.2520528819289,1706.036252217
30025,MT,Ages 65+ years,2030,1392.2929139350842,1359.6109955892189,1423.5122860289541
30027,MT,Ages 65+ years,2030,1758.3347055492986,1727.6427316013683,1789.3531785231814
30029,MT,Ages 65+ years,2030,1232.689451906839,1209.4303370143366,1256.1829760266166
30031,MT,Ages 65+ years,2030,1102.3366082294028,1076.80023970084,1129.3046920075458
30033,MT,Ages 65+ years,2030,1392.2929139350842,1362.6140459544804,1423.814677571254
30035,MT,Ages 65+ years,2030,1462.4389199614618,1423.207021178628,1501.52510978001
30037,MT,Ages 65+ years,2030,1392.2929139350842,1363.2352692853096,1422.679672779323
30039,MT,Ages 65+ years,2030,1392.2929139350842,1358.5685192255833,1421.3519067183124
30041,MT,Ages 65+ years,2030,2041.2027737530884,1969.372811356966,2111.2366142374512
30043,MT,Ages 65+ years,2030,1712.1186446258248,1647.0601741084731,1780.0097173531437
30045,MT,Ages 65+ years,2030,1392.2929139350842,1361.3599370180657,1425.1292298215126
30047,MT,Ages 65+ years,2030,1129.3954893607802,1098.814037175473,1160.3702219090585
30049,MT,Ages 65+ years,2030,1197.987931241981,1134.072615779338,1259.5981016872165
30051,MT,Ages 65+ years,2030,1392.2929139350842,1360.9184334293661,1423.681700696963
30053,MT,Ages 65+ years,2030,1020.1867105208719,923.1647086075728,1118.231277716292
30055,MT,Ages 65+ years,2030,1392.2929139350842,1361.4726078251995,1424.7997273729768
30057,MT,Ages 65+ years,2030,1060.7856786300615,1020.8201033578674,1102.7179760327144
30059,MT,Ages 65+ years,2030,1392.2929139350842,1363.7665168426954,1419.7793957368342
30061,MT,Ages 65+ years,2030,1392.2929139350842,1362.341068886725,1423.6420177551975
30063,MT,Ages 65+ years,2030,1319.897815095492,1309.9584246615948,1330.0187735211553
30065,MT,Ages 65+ years,2030,1392.2929139350842,1361.3467277789075,1424.6369636058796
30067,MT,Ages 65+ years,2030,1105.9885219657933,1078.9088927768314,1134.3670694747516
30069,MT,Ages 65+ years,2030,1392.2929139350842,1362.5593077734975,1424.240289157367
30071,MT,Ages 65+ years,2030,1392.2929139350842,1361.8519705267706,1424.3578565062396
30073,MT,Ages 65+ years,2030,1140.4146344199703,1112.3685461294053,1168.8774474145243
30075,MT,Ages 65+ years,2030,1392.2929139350842,1362.6123789735432,1423.6452117240638
30077,MT,Ages 65+ years,2030,1632.4014491133257,1597.7306236531194,1667.7313109513566
30079,MT,Ages 65+ years,2030,1392.2929139350842,1359.459364556286,1422.9798827463712
30081,MT,Ages 65+ years,2030,1459.2679291436089,1395.3641861374049,1524.4081351955508
30083,MT,Ages 65+ years,2030,1331.9016829188913,1291.9280182292857,1372.9735471315994
30085,MT,Ages 65+ years,2030,2113.306946817243,2083.905208722705,2143.193397304963
30087,MT,Ages 65+ years,2030,1405.2731299117966,1280.9635480088589,1529.8160948851394
30089,MT,Ages 65+ years,2030,1123.3231585019707,868.2786221889667,1387.6706127927878
30091,MT,Ages 65+ years,2030,1392.2929139350842,1360.0254132897387,1421.2711196700134
30093,MT,Ages 65+ years,2030,1929.9310651658707,1869.1152525911384,1990.7584288917922
30095,MT,Ages 65+ years,2030,1335.1765238677438,1326.4820342750006,1343.6434327765276
30097,MT,Ages 65+ years,2030,1392.2929139350842,1361.7280303533962,1424.7877044047777
30099,MT,Ages 65+ years,2030,1186.186582359822,1126.9629869883797,1255.064499702072
30101,MT,Ages 65+ years,2030,1392.2929139350842,1360.6832824218634,1427.5430162778962
30103,MT,Ages 65+ years,2030,1392.2929139350842,1361.3861084496566,1420.8529752866382
30105,MT,Ages 65+ years,2030,1312.7330867765302,1148.9406795891614,1475.5143276740398
30107,MT,Ages 65+ years,2030,1392.2929139350842,1360.6708889445679,1422.8012229512447
30109,MT,Ages 65+ years,2030,1392.2929139350842,1361.6952902328492,1423.7706824264262
30111,MT,Ages 65+ years,2030,1612.3860744522713,1566.5399123004024,1660.7886661092793
31001,NE,Ages 65+ years,2030,974.1327309617998,952.384130153185,997.0537421210881
31003,NE,Ages 65+ years,2030,1305.5720509921796,1274.0956934494736,1338.519646374836
31005,NE,Ages 65+ years,2030,1316.0492731030577,1294.5517418175655,1337.7659049629056
31007,NE,Ages 65+ years,2030,1316.0492731030577,1292.9353799483263,1338.2479456423614
31009,NE,Ages 65+ years,2030,1316.0492731030577,1292.396599452532,1339.1495734584578
31011,NE,Ages 65+ years,2030,1360.9677066216716,1352.2940422077538,1370.2927888477402
31013,NE,Ages 65+ years,2030,1280.1248551125357,1046.0414962869584,1538.496795814768
31015,NE,Ages 65+ years,2030,1316.0492731030577,1292.5049920703957,1337.2816172838518
31017,NE,Ages 65+ years,2030,1316.0492731030577,1292.200332723179,1340.628940310989
31019,NE,Ages 65+ years,2030,1125.1717479932806,821.7891595449107,1446.680636600481
31021,NE,Ages 65+ years,2030,1521.3071288612425,1456.6579662065494,1584.4613046053569
31023,NE,Ages 65+ years,2030,1434.3941373314688,1417.9167646416076,1452.3460085194445
31025,NE,Ages 65+ years,2030,1385.1171183926888,1342.199591083292,1426.4772146716696
31027,NE,Ages 65+ years,2030,1316.3277659147636,1292.63663859268,1338.4273541338648
31029,NE,Ages 65+ years,2030,1316.0492731030577,1294.280410668338,1338.911046864568
31031,NE,Ages 65+ years,2030,1096.0844732534674,1083.5784537757943,1108.069808287973
31033,NE,Ages 65+ years,2030,1029.110426239183,999.9391208794278,1054.7948174438307
31035,NE,Ages 65+ years,2030,1483.1492717702433,1359.2161774350614,1609.2564153754581
31037,NE,Ages 65+ years,2030,1072.7473728580644,1026.0158742613762,1115.8981849867523
31039,NE,Ages 65+ years,2030,1485.5814930739878,1433.6857301887126,1539.181219335807
31041,NE,Ages 65+ years,2030,1356.2786504137302,1316.883353821282,1397.4042992445375
31043,NE,Ages 65+ years,2030,1200.0096258718668,1148.7750874517653,1253.6995890678804
31045,NE,Ages 65+ years,2030,1330.5885392924092,1298.9914444957287,1361.1347215461803
31047,NE,Ages 65+ years,2030,1295.6479222091523,1134.589192606309,1452.676240914517
31049,NE,Ages 65+ years,2030,1316.0492731030577,1292.9011402310725,1339.5484138691795
31051,NE,Ages 65+ years,2030,1576.9654210095844,1514.2409311820502,1635.4901845294228
31053,NE,Ages 65+ years,2030,1275.1888667897215,1227.9752920648039,1319.504288006009
31055,NE,Ages 65+ years,2030,1203.7044907241939,1113.3870879322837,1292.327417626327
31057,NE,Ages 65+ years,2030,1316.0492731030577,1292.848102173624,1339.516222146378
31059,NE,Ages 65+ years,2030,1356.8977788157792,1325.4270570968672,1386.0283247764512
31061,NE,Ages 65+ years,2030,1316.0492731030577,1293.0114851334513,1338.1640938659623
31063,NE,Ages 65+ years,2030,1316.0492731030577,1291.6392205892548,1339.1223858224898
31065,NE,Ages 65+ years,2030,1479.8576754605015,1354.6888146523822,1610.6193227765634
31067,NE,Ages 65+ years,2030,1381.7946309126664,1354.7665294143062,1408.5687317681795
31069,NE,Ages 65+ years,2030,1316.0492731030577,1292.1392834203614,1337.4009949963338
31071,NE,Ages 65+ years,2030,1316.0492731030577,1290.8046464866954,1336.4726236402655
31073,NE,Ages 65+ years,2030,1316.0492731030577,1292.0252936951485,1339.1599567970436
31075,NE,Ages 65+ years,2030,1316.0492731030577,1293.3586425319195,1338.8276472455561
31077,NE,Ages 65+ years,2030,1316.0492731030577,1293.3747462976705,1337.1960083399538
31079,NE,Ages 65+ years,2030,1234.3142183433847,1092.10097562161,1382.1403447788148
31081,NE,Ages 65+ years,2030,978.7863688013794,960.358686409056,997.4723348634036
31083,NE,Ages 65+ years,2030,1316.0492731030577,1292.010302343986,1337.6284812078184
31085,NE,Ages 65+ years,2030,1316.0492731030577,1292.8680505113646,1340.1927378254181
31087,NE,Ages 65+ years,2030,1316.0492731030577,1292.4178184573766,1340.4823315331487
31089,NE,Ages 65+ years,2030,1427.2213836950611,1326.6510227059334,1530.3841451605615
31091,NE,Ages 65+ years,2030,1316.0492731030577,1294.4895107150567,1340.2859058302408
31093,NE,Ages 65+ years,2030,1245.2780451448837,1216.7695838384143,1274.9707403575485
31095,NE,Ages 65+ years,2030,1968.7256829019834,1948.7661590034268,1989.5681008917036
31097,NE,Ages 65+ years,2030,1316.0492731030577,1295.3842874815548,1340.815520726385
31099,NE,Ages 65+ years,2030,1062.8786187681353,843.1158764784657,1275.9958382299506
31101,NE,Ages 65+ years,2030,879.6126332538876,804.7528905377193,958.116904689286
31103,NE,Ages 65+ years,2030,1316.0492731030577,1291.843305256162,1340.9166199901724
31105,NE,Ages 65+ years,2030,1316.0492731030577,1294.800948890168,1338.0724944848441
31107,NE,Ages 65+ years,2030,1243.8535323560782,1015.2373630795164,1448.6083159172954
31109,NE,Ages 65+ years,2030,1411.7703033832026,1390.209946309613,1431.474420136056
31111,NE,Ages 65+ years,2030,1072.4634951291853,1047.9375548422677,1096.0552786407363
31113,NE,Ages 65+ years,2030,1316.0492731030577,1292.4294569168164,1339.0657779818348
31115,NE,Ages 65+ years,2030,1316.0492731030577,1294.4839167885607,1341.6391313471763
31117,NE,Ages 65+ years,2030,1316.0492731030577,1292.7437079077586,1338.846598504323
31119,NE,Ages 65+ years,2030,1617.1952316850782,1578.7284285116416,1656.7226276052816
31121,NE,Ages 65+ years,2030,1125.9366836215036,1033.059003169658,1225.8489601419972
31123,NE,Ages 65+ years,2030,1316.0492731030577,1293.5708157762099,1336.9317643284912
31125,NE,Ages 65+ years,2030,1316.0492731030577,1292.5481713813283,1340.231077306054
31127,NE,Ages 65+ years,2030,1519.8559191662912,1477.2515040262674,1561.1784331304257
31129,NE,Ages 65+ years,2030,1459.2522609717842,1365.494057165452,1550.4682951128318
31131,NE,Ages 65+ years,2030,1315.0062727781312,1294.6338286269663,1337.5640323944367
31133,NE,Ages 65+ years,2030,1316.0492731030577,1294.6738572146116,1337.0955695069285
31135,NE,Ages 65+ years,2030,1316.0492731030577,1294.078295338691,1338.7493958248722
31137,NE,Ages 65+ years,2030,1306.9520826230153,1294.880308602283,1318.0489218466446
31139,NE,Ages 65+ years,2030,1035.7341097580402,1005.4302729290279,1064.3574632475354
31141,NE,Ages 65+ years,2030,1157.4765569756623,1112.784658257568,1207.1297439990929
31143,NE,Ages 65+ years,2030,1373.7391743749934,1271.664840247466,1479.5446903739282
31145,NE,Ages 65+ years,2030,1402.4027220639668,1375.8309105025128,1429.14640827206
31147,NE,Ages 65+ years,2030,1503.6596825073632,1462.4813900710462,1544.0436464078673
31149,NE,Ages 65+ years,2030,1316.0492731030577,1292.3872202078096,1338.85459664769
31151,NE,Ages 65+ years,2030,1678.39780401784,1658.9855241690598,1698.6115910968433
31153,NE,Ages 65+ years,2030,1188.796554091925,1137.4617967644704,1237.9555434522815
31155,NE,Ages 65+ years,2030,1545.375065268899,1500.4213151364497,1594.518605325755
31157,NE,Ages 65+ years,2030,860.9026614832713,825.6407665024328,897.8022870618165
31159,NE,Ages 65+ years,2030,1334.0499336578532,1018.5752455892662,1658.3004234762852
31161,NE,Ages 65+ years,2030,1512.4984002871972,1439.6108289545507,1586.5468554762463
31163,NE,Ages 65+ years,2030,1316.0492731030577,1291.8372218642194,1338.3182325342698
31165,NE,Ages 65+ years,2030,1316.0492731030577,1291.867374002267,1340.0778101177557
31167,NE,Ages 65+ years,2030,1316.0492731030577,1294.6322761848498,1339.9663680418328
31169,NE,Ages 65+ years,2030,1529.7104901092212,1463.0939640348788,1603.7021263843578
31171,NE,Ages 65+ years,2030,1316.0492731030577,1293.3104483873508,1340.5063828531258
31173,NE,Ages 65+ years,2030,1316.0492731030577,1293.1975200021172,1340.7821182398372
31175,NE,Ages 65+ years,2030,1188.8667573289504,1160.7427327357177,1218.0140262397904
31177,NE,Ages 65+ years,2030,1282.920324830868,1244.269248098367,1320.926954932513
31179,NE,Ages 65+ years,2030,1125.1550333718524,1068.589230217248,1176.7666455598674
31181,NE,Ages 65+ years,2030,1316.0492731030577,1293.5699129479156,1339.1722438734103
31183,NE,Ages 65+ years,2030,1316.0492731030577,1293.1747914279047,1338.5724134080554
31185,NE,Ages 65+ years,2030,1136.9574670337802,942.585675885932,1316.2967215786334
32001,NV,Ages 65+ years,2030,1969.2152251275536,1887.2657328958321,2058.6130676238236
32003,NV,Ages 65+ years,2030,1666.855915291696,1617.493107739769,1714.098171588994
32005,NV,Ages 65+ years,2030,1396.4726597484625,1348.4212046388236,1444.8355631410288
32007,NV,Ages 65+ years,2030,1274.9934814535593,1140.2988556580633,1401.0343141929197
32009,NV,Ages 65+ years,2030,1751.2615707021682,1685.9029736845866,1815.0624587520156
32011,NV,Ages 65+ years,2030,1751.2615707021682,1683.1386166866919,1813.2461269915298
32013,NV,Ages 65+ years,2030,1288.5507451608037,1267.5378677823642,1309.5078519874728
32015,NV,Ages 65+ years,2030,1751.2615707021682,1690.36804622932,1813.61098839757
32017,NV,Ages 65+ years,2030,1751.2615707021682,1684.6649030847943,1815.5528926956363
32019,NV,Ages 65+ years,2030,1956.7465986962209,1885.047744278705,2030.9474464904165
32021,NV,Ages 65+ years,2030,1641.0717950353594,1557.7881314720655,1717.8105224252527
32023,NV,Ages 65+ years,2030,2211.784650355127,2128.6039988205002,2289.8781727492446
32027,NV,Ages 65+ years,2030,1751.2615707021682,1683.7305972276174,1815.277353206235
32029,NV,Ages 65+ years,2030,1751.2615707021682,1680.449151406351,1811.0185228733721
32031,NV,Ages 65+ years,2030,1706.6326159992263,1589.7875509484577,1833.7704098993686
32033,NV,Ages 65+ years,2030,1256.861319490024,1211.8647150562542,1298.2697512932086
32510,NV,Ages 65+ years,2030,2917.559767979461,2720.709410348071,3104.2709263644415
33001,NH,Ages 65+ years,2030,1278.3099021315961,1126.3721778337679,1424.8422795390827
33003,NH,Ages 65+ years,2030,1262.6356758238157,1249.3760282603462,1276.8685141866683
33005,NH,Ages 65+ years,2030,1124.9982470839307,1087.7265677906446,1161.3373388372322
33007,NH,Ages 65+ years,2030,1573.1367700187516,1562.6478834881063,1583.7409024812068
33009,NH,Ages 65+ years,2030,1269.9582756394527,1213.5126916737363,1326.1094797074963
33011,NH,Ages 65+ years,2030,1124.5044126120881,1029.6781583016311,1219.6725147317784
33013,NH,Ages 65+ years,2030,1079.200442212932,981.511289804741,1168.9503776920744
33015,NH,Ages 65+ years,2030,1188.9175696167217,1041.879994953445,1342.016038158372
33017,NH,Ages 65+ years,2030,1359.6475403401057,1330.6703311190913,1389.2803375372891
33019,NH,Ages 65+ years,2030,1041.346914886429,1023.809613236783,1061.098802272789
34001,NJ,Ages 65+ years,2030,1619.1782372715325,1595.646360139687,1644.2165704137617
34003,NJ,Ages 65+ years,2030,1181.8457337248126,1091.2439535677152,1283.1004313160224
34005,NJ,Ages 65+ years,2030,1675.8354642255238,1581.9202336074259,1762.9689203103912
34007,NJ,Ages 65+ years,2030,1579.959693330316,1472.5124330896015,1695.8522538364641
34009,NJ,Ages 65+ years,2030,1718.0629899524922,1657.075935061285,1776.1977818136224
34011,NJ,Ages 65+ years,2030,1945.789228009479,1899.6665053151878,1998.1681188163664
34013,NJ,Ages 65+ years,2030,980.8934547987961,914.5587958587378,1049.2993207980746
34015,NJ,Ages 65+ years,2030,1805.5092765825375,1740.0582457772166,1866.7319830102867
34017,NJ,Ages 65+ years,2030,746.4786451530168,682.6585114839347,813.6880219234412
34019,NJ,Ages 65+ years,2030,999.4686716799717,951.8604726904059,1049.730808546238
34021,NJ,Ages 65+ years,2030,1392.2174726169967,1257.4791503392232,1527.9687596713495
34023,NJ,Ages 65+ years,2030,1149.978082214551,1073.7656052772495,1227.3444129704285
34025,NJ,Ages 65+ years,2030,1418.836749839931,1370.3227841253067,1463.9459149202933
34027,NJ,Ages 65+ years,2030,1115.7447370179088,1050.1786775179996,1181.0449608351764
34029,NJ,Ages 65+ years,2030,1736.688722459447,1651.3039759153053,1820.6923192077102
34031,NJ,Ages 65+ years,2030,1129.836015927498,1066.5074071421734,1188.7897046406172
34033,NJ,Ages 65+ years,2030,1986.7166775457547,1920.00204081943,2047.2727327363293
34035,NJ,Ages 65+ years,2030,1048.7510226410507,1028.3514571122748,1070.025890957292
34037,NJ,Ages 65+ years,2030,1411.968424192398,1358.707901590858,1472.0109499381135
34039,NJ,Ages 65+ years,2030,1338.228241998912,1230.9596766795303,1444.224538021384
34041,NJ,Ages 65+ years,2030,1370.4323102951782,1339.3977797186342,1401.0540578897462
35001,NM,Ages 65+ years,2030,1577.5825837082562,1367.4059146253442,1752.152925184447
35003,NM,Ages 65+ years,2030,1172.4141520834353,1116.1327810599066,1231.9630966868167
35005,NM,Ages 65+ years,2030,2171.659691065546,2128.092251965141,2216.927958989483
35006,NM,Ages 65+ years,2030,1392.1124423790911,1354.2973527410509,1428.0495236914521
35007,NM,Ages 65+ years,2030,958.6742710153935,927.7878243857161,991.6496671535572
35009,NM,Ages 65+ years,2030,1499.8755473308984,1396.0212149968897,1604.7508076573197
35011,NM,Ages 65+ years,2030,1336.6833172912616,1297.828512496663,1381.4236574898794
35013,NM,Ages 65+ years,2030,1271.3165640437544,1222.8291361597087,1317.9660244761133
35015,NM,Ages 65+ years,2030,1677.5200197756692,1619.8839095820067,1732.6842402077116
35017,NM,Ages 65+ years,2030,1162.177016193016,1123.965243705312,1194.8397013129627
35019,NM,Ages 65+ years,2030,1336.6833172912616,1293.0763250520033,1377.5609877963625
35021,NM,Ages 65+ years,2030,1336.6833172912616,1292.6187241668526,1378.9303575047522
35023,NM,Ages 65+ years,2030,1336.6833172912616,1294.1415525246794,1377.7283808876257
35025,NM,Ages 65+ years,2030,1537.062516285838,1513.546198275243,1563.3554807966852
35027,NM,Ages 65+ years,2030,1095.5121809714085,1051.7509201711823,1136.770095321982
35028,NM,Ages 65+ years,2030,1079.2081284974329,1069.8326163015715,1089.2410120496002
35029,NM,Ages 65+ years,2030,1998.764218388935,1916.3097096456615,2091.071008432546
35031,NM,Ages 65+ years,2030,1242.7725278224266,1216.9795501882463,1266.4937984115286
35033,NM,Ages 65+ years,2030,1336.6833172912616,1295.2003308634985,1376.7868563343582
35035,NM,Ages 65+ years,2030,1486.3543922960334,1421.4396021546092,1555.9966210853206
35037,NM,Ages 65+ years,2030,1681.0360368760146,1547.4038721062166,1819.121917780712
35039,NM,Ages 65+ years,2030,1142.3126483653352,1115.3601218619633,1171.4713125611572
35041,NM,Ages 65+ years,2030,1224.2767100419626,1181.5385678246228,1269.3747461767105
35043,NM,Ages 65+ years,2030,1437.931089385909,1379.1222904080732,1497.4928123882432
35045,NM,Ages 65+ years,2030,1216.8457041126942,1203.4401473448795,1230.1243112334541
35047,NM,Ages 65+ years,2030,853.01228048363,826.1173400827836,883.3018666378318
35049,NM,Ages 65+ years,2030,817.0089778332925,731.3277763802115,904.3186807689548
35051,NM,Ages 65+ years,2030,1547.3278537503445,1482.8767309887385,1616.0908653662655
35053,NM,Ages 65+ years,2030,1267.774658063682,1233.2691032695225,1307.835647754969
35055,NM,Ages 65+ years,2030,693.4665988519994,671.6499683733971,714.8113619752878
35057,NM,Ages 65+ years,2030,1310.2087740644847,1248.8380222467797,1370.1209429164064
35059,NM,Ages 65+ years,2030,1336.6833172912616,1294.7516358447947,1377.5023595762943
35061,NM,Ages 65+ years,2030,1166.8917101210852,1157.8820611440688,1176.014594503161
36001,NY,Ages 65+ years,2030,1092.5764916480696,1060.339697921333,1121.8452437657866
36003,NY,Ages 65+ years,2030,853.1355966097714,830.1037030712544,875.3599084470815
36005,NY,Ages 65+ years,2030,1450.226869306832,1328.143748634237,1568.811737937143
36007,NY,Ages 65+ years,2030,1120.7636088280412,1062.2103612808537,1180.1558748674631
36009,NY,Ages 65+ years,2030,853.4627101050982,746.3240630312268,970.5830346517554
36011,NY,Ages 65+ years,2030,1437.3363342498612,1419.787648406543,1453.991793622385
36013,NY,Ages 65+ years,2030,1062.743592452082,1031.3592760706035,1092.5265837493566
36015,NY,Ages 65+ years,2030,1541.0713515560158,1508.2830271342123,1576.393436208415
36017,NY,Ages 65+ years,2030,1733.8137020656732,1700.592812430021,1768.6999652684547
36019,NY,Ages 65+ years,2030,1372.7244522282463,1314.3837412293717,1425.8507718579574
36021,NY,Ages 65+ years,2030,865.188325531247,825.8711334882496,902.0588944261123
36023,NY,Ages 65+ years,2030,1175.9517548252309,1132.197486802673,1221.841069953446
36025,NY,Ages 65+ years,2030,1331.0310255412674,1240.5836340221024,1415.1048468376714
36027,NY,Ages 65+ years,2030,1264.4837958559353,1244.4186613126622,1284.4635750860205
36029,NY,Ages 65+ years,2030,1137.016263870307,1105.9332816531044,1168.4058118069984
36031,NY,Ages 65+ years,2030,1212.4976263479143,1149.1694498136462,1275.4413364434383
36033,NY,Ages 65+ years,2030,943.5196375097534,869.6785698941766,1014.6448084114936
36035,NY,Ages 65+ years,2030,1150.0266146758868,1012.8738261643341,1272.904713655481
36037,NY,Ages 65+ years,2030,967.674639269626,959.0525409047508,977.0645965359117
36039,NY,Ages 65+ years,2030,1252.9941177515923,1106.4181131535306,1402.455279471602
36041,NY,Ages 65+ years,2030,1116.5275370338773,1075.4644720167182,1155.7342076312996
36043,NY,Ages 65+ years,2030,1028.6469196212508,996.0698272402509,1059.6814761306814
36045,NY,Ages 65+ years,2030,1129.63711956639,1020.29689585768,1243.4201291702423
36047,NY,Ages 65+ years,2030,1494.2517977143902,1378.5485029988286,1618.0146127205567
36049,NY,Ages 65+ years,2030,1072.8391219556552,1050.3279080585155,1093.4851425018123
36051,NY,Ages 65+ years,2030,1040.7729100127258,1007.077637026491,1075.0136102820647
36053,NY,Ages 65+ years,2030,876.9574654714696,861.1101245352031,894.1062507622376
36055,NY,Ages 65+ years,2030,781.1903573962921,702.3159694847272,864.3885822167633
36057,NY,Ages 65+ years,2030,1329.8864187897784,1257.8484320013656,1401.6842703925633
36059,NY,Ages 65+ years,2030,1476.0616734266887,1361.2723566863244,1592.661639699465
36061,NY,Ages 65+ years,2030,879.0722783989114,813.617810527187,941.3115187865035
36063,NY,Ages 65+ years,2030,1363.2727207211926,1334.9596405132643,1394.9585974596594
36065,NY,Ages 65+ years,2030,1018.0821384784933,943.6495774472143,1094.7638320895678
36067,NY,Ages 65+ years,2030,1268.0167510793744,1245.6210744843156,1291.4256805163773
36069,NY,Ages 65+ years,2030,777.1146414232903,589.894638892821,975.413467175156
36071,NY,Ages 65+ years,2030,1138.5963447338327,1104.421763769725,1173.88628691056
36073,NY,Ages 65+ years,2030,1146.625511475594,1044.8286323872462,1249.7391876583556
36075,NY,Ages 65+ years,2030,1229.7450297284536,1176.4403767593353,1281.506006988338
36077,NY,Ages 65+ years,2030,1272.7826734092012,1238.2721532775126,1304.3415821771018
36079,NY,Ages 65+ years,2030,1219.2416540123113,1123.766027956941,1313.4820829518972
36081,NY,Ages 65+ years,2030,1346.0880790730457,1256.726142613232,1447.6261287308503
36083,NY,Ages 65+ years,2030,1077.3251891666207,1034.1019402744298,1119.3471665065715
36085,NY,Ages 65+ years,2030,2083.4638383709794,1849.4643793915359,2355.4430423788176
36087,NY,Ages 65+ years,2030,1103.217256846941,989.8726436689811,1218.0781085612252
36089,NY,Ages 65+ years,2030,1069.7827776092536,1047.5328435919998,1091.9914104213976
36091,NY,Ages 65+ years,2030,966.0045422716115,877.2817989421006,1055.5554173320684
36093,NY,Ages 65+ years,2030,1189.9279911507856,1084.3264049503578,1296.2460867134193
36095,NY,Ages 65+ years,2030,953.4468967706424,940.5255099377622,966.6757341941442
36097,NY,Ages 65+ years,2030,1387.7883379958455,1273.876019292988,1498.9550855073107
36099,NY,Ages 65+ years,2030,1083.6111884316042,1072.0968205473246,1096.309831353825
36101,NY,Ages 65+ years,2030,1264.8068075598821,1229.3727029397871,1301.6836160998319
36103,NY,Ages 65+ years,2030,1307.2475482490556,1145.1019179271814,1458.7848873032137
36105,NY,Ages 65+ years,2030,989.3002479960746,911.6906477757497,1063.017560752676
36107,NY,Ages 65+ years,2030,1107.05337948689,1079.2209712386757,1134.4166307612409
36109,NY,Ages 65+ years,2030,820.271007473052,767.6054486691493,868.4419427187702
36111,NY,Ages 65+ years,2030,1234.6877970891333,1178.6574522372846,1287.1836161136862
36113,NY,Ages 65+ years,2030,1245.887210747158,1222.779193289024,1268.9075075772312
36115,NY,Ages 65+ years,2030,1549.5445328575638,1480.625325261064,1623.203856268223
36117,NY,Ages 65+ years,2030,972.0532514648615,861.1000692139154,1077.6762082021803
36119,NY,Ages 65+ years,2030,1088.6794007029243,1044.3214535423504,1133.4136439316524
36121,NY,Ages 65+ years,2030,1268.546549337899,1211.676796543492,1327.4585485784899
36123,NY,Ages 65+ years,2030,1136.2508338593616,1095.1002491388583,1175.6402608063133
37001,NC,Ages 65+ years,2030,1583.0080313178087,1492.4189267422046,1672.2564234748359
37003,NC,Ages 65+ years,2030,1186.2480502549347,1114.1037665706453,1250.9391666233055
37005,NC,Ages 65+ years,2030,1186.8829837690926,1099.034561712401,1276.1706495865376
37007,NC,Ages 65+ years,2030,1454.1401524650773,1405.3264087695027,1501.0973097103754
37009,NC,Ages 65+ years,2030,1194.7038517871072,1114.2624041937152,1275.1829893827876
37011,NC,Ages 65+ years,2030,1337.088121924818,1269.0835270799607,1406.9000815290299
37013,NC,Ages 65+ years,2030,1265.5942183768893,1179.0661780412997,1356.0164833833483
37015,NC,Ages 65+ years,2030,1192.6133268264755,1100.3982601086816,1286.2157340001088
37017,NC,Ages 65+ years,2030,1129.2587792197114,1067.5013808936021,1186.0813494113877
37019,NC,Ages 65+ years,2030,718.0344690990095,645.5708127563526,793.0487115764739
37021,NC,Ages 65+ years,2030,1414.9526545542897,1363.7205932030297,1462.639517448294
37023,NC,Ages 65+ years,2030,1174.2511140635531,1103.305319199584,1243.2111045293423
37025,NC,Ages 65+ years,2030,1236.8040233768331,1186.0329889730176,1284.8518991867047
37027,NC,Ages 65+ years,2030,1364.801555654036,1324.0550376264143,1406.984545164298
37029,NC,Ages 65+ years,2030,1783.3768188757128,1710.136790618458,1855.6672710996836
37031,NC,Ages 65+ years,2030,1090.2840998053225,1073.7277665192782,1106.6167560170325
37033,NC,Ages 65+ years,2030,1282.0187114232085,1227.8883372030557,1341.1117554054265
37035,NC,Ages 65+ years,2030,1175.2836771425677,1107.0819774878912,1238.1509453025308
37037,NC,Ages 65+ years,2030,993.4692619959044,909.3664186752836,1076.2228771020577
37039,NC,Ages 65+ years,2030,1184.6374318599899,1126.382167423759,1242.6808275733747
37041,NC,Ages 65+ years,2030,1734.190198351219,1657.5219641899687,1818.9056854430096
37043,NC,Ages 65+ years,2030,1224.5983734899935,1179.914837859417,1267.8248940296291
37045,NC,Ages 65+ years,2030,1355.68698754489,1152.1218041153568,1585.7437067588378
37047,NC,Ages 65+ years,2030,1567.5648838737864,1460.529021125613,1660.9236066968738
37049,NC,Ages 65+ years,2030,1420.0964329779156,1340.4011983766159,1501.5413674160495
37051,NC,Ages 65+ years,2030,1137.6070813118552,1100.6597759317647,1174.6945977413548
37053,NC,Ages 65+ years,2030,1744.7600961692592,1711.4318496266067,1784.1582762654393
37055,NC,Ages 65+ years,2030,994.4761127494287,945.4744194904433,1046.8029301442928
37057,NC,Ages 65+ years,2030,1301.9069631877373,1223.1570312071815,1376.6146218196877
37059,NC,Ages 65+ years,2030,1293.7260723918466,1241.3287624506563,1344.4773402621674
37061,NC,Ages 65+ years,2030,1316.603505354551,1220.8589983460076,1403.147134593513
37063,NC,Ages 65+ years,2030,982.3435968382724,938.8379544002607,1027.208630284308
37065,NC,Ages 65+ years,2030,2052.062875418756,1969.9515533619963,2131.1791001945858
37067,NC,Ages 65+ years,2030,1255.8187354732388,1221.7392665474688,1287.2622316701982
37069,NC,Ages 65+ years,2030,1537.238709042793,1480.2147481278914,1593.9354035245917
37071,NC,Ages 65+ years,2030,1225.8176610804135,1188.3787697514542,1259.0007359772426
37073,NC,Ages 65+ years,2030,1312.3015920898608,1249.6708248188227,1370.0260573434466
37075,NC,Ages 65+ years,2030,1390.6222865407772,1282.098103040212,1497.8730329704663
37077,NC,Ages 65+ years,2030,1418.8287583079061,1340.376130365873,1500.9257010191816
37079,NC,Ages 65+ years,2030,1848.3911568686876,1781.177742182458,1918.4665914736609
37081,NC,Ages 65+ years,2030,1169.5774418881317,1134.8430644559553,1202.3608220789815
37083,NC,Ages 65+ years,2030,1559.7071989351796,1476.552009058301,1650.6651223524755
37085,NC,Ages 65+ years,2030,1369.8907142528262,1350.6683132894925,1386.0266287019376
37087,NC,Ages 65+ years,2030,1278.2184175817433,1209.788546110323,1347.2542198007602
37089,NC,Ages 65+ years,2030,1206.0673322965722,1162.5204364111225,1252.5273699537006
37091,NC,Ages 65+ years,2030,1369.4540650500705,1305.0504321701214,1431.1437671849499
37093,NC,Ages 65+ years,2030,1535.0910657642562,1478.7595624750536,1594.0954634672428
37095,NC,Ages 65+ years,2030,1404.885327512846,1341.973172926043,1466.1499596384233
37097,NC,Ages 65+ years,2030,1432.8701045769778,1330.6701593489324,1537.7896412120238
37099,NC,Ages 65+ years,2030,1103.8938271030054,1047.4096141083858,1160.5869402397716
37101,NC,Ages 65+ years,2030,1380.5783603375742,1321.618279114233,1446.2486050254017
37103,NC,Ages 65+ years,2030,1369.4669653777996,1332.1669180656695,1406.6390751674535
37105,NC,Ages 65+ years,2030,1283.2421512048318,1203.7379521768903,1365.3745739627996
37107,NC,Ages 65+ years,2030,2300.6011490474048,2214.5382508046177,2377.9535161088857
37109,NC,Ages 65+ years,2030,1089.757762483772,1017.1689558878508,1165.640098796845
37111,NC,Ages 65+ years,2030,1201.6543007986197,1148.1725820174934,1254.7584800134302
37113,NC,Ages 65+ years,2030,1204.435004170243,1115.727932451173,1288.6769910601656
37115,NC,Ages 65+ years,2030,1476.6894976446522,1397.8494331311997,1566.6678029536104
37117,NC,Ages 65+ years,2030,1489.7780284108399,1348.5254086050377,1643.1803479647767
37119,NC,Ages 65+ years,2030,1123.350545246995,1082.534235273432,1165.9582269098291
37121,NC,Ages 65+ years,2030,1592.6015713390739,1459.429488048479,1724.0325060219868
37123,NC,Ages 65+ years,2030,1356.1400706887598,1325.0738032412296,1386.0926228156031
37125,NC,Ages 65+ years,2030,1115.9058831307495,1094.0644419304267,1137.4625422438835
37127,NC,Ages 65+ years,2030,1954.6890150979082,1826.529087014376,2082.743429788103
37129,NC,Ages 65+ years,2030,1073.539829447849,1030.1947385314859,1112.9863276579326
37131,NC,Ages 65+ years,2030,1137.8553683927591,1071.7400096931894,1202.3275273286174
37133,NC,Ages 65+ years,2030,1601.6108077865197,1441.519821534831,1758.2192108131933
37135,NC,Ages 65+ years,2030,811.6532119461289,755.304497977806,870.7303523165034
37137,NC,Ages 65+ years,2030,1420.440284937515,1349.406822709961,1503.6034644258968
37139,NC,Ages 65+ years,2030,2245.7602170027108,2183.1687214103886,2305.532706479472
37141,NC,Ages 65+ years,2030,1321.5542901430683,1266.3449415044918,1373.722806701615
37143,NC,Ages 65+ years,2030,1588.6287269079949,1533.4868423064154,1643.4659946781692
37145,NC,Ages 65+ years,2030,1250.0818215091742,1138.7449057752513,1351.7115807972466
37147,NC,Ages 65+ years,2030,1584.3707172506618,1508.6279516524842,1660.769654083008
37149,NC,Ages 65+ years,2030,1230.3751942656088,1189.8507735182382,1272.7901934252513
37151,NC,Ages 65+ years,2030,1823.5673885223368,1776.43367723854,1871.2240655101853
37153,NC,Ages 65+ years,2030,1902.8559631592261,1862.6837268466975,1943.8339941923498
37155,NC,Ages 65+ years,2030,1705.4363362313622,1692.8980476463923,1718.274996891565
37157,NC,Ages 65+ years,2030,1479.3535075892903,1408.7916590711773,1547.3119096448588
37159,NC,Ages 65+ years,2030,1804.7973181624177,1707.6173870841199,1894.3283091363999
37161,NC,Ages 65+ years,2030,1519.7364767046893,1412.5917663235698,1627.710935921149
37163,NC,Ages 65+ years,2030,1510.4851961913903,1390.4211970326833,1629.8184770882347
37165,NC,Ages 65+ years,2030,1663.9082574651632,1598.190842474538,1728.8877278449538
37167,NC,Ages 65+ years,2030,1677.258282786962,1630.8323742482999,1720.9944125685452
37169,NC,Ages 65+ years,2030,1171.218268154144,1151.594209612172,1190.80130897637
37171,NC,Ages 65+ years,2030,1409.9674614155163,1317.6414456084997,1492.256485059211
37173,NC,Ages 65+ years,2030,1474.2586049414638,1361.8371530239774,1576.4831136143002
37175,NC,Ages 65+ years,2030,933.302416315667,857.8931049147988,1011.403997069653
37177,NC,Ages 65+ years,2030,1404.885327512846,1338.6700468440872,1462.1044826297605
37179,NC,Ages 65+ years,2030,870.2873768581001,824.622934673677,918.3220087291323
37181,NC,Ages 65+ years,2030,1534.5831077373,1455.429835155096,1617.2969166764883
37183,NC,Ages 65+ years,2030,1255.46107535929,1205.618960063137,1312.8364702869624
37185,NC,Ages 65+ years,2030,1304.3326289340212,1256.34778356554,1349.6882006376202
37187,NC,Ages 65+ years,2030,1165.7620628037364,1020.542672577159,1302.452314984012
37189,NC,Ages 65+ years,2030,1079.110218883317,1008.5452859087058,1154.030590898712
37191,NC,Ages 65+ years,2030,2081.7953403780098,2033.1009961964883,2133.872597759468
37193,NC,Ages 65+ years,2030,1341.7391775645024,1240.596387395773,1435.2946195266231
37195,NC,Ages 65+ years,2030,1839.3292114755009,1741.2550012236338,1945.6101314873672
37197,NC,Ages 65+ years,2030,1408.5711079080456,1324.345316573699,1495.541978941164
37199,NC,Ages 65+ years,2030,1220.4150283854653,1148.7885930991522,1292.6569115049026
38001,ND,Ages 65+ years,2030,1228.0716929812816,1188.4267243570318,1263.7075400169792
38003,ND,Ages 65+ years,2030,963.946027262968,686.0066037151603,1273.9303547949191
38005,ND,Ages 65+ years,2030,1228.0716929812816,1187.1204293237727,1264.7349982025755
38007,ND,Ages 65+ years,2030,1228.0716929812816,1191.7495560148545,1267.471628783178
38009,ND,Ages 65+ years,2030,1519.2191637410776,1491.0611832537088,1547.6093655373081
38011,ND,Ages 65+ years,2030,1228.0716929812816,1188.1483167114845,1267.4316102634796
38013,ND,Ages 65+ years,2030,1228.0716929812816,1190.4468084404225,1266.8004913471602
38015,ND,Ages 65+ years,2030,1119.9872253431006,1073.5210796536549,1166.3967909977064
38017,ND,Ages 65+ years,2030,1035.6593495739014,1018.7762629963864,1051.9296871212405
38019,ND,Ages 65+ years,2030,818.2911861446495,748.5135284625231,882.0811580323843
38021,ND,Ages 65+ years,2030,1234.5875172877263,1205.696780593334,1263.2301571147018
38023,ND,Ages 65+ years,2030,1228.0716929812816,1193.7586577157526,1266.5222455780308
38025,ND,Ages 65+ years,2030,1228.0716929812816,1192.182441459531,1267.4853834024402
38027,ND,Ages 65+ years,2030,1228.0716929812816,1194.1477384190366,1266.8594833110258
38029,ND,Ages 65+ years,2030,1228.0716929812816,1191.0251917134003,1265.627585988949
38031,ND,Ages 65+ years,2030,1228.0716929812816,1188.2425067608535,1266.6520389788764
38033,ND,Ages 65+ years,2030,1228.0716929812816,1189.6784897651055,1267.8144887969836
38035,ND,Ages 65+ years,2030,1150.932180909014,1114.3753530568351,1191.9560815639904
38037,ND,Ages 65+ years,2030,1228.0716929812816,1191.1422160768839,1264.657249487812
38039,ND,Ages 65+ years,2030,1228.0716929812816,1192.3767461655207,1266.331608967898
38041,ND,Ages 65+ years,2030,1228.0716929812816,1189.9194989154416,1262.655578033799
38043,ND,Ages 65+ years,2030,1228.0716929812816,1189.8943718127434,1265.8045612058318
38045,ND,Ages 65+ years,2030,749.5073467131488,689.9641920494096,810.6526854648775
38047,ND,Ages 65+ years,2030,1228.0716929812816,1187.7638118398565,1263.2810218574123
38049,ND,Ages 65+ years,2030,1201.5754877174797,1163.3229512792784,1237.9106553985575
38051,ND,Ages 65+ years,2030,1228.0716929812816,1190.9092893222683,1264.988152482947
38053,ND,Ages 65+ years,2030,1228.0716929812816,1192.258230670312,1264.722815727636
38055,ND,Ages 65+ years,2030,1123.1515562358632,1081.5004030109053,1169.6251885947397
38057,ND,Ages 65+ years,2030,972.1632780077344,963.4491150972043,979.7404227223159
38059,ND,Ages 65+ years,2030,1460.7159003772022,1341.6363330299264,1576.5179512108602
38061,ND,Ages 65+ years,2030,1939.0310637180603,1895.6578858725836,1981.9649814815502
38063,ND,Ages 65+ years,2030,1228.0716929812816,1190.4785020005663,1269.409205791377
38065,ND,Ages 65+ years,2030,1228.0716929812816,1190.4108433360432,1267.4356056602137
38067,ND,Ages 65+ years,2030,918.0549467027427,857.1369264270087,981.7430372415494
38069,ND,Ages 65+ years,2030,1228.0716929812816,1186.3815527028733,1263.1343911734598
38071,ND,Ages 65+ years,2030,1589.637154493795,1537.996242255447,1633.9366718666288
38073,ND,Ages 65+ years,2030,1540.6432159200608,1509.9305668696227,1572.2972438777776
38075,ND,Ages 65+ years,2030,1228.0716929812816,1185.9000499787487,1264.4904206260314
38077,ND,Ages 65+ years,2030,1083.1748215457817,958.3282581206174,1202.1377265230217
38079,ND,Ages 65+ years,2030,1855.2953645873724,1780.0157811111026,1929.63551140239
38081,ND,Ages 65+ years,2030,1228.0716929812816,1191.613679719256,1265.2863616879695
38083,ND,Ages 65+ years,2030,1228.0716929812816,1190.1508705907954,1263.223731000664
38085,ND,Ages 65+ years,2030,1228.0716929812816,1190.196009643571,1261.4544877478606
38087,ND,Ages 65+ years,2030,1228.0716929812816,1192.3572707674766,1263.9147189924029
38089,ND,Ages 65+ years,2030,963.0107503392422,939.6530455493283,986.409005170463
38091,ND,Ages 65+ years,2030,1228.0716929812816,1189.506115465824,1265.0657068212627
38093,ND,Ages 65+ years,2030,1278.9198145681596,1265.7617609918836,1291.8555462428214
38095,ND,Ages 65+ years,2030,1228.0716929812816,1192.3278230715352,1269.6286061700669
38097,ND,Ages 65+ years,2030,1258.9888446053424,1237.6859908547876,1281.4893096514324
38099,ND,Ages 65+ years,2030,1288.651046655655,1071.420638803214,1534.6473612328957
38101,ND,Ages 65+ years,2030,980.633006938909,917.3283413888262,1049.2016412486616
38103,ND,Ages 65+ years,2030,1197.4884061650068,983.9303241920823,1413.6991472327384
38105,ND,Ages 65+ years,2030,1299.4445828554535,1253.806461579943,1342.839272385929
39001,OH,Ages 65+ years,2030,2032.1955816052375,1957.6195906807068,2105.18443408014
39003,OH,Ages 65+ years,2030,1891.4504691520779,1802.154162661794,1978.316507950219
39005,OH,Ages 65+ years,2030,1868.7546546710598,1793.9816595190548,1946.1795726564756
39007,OH,Ages 65+ years,2030,1920.7789372471293,1831.3480231603353,2007.6509136349234
39009,OH,Ages 65+ years,2030,1295.29992029347,1194.9444128600808,1405.0077678423875
39011,OH,Ages 65+ years,2030,2294.647393037937,2138.4383518797817,2462.826499557792
39013,OH,Ages 65+ years,2030,1647.0019999631847,1488.8268546497534,1799.1160721398912
39015,OH,Ages 65+ years,2030,2053.138619142307,1989.8414466515576,2117.7483830924602
39017,OH,Ages 65+ years,2030,1851.1988292871672,1775.521444669151,1934.8629490956869
39019,OH,Ages 65+ years,2030,1847.2231559910163,1780.0946105170483,1916.8850141991613
39021,OH,Ages 65+ years,2030,1813.3928132349627,1722.7090190479846,1895.0660685646342
39023,OH,Ages 65+ years,2030,2079.5968916869156,2019.875546891182,2139.481107251304
39025,OH,Ages 65+ years,2030,1462.9205795597566,1440.082000880151,1483.9768476462739
39027,OH,Ages 65+ years,2030,1778.7598826619196,1712.0859747101151,1856.267935775752
39029,OH,Ages 65+ years,2030,1548.4788321266205,1529.0167641951957,1567.6648381808016
39031,OH,Ages 65+ years,2030,1934.6520199580439,1842.775151834489,2026.079586186131
39033,OH,Ages 65+ years,2030,1882.7247439436912,1859.5230070043556,1904.8054885297702
39035,OH,Ages 65+ years,2030,1735.2952607913492,1663.3675547582707,1799.6498004848772
39037,OH,Ages 65+ years,2030,2009.237361270702,1943.3752265394564,2069.699032926831
39039,OH,Ages 65+ years,2030,1796.1530868862951,1685.589054314724,1906.3124326174511
39041,OH,Ages 65+ years,2030,1543.4899648381104,1462.127136904842,1628.9607576703845
39043,OH,Ages 65+ years,2030,1995.7679479944352,1907.3397291951603,2079.828945562535
39045,OH,Ages 65+ years,2030,1801.200552118663,1719.7677366707344,1880.3378686748358
39047,OH,Ages 65+ years,2030,2080.6245862320784,2019.3069661509383,2139.9620685625146
39049,OH,Ages 65+ years,2030,1453.4290095698927,1426.5343451688975,1481.0238451412552
39051,OH,Ages 65+ years,2030,1301.4638744969147,1265.6836343893897,1336.4224955749821
39053,OH,Ages 65+ years,2030,1575.3314501846328,1526.0239734569077,1626.2673841359776
39055,OH,Ages 65+ years,2030,1232.3311243180854,1165.719754478186,1296.372937423336
39057,OH,Ages 65+ years,2030,1936.0884300180828,1746.3925531800846,2123.5881855112543
39059,OH,Ages 65+ years,2030,1980.6105927870797,1893.5566122087307,2070.7262347590295
39061,OH,Ages 65+ years,2030,1775.3993283939017,1717.7761373129028,1829.98266736647
39063,OH,Ages 65+ years,2030,1246.275811997739,1190.765892294454,1306.264217957425
39065,OH,Ages 65+ years,2030,1689.1529677394003,1617.3031221647382,1753.9498284034878
39067,OH,Ages 65+ years,2030,1795.204775144355,1697.5697983029625,1907.0087564770377
39069,OH,Ages 65+ years,2030,1588.0168546814273,1541.1108588872796,1638.5402480609976
39071,OH,Ages 65+ years,2030,1578.3054745138488,1546.7077287149841,1607.671438733953
39073,OH,Ages 65+ years,2030,1661.4314963116283,1570.7465852919147,1751.4507481328653
39075,OH,Ages 65+ years,2030,1948.9829940028267,1881.7229533208967,2012.3970636433069
39077,OH,Ages 65+ years,2030,1947.802978853762,1885.7560160416915,2014.7165271960562
39079,OH,Ages 65+ years,2030,1865.372580584697,1821.9146678323243,1909.8728307517517
39081,OH,Ages 65+ years,2030,1793.9865920617615,1595.296916187307,1999.3939836813538
39083,OH,Ages 65+ years,2030,1746.3394661797106,1691.494232214962,1799.2273296127582
39085,OH,Ages 65+ years,2030,1709.0067001277146,1618.9407939218206,1791.9494032996774
39087,OH,Ages 65+ years,2030,1612.9992418612153,1548.2086949541726,1668.8515887555
39089,OH,Ages 65+ years,2030,1632.7356413934294,1581.6957519765242,1682.705556143789
39091,OH,Ages 65+ years,2030,2043.7863392551042,2004.4740697065768,2084.0700045984536
39093,OH,Ages 65+ years,2030,1396.2421268970202,1312.0885404097448,1474.4480760360968
39095,OH,Ages 65+ years,2030,1832.0464513896832,1762.2287544138264,1902.0791656542517
39097,OH,Ages 65+ years,2030,1691.204673374678,1603.2602333816856,1782.0055628458772
39099,OH,Ages 65+ years,2030,1838.0643040090115,1806.40165676409,1869.6610777484616
39101,OH,Ages 65+ years,2030,1698.3076686528775,1683.5358479444856,1713.3644009499367
39103,OH,Ages 65+ years,2030,1354.011419775398,1327.4409683994631,1384.2790207959113
39105,OH,Ages 65+ years,2030,1593.942203448716,1513.9720739905617,1673.9531120952456
39107,OH,Ages 65+ years,2030,2584.2298249722653,2512.0248683600707,2657.184552569158
39109,OH,Ages 65+ years,2030,2280.8803175395706,2184.4899299705526,2381.946982699186
39111,OH,Ages 65+ years,2030,1375.824276015332,1284.0129728256622,1460.1823135972738
39113,OH,Ages 65+ years,2030,2376.632260183526,2197.774736758014,2544.961474189223
39115,OH,Ages 65+ years,2030,1222.808343461959,1134.4974834442276,1323.263495346024
39117,OH,Ages 65+ years,2030,1684.5146943026616,1642.9908987232604,1722.652639905056
39119,OH,Ages 65+ years,2030,1308.9340817228626,1258.203798906393,1359.4996637849881
39121,OH,Ages 65+ years,2030,855.5914128716288,792.6633778455006,921.0122665646244
39123,OH,Ages 65+ years,2030,1386.9177768288455,1361.6946539908256,1415.983680836541
39125,OH,Ages 65+ years,2030,1725.6420685637952,1707.9195133480625,1743.590285811506
39127,OH,Ages 65+ years,2030,2054.8535091522776,1960.90819295253,2142.90156890608
39129,OH,Ages 65+ years,2030,1706.3723914450075,1655.6453316558047,1765.4938966436794
39131,OH,Ages 65+ years,2030,1639.0601518951078,1579.0223505194006,1697.8256800304016
39133,OH,Ages 65+ years,2030,1895.0572790534684,1872.2179261436663,1918.2526858043916
39135,OH,Ages 65+ years,2030,2563.395964677004,2465.2725757435355,2660.8448237716448
39137,OH,Ages 65+ years,2030,1365.2913167272154,1325.910584096981,1401.9155133390316
39139,OH,Ages 65+ years,2030,1908.8375862452865,1824.6775816498089,1993.7509239203994
39141,OH,Ages 65+ years,2030,1511.1815143932242,1394.789081655459,1633.869459767264
39143,OH,Ages 65+ years,2030,1621.203255815945,1608.0874713522342,1636.2768836286396
39145,OH,Ages 65+ years,2030,2043.5560514961298,2001.7957640299842,2081.124910835392
39147,OH,Ages 65+ years,2030,2123.4561164820852,2059.7217614488545,2186.5355079150972
39149,OH,Ages 65+ years,2030,1921.2817809776518,1879.1008435301667,1961.1162985972549
39151,OH,Ages 65+ years,2030,1594.3601156472093,1529.9438504563643,1668.4765291231113
39153,OH,Ages 65+ years,2030,1606.1375718712507,1355.784871369412,1862.3521819960008
39155,OH,Ages 65+ years,2030,1636.6936362240162,1584.2826340807687,1688.218729142379
39157,OH,Ages 65+ years,2030,1632.483496961281,1576.5898634874907,1690.2706109792575
39159,OH,Ages 65+ years,2030,1881.2783998169843,1815.765939504655,1943.6869046502006
39161,OH,Ages 65+ years,2030,1588.1614922695994,1540.778815992329,1635.3204623111787
39163,OH,Ages 65+ years,2030,1473.8614579512932,1404.3936736054513,1545.9303124686814
39165,OH,Ages 65+ years,2030,1807.5187249829553,1718.1731505316227,1905.9789738717443
39167,OH,Ages 65+ years,2030,1122.967811154594,1058.6327228010377,1187.8243365895084
39169,OH,Ages 65+ years,2030,1756.9214106835454,1689.4406509211653,1822.2570214970553
39171,OH,Ages 65+ years,2030,1453.7159204470622,1443.498622163228,1464.6496658291392
39173,OH,Ages 65+ years,2030,1794.954712616808,1771.9928594728713,1816.7499775938954
39175,OH,Ages 65+ years,2030,1867.759269958822,1818.15671080913,1915.5477626961354
40001,OK,Ages 65+ years,2030,2166.054705600551,2129.660430540646,2206.538567266617
40003,OK,Ages 65+ years,2030,1578.2124370232584,1510.3170635890945,1653.2685803265565
40005,OK,Ages 65+ years,2030,1929.8385422463425,1856.0019721164758,2014.868776597591
40007,OK,Ages 65+ years,2030,1939.464275534544,1873.324950042899,2010.7282887613471
40009,OK,Ages 65+ years,2030,1846.3207687900845,1759.0102162926785,1926.666542734055
40011,OK,Ages 65+ years,2030,2046.0314501079831,1975.274350244815,2109.5209206512864
40013,OK,Ages 65+ years,2030,1607.290500333056,1531.526568691727,1679.6952387869142
40015,OK,Ages 65+ years,2030,1843.7974221738184,1798.54387696522,1886.6191080687006
40017,OK,Ages 65+ years,2030,1402.608306625854,1357.3128138075706,1449.3783602687288
40019,OK,Ages 65+ years,2030,1773.6304618832512,1688.136737611971,1861.954776491194
40021,OK,Ages 65+ years,2030,1765.2070936618754,1711.0687005526438,1824.9629109265427
40023,OK,Ages 65+ years,2030,2093.3130536782787,1986.0332472567748,2204.239013437873
40025,OK,Ages 65+ years,2030,1939.464275534544,1871.2880905886407,2007.53873402257
40027,OK,Ages 65+ years,2030,1407.7332845964504,1343.5201929039235,1479.3827171513917
40029,OK,Ages 65+ years,2030,2890.2082663768056,2785.696973908759,2995.113798123798
40031,OK,Ages 65+ years,2030,1338.4590526677266,1250.9301911208956,1435.1634838077441
40033,OK,Ages 65+ years,2030,1705.4494658021868,1631.0457800536972,1777.5907504162913
40035,OK,Ages 65+ years,2030,2561.5189941975727,2523.57168447574,2598.3826159697624
40037,OK,Ages 65+ years,2030,1804.9841025908308,1763.7445606826411,1847.814256801781
40039,OK,Ages 65+ years,2030,2201.9420535419067,2113.762402941275,2290.599260245523
40041,OK,Ages 65+ years,2030,1955.8020939878268,1919.70667233896,1994.3505077410277
40043,OK,Ages 65+ years,2030,1939.464275534544,1873.9943504925936,2009.485624010199
40045,OK,Ages 65+ years,2030,1939.464275534544,1873.6010700785027,2005.27146308924
40047,OK,Ages 65+ years,2030,1871.030197569868,1789.5320252554295,1951.7659399483255
40049,OK,Ages 65+ years,2030,2042.7875351172631,1932.2900614450218,2152.2619902497145
40051,OK,Ages 65+ years,2030,1454.8330575162054,1402.14392591266,1506.0480048271907
40053,OK,Ages 65+ years,2030,1939.464275534544,1873.461185957876,2011.467726689796
40055,OK,Ages 65+ years,2030,1653.6118022548792,1590.001483649687,1711.9410366989825
40057,OK,Ages 65+ years,2030,1939.464275534544,1871.9296658401065,2004.9472082273614
40059,OK,Ages 65+ years,2030,1939.464275534544,1874.1535038918869,2004.0483866150273
40061,OK,Ages 65+ years,2030,2383.668837517079,2314.4835105213588,2451.710550776322
40063,OK,Ages 65+ years,2030,2166.8965365406266,2110.1631781918354,2225.865060893653
40065,OK,Ages 65+ years,2030,1669.5204690075311,1607.570102481946,1733.7240693242281
40067,OK,Ages 65+ years,2030,2089.9092886469125,2021.264596799347,2159.3152555695415
40069,OK,Ages 65+ years,2030,1387.231925696132,1321.4195177001106,1456.1796499401437
40071,OK,Ages 65+ years,2030,1887.1374902503887,1827.8455939450323,1949.0895444883067
40073,OK,Ages 65+ years,2030,1322.0986694370583,1254.2646468764276,1387.5965183761252
40075,OK,Ages 65+ years,2030,2583.585891854966,2489.790054386228,2673.0419013087967
40077,OK,Ages 65+ years,2030,1623.993381093232,1570.7690556780315,1673.93566057877
40079,OK,Ages 65+ years,2030,2240.9532606259627,2044.042019698955,2425.2281668961864
40081,OK,Ages 65+ years,2030,1612.9325283370488,1538.5442327165504,1678.9195372338893
40083,OK,Ages 65+ years,2030,1356.1494468579979,1302.5970398381253,1404.9953742701948
40085,OK,Ages 65+ years,2030,1397.029117360805,1309.6218394609332,1478.8474803554104
40087,OK,Ages 65+ years,2030,1776.3374122938028,1706.0607463223869,1848.0978643605529
40089,OK,Ages 65+ years,2030,2159.1683305220517,2055.0205778620934,2253.388349345472
40091,OK,Ages 65+ years,2030,2145.79444347354,2070.7242005975872,2225.3855133427473
40093,OK,Ages 65+ years,2030,1705.7092814367938,1669.6663474824654,1747.3042212224068
40095,OK,Ages 65+ years,2030,1441.739002631944,1332.5761956885387,1557.9509544107646
40097,OK,Ages 65+ years,2030,1970.439194903859,1823.4098130695654,2100.6759139891133
40099,OK,Ages 65+ years,2030,2156.705292919057,2049.8434071078773,2256.2925974111886
40101,OK,Ages 65+ years,2030,3004.1995555849694,2960.970464041311,3047.5240241390447
40103,OK,Ages 65+ years,2030,1815.0987780406958,1748.411613932141,1878.7865146120396
40105,OK,Ages 65+ years,2030,1875.0836086781435,1518.5641382522072,2212.3845255393535
40107,OK,Ages 65+ years,2030,2251.946698946131,2170.1979989273027,2330.4836281432754
40109,OK,Ages 65+ years,2030,1748.928057717712,1668.8501638537257,1827.6765639024823
40111,OK,Ages 65+ years,2030,2144.0045568976248,2044.5443143622654,2247.244272188279
40113,OK,Ages 65+ years,2030,1304.484097919061,1269.6492295992455,1345.101785655044
40115,OK,Ages 65+ years,2030,2698.745797896273,2168.16804256259,3253.8397730280926
40117,OK,Ages 65+ years,2030,2382.8946219208083,2317.718306430049,2449.5999145283954
40119,OK,Ages 65+ years,2030,1435.5655926055701,1361.6807488206937,1506.180377035878
40121,OK,Ages 65+ years,2030,2240.4806064080617,2134.3580520702776,2344.177953366449
40123,OK,Ages 65+ years,2030,1882.5829731242256,1816.3767068847824,1951.9059094810564
40125,OK,Ages 65+ years,2030,2162.3076196222637,2118.983507062457,2203.1051051934846
40127,OK,Ages 65+ years,2030,2141.5432328742113,2039.0726872883622,2264.5743653766303
40129,OK,Ages 65+ years,2030,1939.464275534544,1872.0695560024876,2002.8257931871274
40131,OK,Ages 65+ years,2030,1990.3996091965648,1969.387460728335,2012.4029572295071
40133,OK,Ages 65+ years,2030,2259.1578686533308,2180.2778414816594,2335.795245252476
40135,OK,Ages 65+ years,2030,2138.611598591983,2099.6214795527535,2176.3703678560614
40137,OK,Ages 65+ years,2030,1799.537593961886,1728.056945029939,1872.069973571442
40139,OK,Ages 65+ years,2030,2307.0153369404293,1998.75114438526,2587.9560525988845
40141,OK,Ages 65+ years,2030,1685.6192731877284,1627.0848566495376,1752.3437790118628
40143,OK,Ages 65+ years,2030,2107.9707203858493,2020.4174547214802,2190.8081279830494
40145,OK,Ages 65+ years,2030,1527.6847994241082,1325.9653487478984,1736.4719133747412
40147,OK,Ages 65+ years,2030,2163.9249005602333,2117.7645949682683,2212.515747469498
40149,OK,Ages 65+ years,2030,1924.9562813365553,1861.8030750493103,1983.968412414854
40151,OK,Ages 65+ years,2030,1813.5614529554105,1735.2129683112544,1889.278402829139
40153,OK,Ages 65+ years,2030,1855.0078185592158,1780.515970367374,1931.7914842878777
41001,OR,Ages 65+ years,2030,1213.4094508447365,1138.7764101967616,1294.9055105409648
41003,OR,Ages 65+ years,2030,1096.6163688608035,1060.9593129892921,1130.9027179041952
41005,OR,Ages 65+ years,2030,1354.0140077343383,1298.1821225336444,1410.7776164990826
41007,OR,Ages 65+ years,2030,1284.876981243593,1252.3278212260602,1318.253804529603
41009,OR,Ages 65+ years,2030,1383.3052126265336,1354.7950034551804,1412.1886790162268
41011,OR,Ages 65+ years,2030,1634.160220178415,1520.9933882350374,1749.8273317917856
41013,OR,Ages 65+ years,2030,1352.4802727982144,1174.335228747355,1516.6387361075324
41015,OR,Ages 65+ years,2030,1955.5327612253493,1896.0211178363186,2018.2487487210094
41017,OR,Ages 65+ years,2030,1075.528828333567,975.1518756067802,1171.4378055880245
41019,OR,Ages 65+ years,2030,1251.3065389533217,1183.9093387340313,1319.7265162745505
41021,OR,Ages 65+ years,2030,1386.5488972844762,1356.261809111769,1417.9212180873346
41023,OR,Ages 65+ years,2030,1167.2398295023618,1138.0463807674648,1195.045422981029
41025,OR,Ages 65+ years,2030,1153.1051658565386,1140.3317237888948,1166.0823370085536
41027,OR,Ages 65+ years,2030,1385.90952128453,1370.2734470145722,1401.9872099670595
41029,OR,Ages 65+ years,2030,1159.0106382002157,1088.7324380367452,1227.3317156186247
41031,OR,Ages 65+ years,2030,1645.2464779617742,1620.5900831646502,1668.4818455206096
41033,OR,Ages 65+ years,2030,1159.8999027578097,1085.7239264747855,1237.2960198859887
41035,OR,Ages 65+ years,2030,1660.1662727326097,1617.3028827562762,1703.1035668793213
41037,OR,Ages 65+ years,2030,1288.6685480216247,1257.7003630644667,1323.4489970075474
41039,OR,Ages 65+ years,2030,1703.321996846018,1635.8435346061246,1773.045139371682
41041,OR,Ages 65+ years,2030,1223.110553564792,1163.2613828725105,1279.3246790572466
41043,OR,Ages 65+ years,2030,1864.4767187728232,1814.787810732587,1919.4060621603003
41045,OR,Ages 65+ years,2030,1791.1098970221012,1773.8451477812935,1808.1838102713373
41047,OR,Ages 65+ years,2030,1198.28727044733,1188.212681437423,1208.424456977739
41049,OR,Ages 65+ years,2030,1352.9536444008234,1315.2822402450831,1392.998005700813
41051,OR,Ages 65+ years,2030,1302.0115906195547,1284.6799632360414,1317.5142097865873
41053,OR,Ages 65+ years,2030,1048.7585706583027,940.9459748212513,1157.274184128274
41055,OR,Ages 65+ years,2030,1386.5488972844762,1353.820662614568,1418.953842716331
41057,OR,Ages 65+ years,2030,1261.1786423252324,1116.32015635138,1395.0439107094803
41059,OR,Ages 65+ years,2030,1220.6068132752926,1183.8981591599718,1259.5024656381236
41061,OR,Ages 65+ years,2030,1346.0754202719156,1161.872187063499,1543.643459126813
41063,OR,Ages 65+ years,2030,1125.515162769853,950.4202168300803,1323.9392933124038
41065,OR,Ages 65+ years,2030,1620.2425370719304,1608.9410703068702,1631.5942124790695
41067,OR,Ages 65+ years,2030,1209.8290382292396,1185.2363867087895,1236.6413055987105
41069,OR,Ages 65+ years,2030,1386.5488972844762,1350.6661234941641,1420.9299212236988
41071,OR,Ages 65+ years,2030,1457.723785758159,1407.8813644033044,1509.978001912648
42001,PA,Ages 65+ years,2030,1453.7908275136563,1420.8798611137872,1485.8358108626107
42003,PA,Ages 65+ years,2030,1656.5139616161025,1598.966452650774,1719.18881561592
42005,PA,Ages 65+ years,2030,1417.9644739705268,1361.1956856783638,1471.1778811254535
42007,PA,Ages 65+ years,2030,1675.848042764391,1629.8720560385611,1717.7697675077445
42009,PA,Ages 65+ years,2030,1635.6798573715757,1589.1160200699603,1684.203530804037
42011,PA,Ages 65+ years,2030,1441.8804081504,1423.0734251574427,1461.8545011181955
42013,PA,Ages 65+ years,2030,2098.9340165079157,1952.6753297721414,2258.0160491249194
42015,PA,Ages 65+ years,2030,1369.0645052593363,1291.5852072152993,1444.3646972544364
42017,PA,Ages 65+ years,2030,1148.4948298788936,1084.8967976149459,1211.3956222932304
42019,PA,Ages 65+ years,2030,1585.4841606701314,1515.780704388795,1652.3286009254743
42021,PA,Ages 65+ years,2030,1410.4643680316747,1342.3253616025765,1477.2608122374038
42023,PA,Ages 65+ years,2030,1149.6254728390866,1131.5177524611809,1166.4331067375147
42025,PA,Ages 65+ years,2030,1348.826765973003,1297.360193778225,1398.668188386812
42027,PA,Ages 65+ years,2030,1120.740453988861,1066.7348429755662,1177.433281280379
42029,PA,Ages 65+ years,2030,1362.1992955184785,1335.9097574756652,1388.3722944705687
42031,PA,Ages 65+ years,2030,1566.0471370156843,1490.743432616086,1647.9150884244339
42033,PA,Ages 65+ years,2030,1421.7225854640724,1233.234988046035,1592.363554594948
42035,PA,Ages 65+ years,2030,1558.8494129410183,1522.1235442217087,1599.52950558572
42037,PA,Ages 65+ years,2030,1057.1333151515107,1039.02935080545,1074.5275390055126
42039,PA,Ages 65+ years,2030,1493.7084592831723,1401.2546271700119,1577.3823275026043
42041,PA,Ages 65+ years,2030,1282.199286451948,1265.3127005877293,1298.7095660621542
42043,PA,Ages 65+ years,2030,1055.9107641704202,1017.3767995194527,1096.9568273079656
42045,PA,Ages 65+ years,2030,1415.23041681636,1365.8797426064639,1464.2357584540243
42047,PA,Ages 65+ years,2030,1006.7778039884266,987.7133245407732,1028.3810455712912
42049,PA,Ages 65+ years,2030,1091.4898776778996,903.9751862933414,1282.7604340301004
42051,PA,Ages 65+ years,2030,1872.651671096725,1851.5968971574694,1892.56274005463
42053,PA,Ages 65+ years,2030,1486.87672649778,1442.6082080635288,1526.164127907542
42055,PA,Ages 65+ years,2030,1347.6955790382651,1323.6188384960021,1373.1096339005453
42057,PA,Ages 65+ years,2030,1709.1208596158506,1662.9010773018133,1749.9231689129947
42059,PA,Ages 65+ years,2030,1884.0567347460226,1844.6723252968497,1923.744103171033
42061,PA,Ages 65+ years,2030,1464.8145017357251,1421.3844416105605,1506.337585113227
42063,PA,Ages 65+ years,2030,1294.3100276352488,1256.3597191117776,1333.295902064909
42065,PA,Ages 65+ years,2030,1426.1159538911882,1373.1981852985432,1477.9222210541675
42067,PA,Ages 65+ years,2030,1374.5430798600307,1336.3002278951117,1413.2315022816615
42069,PA,Ages 65+ years,2030,1534.9519260818513,1501.4482855258925,1568.847344751755
42071,PA,Ages 65+ years,2030,1390.0127519341943,1360.1436424158437,1418.3661086293882
42073,PA,Ages 65+ years,2030,1868.3909530164071,1809.854228956539,1929.947165915684
42075,PA,Ages 65+ years,2030,1714.3368310109995,1644.1594275297236,1788.6700755105867
42077,PA,Ages 65+ years,2030,1222.3807171438532,1185.3585892513881,1259.1058172297069
42079,PA,Ages 65+ years,2030,1480.7338802118568,1447.0557754970732,1513.5791193291154
42081,PA,Ages 65+ years,2030,1154.2796792083418,1134.8464921100817,1172.851118754829
42083,PA,Ages 65+ years,2030,1068.072073943303,1017.6130583137414,1111.0147418996482
42085,PA,Ages 65+ years,2030,1772.173122609919,1714.1801143962741,1831.603569076695
42087,PA,Ages 65+ years,2030,1341.4428413824053,1292.195644582155,1393.4260053310106
42089,PA,Ages 65+ years,2030,1455.1073731722383,1415.8124793951986,1496.0329042463143
42091,PA,Ages 65+ years,2030,1416.1564436380625,1397.2581214191669,1437.4322160207396
42093,PA,Ages 65+ years,2030,995.2629801311963,942.2175609301545,1047.420335679711
42095,PA,Ages 65+ years,2030,1134.6246774460164,1095.5029929999175,1176.1258404927585
42097,PA,Ages 65+ years,2030,1318.5062038832775,1223.3184152978313,1405.4037095518684
42099,PA,Ages 65+ years,2030,1214.4912544753786,1163.694410522159,1267.8327830434707
42101,PA,Ages 65+ years,2030,1349.5705017563241,1302.979159277944,1397.2899264749674
42103,PA,Ages 65+ years,2030,995.3163634482438,963.8917691960851,1026.2688720494787
42105,PA,Ages 65+ years,2030,1108.804602250046,995.4332140478033,1206.8342102792774
42107,PA,Ages 65+ years,2030,1905.9615407307876,1871.2636214494423,1942.382333001144
42109,PA,Ages 65+ years,2030,929.9845051899046,877.3998455134598,984.2081234023544
42111,PA,Ages 65+ years,2030,1365.3471979958235,1333.9849398971212,1397.205072041616
42113,PA,Ages 65+ years,2030,1197.424879564639,1106.1809203315033,1292.4389401871258
42115,PA,Ages 65+ years,2030,1329.9366635701642,1281.5287123203614,1381.160038846582
42117,PA,Ages 65+ years,2030,1185.6874441334714,1176.5352890419579,1194.4103494591138
42119,PA,Ages 65+ years,2030,894.2636094209357,816.3279030460454,971.146982645148
42121,PA,Ages 65+ years,2030,1679.4788940042283,1636.5230396338357,1729.6976931358327
42123,PA,Ages 65+ years,2030,993.8062465452191,910.7901399498706,1066.3133031394425
42125,PA,Ages 65+ years,2030,1438.2004695027624,1388.3420387600495,1489.9448754945784
42127,PA,Ages 65+ years,2030,1157.2455062271117,1122.3945326906123,1189.712425794064
42129,PA,Ages 65+ years,2030,1557.1554361576298,1489.332364544962,1623.1212025888444
42131,PA,Ages 65+ years,2030,1835.602256312043,1806.651703810056,1866.3387775830574
42133,PA,Ages 65+ years,2030,1200.738455864641,1183.7565991599324,1219.10363905562
44001,RI,Ages 65+ years,2030,1076.1522230123082,1024.518545799121,1135.6081665993745
44003,RI,Ages 65+ years,2030,1463.3236276479743,1433.037187503601,1493.049870453117
44005,RI,Ages 65+ years,2030,390.3641500684815,366.7462727051281,414.4292380454252
44007,RI,Ages 65+ years,2030,1349.9055321168435,1296.615049034736,1400.8805891999891
44009,RI,Ages 65+ years,2030,1415.3945151028126,1390.0490846706261,1438.7109466967931
45001,SC,Ages 65+ years,2030,1404.2533046154253,1331.119327730954,1480.4183477719469
45003,SC,Ages 65+ years,2030,1390.4487796250476,1245.2892295050535,1535.8630001718116
45005,SC,Ages 65+ years,2030,1770.7608690493553,1723.097092463128,1815.8849967161584
45007,SC,Ages 65+ years,2030,1555.6793453252385,1495.3014088069795,1613.6749643845264
45009,SC,Ages 65+ years,2030,1489.2096446142916,1447.2451193298818,1528.3554783582063
45011,SC,Ages 65+ years,2030,1468.5539706998193,1420.7024610985807,1517.552028840723
45013,SC,Ages 65+ years,2030,698.806997586596,670.5938962487041,722.5979747646636
45015,SC,Ages 65+ years,2030,971.3437058812528,934.9320946261209,1009.0680937104023
45017,SC,Ages 65+ years,2030,1246.4135714073168,1149.87525610111,1335.4221785600191
45019,SC,Ages 65+ years,2030,1002.2228776637635,942.9834271612,1059.6202292701726
45021,SC,Ages 65+ years,2030,1641.7401985590825,1585.1168430169248,1694.33032480892
45023,SC,Ages 65+ years,2030,1680.5689498545082,1605.340548750863,1747.6056675058028
45025,SC,Ages 65+ years,2030,2018.5482230274426,1932.2436079790775,2103.890295989146
45027,SC,Ages 65+ years,2030,1210.611882410616,1169.2339480350718,1253.804975310276
45029,SC,Ages 65+ years,2030,1905.247271059029,1853.6182521855696,1955.5424581470156
45031,SC,Ages 65+ years,2030,2476.567131358361,2396.745333922399,2551.4593895673097
45033,SC,Ages 65+ years,2030,1526.193719528716,1414.798485964104,1631.1010579094104
45035,SC,Ages 65+ years,2030,1010.1516566074365,983.2414484585594,1037.9213872293385
45037,SC,Ages 65+ years,2030,1248.4991068551992,1177.2478018972397,1320.5191185806063
45039,SC,Ages 65+ years,2030,1362.2552670093455,1307.2601402653645,1414.3670739656723
45041,SC,Ages 65+ years,2030,1981.4012042448553,1596.9667070425273,2372.466239678477
45043,SC,Ages 65+ years,2030,1249.2317889313697,1133.8095738438442,1380.04867590535
45045,SC,Ages 65+ years,2030,1296.1283127578888,1228.0424215230792,1369.26201069285
45047,SC,Ages 65+ years,2030,1252.5870963045293,1187.7646686396745,1318.975131154838
45049,SC,Ages 65+ years,2030,1585.5825146307936,1537.935087365653,1633.1499992333627
45051,SC,Ages 65+ years,2030,1072.0274418804845,1017.999168568956,1126.540083473536
45053,SC,Ages 65+ years,2030,890.659308002127,829.0529940436232,948.5255769291026
45055,SC,Ages 65+ years,2030,1219.370928540063,1186.9522992223272,1252.9572107399758
45057,SC,Ages 65+ years,2030,1029.2365631810528,953.2683234675607,1099.120318074621
45059,SC,Ages 65+ years,2030,1433.166561751778,1368.632171780379,1487.679978448093
45061,SC,Ages 65+ years,2030,2145.3847621211867,2095.395656720705,2194.3820499198173
45063,SC,Ages 65+ years,2030,1407.347215327087,1286.554110107233,1515.9925402730187
45065,SC,Ages 65+ years,2030,1048.55424162979,979.4678604692283,1117.5645415690453
45067,SC,Ages 65+ years,2030,1801.4870347330932,1769.402474381434,1832.8470293600406
45069,SC,Ages 65+ years,2030,2412.714954431536,2299.03500937993,2533.263083133799
45071,SC,Ages 65+ years,2030,1344.5096382996808,1237.2185780665827,1440.2584720852703
45073,SC,Ages 65+ years,2030,1443.458166871351,1376.762910205356,1501.3853745014057
45075,SC,Ages 65+ years,2030,1252.6741316901662,1179.2003630815848,1326.0145183421837
45077,SC,Ages 65+ years,2030,1698.0188272929527,1653.4642599440822,1745.7571633636057
45079,SC,Ages 65+ years,2030,1399.302311952511,1355.5695979810498,1445.2837655593244
45081,SC,Ages 65+ years,2030,1442.2641061729014,1349.185377334071,1537.822408847687
45083,SC,Ages 65+ years,2030,1346.2930210941913,1323.5211683888224,1368.1373363919283
45085,SC,Ages 65+ years,2030,1235.602090218245,1176.3796746883402,1299.149333397578
45087,SC,Ages 65+ years,2030,1687.8303204731887,1620.8471454099943,1760.4294851618743
45089,SC,Ages 65+ years,2030,1033.6636095396552,968.4098314335627,1104.5454118316206
45091,SC,Ages 65+ years,2030,1115.803806018444,1090.670845095547,1140.485502577948
46003,SD,Ages 65+ years,2030,1386.8570620046225,1356.5567557400445,1420.121088362524
46005,SD,Ages 65+ years,2030,1358.7574724257577,1324.538094395647,1395.1567166666255
46007,SD,Ages 65+ years,2030,1386.8570620046225,1355.3176680648094,1421.681191335632
46009,SD,Ages 65+ years,2030,1574.1260107858766,1483.429687797491,1661.426510249084
46011,SD,Ages 65+ years,2030,1517.4591913985032,1460.1846349212851,1575.2020561793431
46013,SD,Ages 65+ years,2030,1099.3366729982267,1074.3817908413423,1127.8372789638358
46015,SD,Ages 65+ years,2030,1386.8570620046225,1350.9717413603769,1417.3041467258688
46017,SD,Ages 65+ years,2030,1386.8570620046225,1353.925932856944,1417.4104243077004
46019,SD,Ages 65+ years,2030,1494.0628750046578,1455.166030433198,1529.5882750424664
46021,SD,Ages 65+ years,2030,1386.8570620046225,1354.0019775168944,1419.1920761060176
46023,SD,Ages 65+ years,2030,1223.9555280221086,1192.231418102463,1255.5116757514147
46025,SD,Ages 65+ years,2030,1386.8570620046225,1353.8881917669928,1421.5798585425719
46027,SD,Ages 65+ years,2030,1736.6358732922051,1682.0731619357782,1791.2247522797973
46029,SD,Ages 65+ years,2030,1358.6918326328607,1301.6878856607018,1415.806844862901
46031,SD,Ages 65+ years,2030,1386.8570620046225,1354.146925251684,1417.6463847078635
46033,SD,Ages 65+ years,2030,1171.3377363520253,1145.5683004022142,1198.6575722413072
46035,SD,Ages 65+ years,2030,1439.2329898962887,1227.1811092525184,1640.0054590408192
46037,SD,Ages 65+ years,2030,1472.6497411135845,1422.072261131958,1522.2802135152317
46039,SD,Ages 65+ years,2030,1386.8570620046225,1357.5259064177483,1417.3360883611037
46041,SD,Ages 65+ years,2030,1386.8570620046225,1351.8612248364163,1420.9241552143694
46043,SD,Ages 65+ years,2030,1386.8570620046225,1355.872421122671,1419.492505337394
46045,SD,Ages 65+ years,2030,1386.8570620046225,1356.4670085596704,1419.1383123844248
46047,SD,Ages 65+ years,2030,1858.6369179817043,1800.085763898962,1917.9851235827023
46049,SD,Ages 65+ years,2030,1386.8570620046225,1353.7614647034004,1417.718836979519
46051,SD,Ages 65+ years,2030,1526.1771938642805,1461.8959824501396,1590.297141502518
46053,SD,Ages 65+ years,2030,1591.801166400435,1555.6345637705576,1629.8218366025667
46055,SD,Ages 65+ years,2030,1386.8570620046225,1354.7135916659963,1414.9738768245197
46057,SD,Ages 65+ years,2030,1386.8570620046225,1356.8369965399081,1421.8219356378222
46059,SD,Ages 65+ years,2030,1386.8570620046225,1355.011983868831,1417.5321803178942
46061,SD,Ages 65+ years,2030,1386.8570620046225,1350.5649173295753,1418.8849843965081
46063,SD,Ages 65+ years,2030,1386.8570620046225,1354.0559972724816,1418.2057051806994
46065,SD,Ages 65+ years,2030,864.2572640470054,822.2276522010256,905.6988768469399
46067,SD,Ages 65+ years,2030,1545.653729675891,1534.0704122641002,1557.394635077751
46069,SD,Ages 65+ years,2030,1386.8570620046225,1353.6325297120934,1421.6205465160615
46071,SD,Ages 65+ years,2030,1386.8570620046225,1355.2590820008782,1422.9505834014349
46073,SD,Ages 65+ years,2030,1386.8570620046225,1355.2996571154365,1421.1070646009898
46075,SD,Ages 65+ years,2030,1386.8570620046225,1356.7265580970334,1421.2730065403434
46077,SD,Ages 65+ years,2030,1403.2388018293389,1347.0052550272108,1460.4042502347386
46079,SD,Ages 65+ years,2030,1359.8043167606538,1329.709528428283,1387.7845109429284
46081,SD,Ages 65+ years,2030,867.9674573612159,834.3986659495698,902.307493776007
46083,SD,Ages 65+ years,2030,840.005843484608,819.464076262983,861.516348993205
46085,SD,Ages 65+ years,2030,1386.8570620046225,1354.5261764657453,1419.9923914478538
46087,SD,Ages 65+ years,2030,1925.821724714005,1864.85901359322,1984.069052064533
46089,SD,Ages 65+ years,2030,1386.8570620046225,1354.0950189770376,1419.3717472675985
46091,SD,Ages 65+ years,2030,1386.8570620046225,1355.2791143065276,1420.6785039450415
46093,SD,Ages 65+ years,2030,1011.5046988918185,994.1537303738173,1027.4681227366625
46095,SD,Ages 65+ years,2030,1386.8570620046225,1356.095322654381,1417.484725811647
46097,SD,Ages 65+ years,2030,1386.8570620046225,1354.1482536351475,1418.4602120669724
46099,SD,Ages 65+ years,2030,1581.672341334975,1460.921886206902,1711.0262397209083
46101,SD,Ages 65+ years,2030,1386.8570620046225,1354.86588741536,1418.4508911990551
46102,SD,Ages 65+ years,2030,1386.8570620046225,1357.3122873937932,1416.2676703284283
46103,SD,Ages 65+ years,2030,1238.2969528777019,1221.2583539079822,1253.9331977241054
46105,SD,Ages 65+ years,2030,1386.8570620046225,1355.3185418464927,1417.764923752221
46107,SD,Ages 65+ years,2030,1386.8570620046225,1356.1076784394706,1418.5456429236967
46109,SD,Ages 65+ years,2030,1191.0662506790209,1118.0175987772448,1262.6231892538406
46111,SD,Ages 65+ years,2030,1386.8570620046225,1357.0921902468422,1417.7575477178975
46115,SD,Ages 65+ years,2030,1357.4443929738625,1336.2682585551972,1378.2739248475414
46117,SD,Ages 65+ years,2030,1386.8570620046225,1355.6022840093788,1422.4110751899987
46119,SD,Ages 65+ years,2030,1386.8570620046225,1355.3246555453907,1418.7441765540357
46121,SD,Ages 65+ years,2030,1386.8570620046225,1353.9979495533619,1421.0847837393535
46123,SD,Ages 65+ years,2030,1526.0444000469636,1491.0610597374905,1563.4785173591872
46125,SD,Ages 65+ years,2030,2003.387570027048,1934.5043455377302,2073.105948735465
46127,SD,Ages 65+ years,2030,1107.4460141501243,1052.3851267116793,1163.2294780532316
46129,SD,Ages 65+ years,2030,1076.6087992690937,1032.4822647681067,1119.5013073294256
46135,SD,Ages 65+ years,2030,1384.5096335803125,1376.3471672429762,1392.1517083504532
46137,SD,Ages 65+ years,2030,1386.8570620046225,1354.200253481433,1416.1178280916959
47001,TN,Ages 65+ years,2030,1749.7929114682834,1669.709401558083,1825.436711078819
47003,TN,Ages 65+ years,2030,1987.6236516230554,1921.756054162857,2053.576027050635
47005,TN,Ages 65+ years,2030,1836.664158058326,1747.9999923909609,1916.2679613533112
47007,TN,Ages 65+ years,2030,1208.2420448155656,1146.440605312784,1276.0986144642436
47009,TN,Ages 65+ years,2030,1260.2368087443317,1185.877460514652,1335.227695075027
47011,TN,Ages 65+ years,2030,1802.5692119095704,1754.0767562006356,1853.4775685750328
47013,TN,Ages 65+ years,2030,1795.218358653052,1730.947477542681,1852.0062463020604
47015,TN,Ages 65+ years,2030,1508.4068205590318,1468.7836909573377,1553.1660432223478
47017,TN,Ages 65+ years,2030,2633.6372055748275,2523.334524548128,2749.6532336501455
47019,TN,Ages 65+ years,2030,1743.5146330366674,1669.7242353554805,1826.167229029365
47021,TN,Ages 65+ years,2030,1946.3982800110593,1875.9955540716292,2018.0206678582015
47023,TN,Ages 65+ years,2030,1824.269061751751,1772.344734924628,1876.920658365304
47025,TN,Ages 65+ years,2030,1883.5315327617839,1788.5737040472864,1964.3858997116138
47027,TN,Ages 65+ years,2030,1644.826891315647,1565.4247873785841,1732.3920508499648
47029,TN,Ages 65+ years,2030,2434.312244422672,2325.6423157533463,2532.283419534787
47031,TN,Ages 65+ years,2030,1925.559563677019,1892.6588890050175,1960.088165929574
47033,TN,Ages 65+ years,2030,2724.17435735211,2628.3383698435687,2818.484793632995
47035,TN,Ages 65+ years,2030,1083.8279938958253,1018.073081669837,1143.039470474854
47037,TN,Ages 65+ years,2030,1459.6217299375348,1425.0737281233696,1491.6083511989052
47039,TN,Ages 65+ years,2030,2176.0640112482965,2074.7375765161128,2282.9685597321813
47041,TN,Ages 65+ years,2030,1713.929453498394,1666.0930573104179,1759.7846356711964
47043,TN,Ages 65+ years,2030,2018.0097498455725,1982.23622889642,2056.5995631024557
47045,TN,Ages 65+ years,2030,2720.8892378208943,2631.8911317524726,2816.0699286142267
47047,TN,Ages 65+ years,2030,1421.7864899113004,1358.8730834600176,1482.0075625911904
47049,TN,Ages 65+ years,2030,1640.4909341366256,1576.534738246422,1704.7020732019473
47051,TN,Ages 65+ years,2030,1901.6778348207838,1841.113779410507,1959.5615746628482
47053,TN,Ages 65+ years,2030,2049.3877183329346,1978.1791214269274,2113.5852930008273
47055,TN,Ages 65+ years,2030,1950.0067774678664,1879.6429481194964,2023.517180857357
47057,TN,Ages 65+ years,2030,1858.9570848460992,1748.1993466213553,1965.8645992054182
47059,TN,Ages 65+ years,2030,1807.0560804048826,1683.2714873969578,1925.4992376215632
47061,TN,Ages 65+ years,2030,2056.4610983288044,1996.192506386219,2112.652546890623
47063,TN,Ages 65+ years,2030,1606.1655935066844,1515.2042010588482,1707.1066328332208
47065,TN,Ages 65+ years,2030,1407.939946569789,1389.855434596034,1427.1291541816595
47067,TN,Ages 65+ years,2030,1796.7210940363595,1689.831202567068,1909.297515745995
47069,TN,Ages 65+ years,2030,1974.4254733339055,1886.1434148573614,2052.9048316298713
47071,TN,Ages 65+ years,2030,2359.386783201363,2287.007996029307,2436.301300140073
47073,TN,Ages 65+ years,2030,1794.6938234275924,1689.4651065941516,1900.9773474701606
47075,TN,Ages 65+ years,2030,1833.5692335174765,1723.4449841199807,1931.4042301515158
47077,TN,Ages 65+ years,2030,1950.9109844191726,1779.743825427795,2107.677564637214
47079,TN,Ages 65+ years,2030,2040.228304075762,1971.6233188731808,2109.8330738515933
47081,TN,Ages 65+ years,2030,1806.1740014968734,1743.4921860358602,1865.1381221697445
47083,TN,Ages 65+ years,2030,2078.666604603071,2006.2741970174034,2151.987006862367
47085,TN,Ages 65+ years,2030,2109.073558040316,2056.3711337078303,2161.5521105210273
47087,TN,Ages 65+ years,2030,1615.505396829927,1549.3293920895946,1681.5358970890682
47089,TN,Ages 65+ years,2030,1505.4780134379712,1436.0196426963676,1581.5509690998417
47091,TN,Ages 65+ years,2030,1445.5823546733843,1369.3370856186343,1517.3140471377048
47093,TN,Ages 65+ years,2030,1691.3963601599337,1541.2767613091198,1834.6974049695993
47095,TN,Ages 65+ years,2030,2534.6817374928223,2399.614909795178,2672.2127720697167
47097,TN,Ages 65+ years,2030,2343.5973825132332,2251.932434998053,2433.1229411260406
47099,TN,Ages 65+ years,2030,2379.607714528811,2282.898182502879,2466.4165044257065
47101,TN,Ages 65+ years,2030,1611.6304127980009,1558.5514318498836,1663.9997165768748
47103,TN,Ages 65+ years,2030,2346.585959414077,2270.6172546883595,2424.9359577661494
47105,TN,Ages 65+ years,2030,1157.4833856234989,1110.2375134704255,1205.912426987591
47107,TN,Ages 65+ years,2030,1884.9855318809841,1820.9752260327148,1952.888499245075
47109,TN,Ages 65+ years,2030,2634.9225677347235,2487.4277745276877,2780.580389351959
47111,TN,Ages 65+ years,2030,1678.4439314871897,1603.2231290721522,1756.1170953492006
47113,TN,Ages 65+ years,2030,1584.116362529489,1503.815415396024,1654.747363708117
47115,TN,Ages 65+ years,2030,1749.257151691576,1706.1570082325748,1793.4738009100633
47117,TN,Ages 65+ years,2030,2043.7245329245811,2010.9435345697882,2077.0702617668085
47119,TN,Ages 65+ years,2030,1473.1569400647447,1456.1002616753167,1490.4284100034263
47121,TN,Ages 65+ years,2030,1924.1189803427087,1846.6467733795912,1996.2134930965235
47123,TN,Ages 65+ years,2030,1583.4622279002965,1476.6615441608208,1678.5776973744387
47125,TN,Ages 65+ years,2030,1863.4767676435035,1760.818062807541,1964.832280152081
47127,TN,Ages 65+ years,2030,1663.2413677033012,1604.7467611490843,1721.962464700687
47129,TN,Ages 65+ years,2030,1507.99639106757,1442.23617725231,1567.8248912812858
47131,TN,Ages 65+ years,2030,1765.6983796822187,1707.5285330552388,1821.7766949967386
47133,TN,Ages 65+ years,2030,1628.3570853484264,1535.850598206584,1726.2588518334073
47135,TN,Ages 65+ years,2030,2215.888887026039,2135.64576029811,2291.264316234055
47137,TN,Ages 65+ years,2030,1198.8603575056623,1133.102819319263,1256.9594061567245
47139,TN,Ages 65+ years,2030,1907.3317389194594,1832.036307794226,1991.199219450006
47141,TN,Ages 65+ years,2030,1496.0713211563661,1420.6761371956995,1565.0351381567455
47143,TN,Ages 65+ years,2030,1711.812470579892,1672.7635917825698,1749.9455816276914
47145,TN,Ages 65+ years,2030,1865.8233943587177,1791.892385228742,1952.7778520295421
47147,TN,Ages 65+ years,2030,1973.0715710754162,1839.8417636024976,2097.7487777958863
47149,TN,Ages 65+ years,2030,1451.6016040981765,1396.6126521487552,1508.8415453532755
47151,TN,Ages 65+ years,2030,1599.139950112646,1519.923861555222,1673.1061733196932
47153,TN,Ages 65+ years,2030,1218.0728147148589,1192.8158375808232,1245.3178424023326
47155,TN,Ages 65+ years,2030,1490.461424431624,1374.8636093667137,1616.7981864161143
47157,TN,Ages 65+ years,2030,1598.255821865445,1524.6586575571203,1672.7001243571733
47159,TN,Ages 65+ years,2030,1585.0204150332459,1488.967788408529,1686.1693295317934
47161,TN,Ages 65+ years,2030,1588.677460704322,1503.9367771445884,1676.499785116732
47163,TN,Ages 65+ years,2030,1733.1059818913016,1607.3661655859821,1864.3091906633044
47165,TN,Ages 65+ years,2030,1438.4490739070852,1335.9307313915929,1544.39176959883
47167,TN,Ages 65+ years,2030,1829.6757483659123,1756.506901900074,1908.405688749335
47169,TN,Ages 65+ years,2030,1593.6632949646712,1507.0982905308936,1683.5620539900644
47171,TN,Ages 65+ years,2030,1866.6643556636925,1764.5915678328097,1972.0581452776285
47173,TN,Ages 65+ years,2030,1687.5585881688987,1616.5978649946412,1766.5741132922662
47175,TN,Ages 65+ years,2030,1823.7828932192494,1729.874924433169,1913.110520812812
47177,TN,Ages 65+ years,2030,1483.4543806117701,1433.191870970511,1535.0759821376435
47179,TN,Ages 65+ years,2030,1467.464061846924,1320.2111760530072,1614.722299286272
47181,TN,Ages 65+ years,2030,1618.7729501195802,1580.9620717576172,1659.908253204757
47183,TN,Ages 65+ years,2030,1625.5860899198467,1502.338604443466,1749.1985579278519
47185,TN,Ages 65+ years,2030,1476.842993481989,1389.3696566159335,1560.1028789618063
47187,TN,Ages 65+ years,2030,1335.5890649974287,1319.6088695258616,1353.4410079847512
47189,TN,Ages 65+ years,2030,1457.2736793425443,1364.2514169590827,1549.5288333497147
48001,TX,Ages 65+ years,2030,1831.4522679762283,1815.826592541259,1846.3654603233426
48003,TX,Ages 65+ years,2030,1658.653791946728,1603.9874154575332,1709.6113687302195
48005,TX,Ages 65+ years,2030,1558.1147542193125,1470.5511002976534,1644.262371259798
48007,TX,Ages 65+ years,2030,1438.015926990871,1374.3458696576809,1503.7391272513291
48009,TX,Ages 65+ years,2030,1435.3649892019018,1387.8499664988224,1481.7634446433292
48011,TX,Ages 65+ years,2030,1654.8229220909786,1589.130472979519,1723.3655384770157
48013,TX,Ages 65+ years,2030,1639.0301493335294,1568.9458884731173,1700.7275613115012
48015,TX,Ages 65+ years,2030,1428.6891864674153,1391.8148610393348,1470.9093678681645
48017,TX,Ages 65+ years,2030,1348.3700344308907,1307.9659559766687,1390.4061751140323
48019,TX,Ages 65+ years,2030,1120.991287163409,1071.1306785232116,1171.5791075857228
48021,TX,Ages 65+ years,2030,1450.312932141935,1419.2834364049452,1481.7557651201046
48023,TX,Ages 65+ years,2030,1654.8229220909786,1587.0967098504013,1725.9582879240286
48025,TX,Ages 65+ years,2030,1980.1371750220515,1946.8255221296513,2011.8771570575832
48027,TX,Ages 65+ years,2030,1659.3668115603211,1561.4796721369823,1743.6399470612316
48029,TX,Ages 65+ years,2030,1505.1840368956848,1470.6162167667444,1538.6633957807292
48031,TX,Ages 65+ years,2030,1114.5232230356673,1038.5832876907114,1179.0103063865727
48033,TX,Ages 65+ years,2030,1654.8229220909786,1589.4900809626442,1719.0626357766243
48035,TX,Ages 65+ years,2030,1996.149944538291,1915.0192733334368,2085.4342756375263
48037,TX,Ages 65+ years,2030,2075.3626985073097,1997.9854341099604,2150.8580797052855
48039,TX,Ages 65+ years,2030,1607.1241220302888,1558.6285029289147,1654.4851723837126
48041,TX,Ages 65+ years,2030,1460.0814278022012,1393.1778121652508,1530.9604406312865
48043,TX,Ages 65+ years,2030,945.6332641339844,885.9292322975641,1004.5867238003245
48045,TX,Ages 65+ years,2030,1654.8229220909786,1594.5001991907816,1722.8693353698047
48047,TX,Ages 65+ years,2030,1673.328143984834,1611.9586956898572,1739.368919629735
48049,TX,Ages 65+ years,2030,2021.209972767123,1899.08332229937,2146.013895459097
48051,TX,Ages 65+ years,2030,2376.67924536479,2337.438597650498,2410.5601464135116
48053,TX,Ages 65+ years,2030,1666.3608082901703,1595.8089282956591,1734.6945058853228
48055,TX,Ages 65+ years,2030,1337.001713891664,1281.7858111911928,1386.3439539224382
48057,TX,Ages 65+ years,2030,1333.5288260779898,1300.6816069950237,1365.3836300836863
48059,TX,Ages 65+ years,2030,1685.066431058901,1628.8657743965646,1744.802557097929
48061,TX,Ages 65+ years,2030,1158.3569617226822,1092.6906893693047,1224.272714741021
48063,TX,Ages 65+ years,2030,1601.7712018556795,1535.281720218109,1673.6026718146563
48065,TX,Ages 65+ years,2030,1654.8229220909786,1592.6688964610203,1718.3121869158547
48067,TX,Ages 65+ years,2030,1686.9543590720077,1619.8235135348966,1765.0386066405106
48069,TX,Ages 65+ years,2030,1420.4145949934668,1387.7776424460033,1451.0493394935909
48071,TX,Ages 65+ years,2030,1996.495172798398,1934.1448490427877,2057.1560071470767
48073,TX,Ages 65+ years,2030,1560.1282388217812,1540.687699347111,1577.145178625572
48075,TX,Ages 65+ years,2030,1864.0461668332093,1820.7537499790026,1909.3567404049045
48077,TX,Ages 65+ years,2030,1326.3130989725553,1247.1364613587411,1402.5323488287615
48079,TX,Ages 65+ years,2030,1654.8229220909786,1590.7706899107948,1716.564148422085
48081,TX,Ages 65+ years,2030,1654.8229220909786,1590.1055870288815,1716.7807764212569
48083,TX,Ages 65+ years,2030,1869.658611584904,1834.0420329573192,1905.0496907934667
48085,TX,Ages 65+ years,2030,1025.6154477989562,938.0636959323775,1105.1469820252232
48087,TX,Ages 65+ years,2030,1654.8229220909786,1592.103728240067,1718.9919349548702
48089,TX,Ages 65+ years,2030,1793.0446285261194,1742.156793441599,1839.9701502338191
48091,TX,Ages 65+ years,2030,1196.707669488901,1171.030254705251,1223.2871671628322
48093,TX,Ages 65+ years,2030,2024.4731984976756,1956.4049075328817,2090.4989943950136
48095,TX,Ages 65+ years,2030,1654.8229220909786,1590.1728200281846,1716.7020714410116
48097,TX,Ages 65+ years,2030,1267.6653174967123,1212.1686915079922,1323.1189740524405
48099,TX,Ages 65+ years,2030,1816.3151883291623,1739.7241825791143,1900.9260538593528
48101,TX,Ages 65+ years,2030,1654.8229220909786,1587.66163732189,1721.4571296328381
48103,TX,Ages 65+ years,2030,1654.8229220909786,1590.1591442987055,1715.1294229734901
48105,TX,Ages 65+ years,2030,1654.8229220909786,1588.7197842191263,1720.7268256355517
48107,TX,Ages 65+ years,2030,2029.6989454886768,1971.7398215098767,2092.105961200096
48109,TX,Ages 65+ years,2030,1654.8229220909786,1590.5107547179762,1723.4707984163751
48111,TX,Ages 65+ years,2030,1654.8229220909786,1590.5535756032627,1720.0849117765554
48113,TX,Ages 65+ years,2030,1296.6505752791334,1255.7399230224273,1341.257092149637
48115,TX,Ages 65+ years,2030,1443.2303205836927,1422.508510546478,1464.503728293988
48117,TX,Ages 65+ years,2030,1202.4186111804013,1178.6354911983985,1226.1420322350752
48119,TX,Ages 65+ years,2030,2120.795071606,2050.0247973279047,2187.5465621952317
48121,TX,Ages 65+ years,2030,1086.9758611482898,1030.4901629428505,1142.2820457505652
48123,TX,Ages 65+ years,2030,1524.7828111990289,1440.1632437967808,1607.8826784320836
48125,TX,Ages 65+ years,2030,1654.8229220909786,1591.5430662988983,1721.6460519332122
48127,TX,Ages 65+ years,2030,1521.877404037971,1433.230309917005,1605.3719056503953
48129,TX,Ages 65+ years,2030,1654.8229220909786,1586.0750122096251,1714.6164171772693
48131,TX,Ages 65+ years,2030,1536.1474558365414,1450.1832178998907,1628.1395810908832
48133,TX,Ages 65+ years,2030,1889.5535994812603,1818.5051492988707,1970.7644586444935
48135,TX,Ages 65+ years,2030,1570.7636216682367,1460.279339298885,1696.5609907258092
48137,TX,Ages 65+ years,2030,1654.8229220909786,1587.083094114994,1715.4589978970148
48139,TX,Ages 65+ years,2030,1546.7169769195682,1535.2637154173635,1558.4086967660708
48141,TX,Ages 65+ years,2030,1214.0183575931749,1164.3468360312204,1263.9776897838622
48143,TX,Ages 65+ years,2030,1534.580910190608,1515.918147436624,1554.199770505261
48145,TX,Ages 65+ years,2030,1622.8756051583978,1551.8443370727707,1691.5850421867817
48147,TX,Ages 65+ years,2030,2165.1856611400776,2091.246515780181,2243.6390349247513
48149,TX,Ages 65+ years,2030,1816.7992459000566,1780.0175794240029,1850.6465461508853
48151,TX,Ages 65+ years,2030,1654.8229220909786,1590.3920381585885,1713.2849503470593
48153,TX,Ages 65+ years,2030,1685.878503491209,1634.5423753800524,1742.6549448834746
48155,TX,Ages 65+ years,2030,1654.8229220909786,1590.644712751641,1713.3392236395568
48157,TX,Ages 65+ years,2030,1236.6798766486004,1155.5885928762038,1309.11303651713
48159,TX,Ages 65+ years,2030,1649.413783777509,1596.745178034495,1698.8022896144764
48161,TX,Ages 65+ years,2030,1199.976507758918,1141.9708444185017,1251.7959221916149
48163,TX,Ages 65+ years,2030,1744.3885420981946,1663.3399642359782,1830.7960056503791
48165,TX,Ages 65+ years,2030,1449.3662839400733,1414.2132000371846,1489.055833652439
48167,TX,Ages 65+ years,2030,1573.8541714355486,1538.5709588517236,1610.0514850686789
48169,TX,Ages 65+ years,2030,1654.8229220909786,1586.938904937601,1723.0086036993425
48171,TX,Ages 65+ years,2030,1011.8009776895298,964.4924616181619,1058.1459777853881
48173,TX,Ages 65+ years,2030,1654.8229220909786,1589.9641252557196,1719.6955002869113
48175,TX,Ages 65+ years,2030,1235.3507504714398,1185.091886024526,1285.3666032716933
48177,TX,Ages 65+ years,2030,1411.9332351340486,1376.4736981389956,1451.7259110609932
48179,TX,Ages 65+ years,2030,2135.6302200441787,2070.4637440740216,2206.586812673167
48181,TX,Ages 65+ years,2030,1610.2603835469522,1501.655803455365,1718.6921147508642
48183,TX,Ages 65+ years,2030,2185.970938667564,2066.6219606054083,2310.1631044286173
48185,TX,Ages 65+ years,2030,1695.2930865521857,1623.5093518572226,1765.049467355212
48187,TX,Ages 65+ years,2030,1265.435248224736,1210.1420871385312,1320.9136302399638
48189,TX,Ages 65+ years,2030,2128.0286780405186,2068.4595544038743,2187.0527330378327
48191,TX,Ages 65+ years,2030,1654.8229220909786,1593.0982390260247,1716.618774514112
48193,TX,Ages 65+ years,2030,1334.0152790450813,1278.916622097433,1393.2253496171816
48195,TX,Ages 65+ years,2030,1654.8229220909786,1589.4568054579688,1717.7964161572738
48197,TX,Ages 65+ years,2030,1654.8229220909786,1591.084719925461,1722.4005494291905
48199,TX,Ages 65+ years,2030,2048.4542641701337,1987.0726466953447,2103.284283681461
48201,TX,Ages 65+ years,2030,1251.0090858731135,1210.896996162775,1286.7025551135878
48203,TX,Ages 65+ years,2030,1321.9787212518731,1272.1222841437311,1375.140831805694
48205,TX,Ages 65+ years,2030,1654.8229220909786,1592.7569018970682,1719.6929971610728
48207,TX,Ages 65+ years,2030,1428.104522834833,1362.0451630096343,1506.60533996889
48209,TX,Ages 65+ years,2030,904.0863150506959,736.2467759245724,1089.8361560742785
48211,TX,Ages 65+ years,2030,1654.8229220909786,1590.7288611885697,1717.0654890451954
48213,TX,Ages 65+ years,2030,1992.9029282778945,1954.152413237298,2034.0789980611974
48215,TX,Ages 65+ years,2030,1132.5321216937516,1049.985452104656,1216.1089424788008
48217,TX,Ages 65+ years,2030,1803.673844649694,1734.4969868297915,1867.295825891585
48219,TX,Ages 65+ years,2030,1406.920995542898,1350.4358153746728,1459.6324003211762
48221,TX,Ages 65+ years,2030,1338.2018960810121,1234.5954697699758,1435.499606394646
48223,TX,Ages 65+ years,2030,1907.544768789627,1871.4764866702346,1941.2007618361383
48225,TX,Ages 65+ years,2030,1435.186517076587,1367.9283891745583,1498.567789359991
48227,TX,Ages 65+ years,2030,2064.3950986727536,2006.963201604404,2127.8197919660215
48229,TX,Ages 65+ years,2030,1654.8229220909786,1589.1723930920043,1714.8803235031837
48231,TX,Ages 65+ years,2030,1766.3127309435233,1728.0863426440899,1799.007638760768
48233,TX,Ages 65+ years,2030,2269.9860824330667,2002.4364018831259,2528.310849446559
48235,TX,Ages 65+ years,2030,1654.8229220909786,1595.7031551533075,1723.8893729168046
48237,TX,Ages 65+ years,2030,1930.129371152568,1885.5701817938675,1976.1025401243655
48239,TX,Ages 65+ years,2030,1498.578348502208,1486.416526305464,1510.7918137538381
48241,TX,Ages 65+ years,2030,2304.5374329865936,2192.1724237709304,2399.5234672800098
48243,TX,Ages 65+ years,2030,1654.8229220909786,1592.3383491158352,1721.6743654264253
48245,TX,Ages 65+ years,2030,2288.02697457054,2236.1809555765667,2343.8583301494546
48247,TX,Ages 65+ years,2030,1654.8229220909786,1592.0101789701494,1717.4054242809582
48249,TX,Ages 65+ years,2030,1964.5439810732228,1903.2655425869889,2019.9830736109566
48251,TX,Ages 65+ years,2030,1597.2269340684088,1564.0970472816275,1630.357572330675
48253,TX,Ages 65+ years,2030,1763.7513549376972,1686.8625779777258,1849.9542970934597
48255,TX,Ages 65+ years,2030,2201.427719328028,2133.940847695436,2269.822507477883
48257,TX,Ages 65+ years,2030,1781.6472173067316,1744.972279754526,1812.5630139708708
48259,TX,Ages 65+ years,2030,1115.3632191073784,1065.1103083004455,1166.4781928622583
48261,TX,Ages 65+ years,2030,1654.8229220909786,1584.6277358540533,1719.630871648848
48263,TX,Ages 65+ years,2030,1654.8229220909786,1597.5506116643455,1720.9708002254904
48265,TX,Ages 65+ years,2030,1505.3904573249295,1467.846009270462,1544.2404314861383
48267,TX,Ages 65+ years,2030,1518.708820291149,1478.4207411201724,1561.3298868926872
48269,TX,Ages 65+ years,2030,1654.8229220909786,1595.8526599971196,1718.273018659507
48271,TX,Ages 65+ years,2030,1654.8229220909786,1590.5758333973263,1714.5419583181135
48273,TX,Ages 65+ years,2030,2007.6481536272966,1900.4939438041004,2099.425841545176
48275,TX,Ages 65+ years,2030,1654.8229220909786,1595.955941491524,1718.1225991447498
48277,TX,Ages 65+ years,2030,1873.1090281571549,1774.7480579972862,1964.5414829333126
48279,TX,Ages 65+ years,2030,1806.8809253414552,1739.2082567649823,1880.7417255337855
48281,TX,Ages 65+ years,2030,1508.9244991356384,1436.6930877622967,1588.51195053752
48283,TX,Ages 65+ years,2030,1654.8229220909786,1591.291607561558,1716.0192503398268
48285,TX,Ages 65+ years,2030,1410.9670506584587,1362.3443585813463,1461.899013474757
48287,TX,Ages 65+ years,2030,2153.1428211757348,2082.868640214889,2231.7601671132315
48289,TX,Ages 65+ years,2030,1472.5764880556137,1414.753222651659,1525.175990840459
48291,TX,Ages 65+ years,2030,2269.965300840133,2233.3744254305598,2303.783303726617
48293,TX,Ages 65+ years,2030,1895.219143663931,1818.6206324347297,1966.3121445977624
48295,TX,Ages 65+ years,2030,1654.8229220909786,1591.899442523844,1716.5783604932735
48297,TX,Ages 65+ years,2030,1484.4573670095706,1428.9340708624852,1541.9755622557898
48299,TX,Ages 65+ years,2030,947.8192934390378,884.852916648229,1014.0449586803863
48301,TX,Ages 65+ years,2030,1654.8229220909786,1591.2987402604078,1715.8415685022344
48303,TX,Ages 65+ years,2030,1783.6860619132685,1712.8735006508045,1865.1517429060357
48305,TX,Ages 65+ years,2030,1654.8229220909786,1590.6498002027658,1716.5955138310514
48307,TX,Ages 65+ years,2030,1562.6167332778127,1512.1604384418,1608.4346424726027
48309,TX,Ages 65+ years,2030,1668.58628460688,1595.5740217740652,1742.252201742563
48311,TX,Ages 65+ years,2030,1654.8229220909786,1596.1610346793925,1722.927487370516
48313,TX,Ages 65+ years,2030,1679.431568732589,1629.0370460917043,1732.1884004144924
48315,TX,Ages 65+ years,2030,1677.969727438633,1588.2402372626318,1755.327509190329
48317,TX,Ages 65+ years,2030,1654.8229220909786,1588.8674652274203,1720.8273347148554
48319,TX,Ages 65+ years,2030,1654.8229220909786,1594.436188214419,1718.7775221933653
48321,TX,Ages 65+ years,2030,1898.8293694431222,1866.5474824438463,1928.93903623987
48323,TX,Ages 65+ years,2030,1489.6110264205417,1408.9906795137451,1564.3642864038986
48325,TX,Ages 65+ years,2030,1686.530995714263,1639.8715735841133,1735.89172799961
48327,TX,Ages 65+ years,2030,1654.8229220909786,1592.291512468865,1716.560067407357
48329,TX,Ages 65+ years,2030,1208.4471997990909,1195.5152401010541,1221.8119647128492
48331,TX,Ages 65+ years,2030,1490.8929178197432,1440.571093414994,1550.00435599854
48333,TX,Ages 65+ years,2030,1398.1913118494704,1344.0057929344614,1447.9711774355426
48335,TX,Ages 65+ years,2030,1629.8742356251819,1541.7535636325895,1715.5649861852044
48337,TX,Ages 65+ years,2030,1940.1406164897512,1861.8935614023135,2019.9774706350565
48339,TX,Ages 65+ years,2030,1517.9702707961592,1405.216774681036,1635.1537766158597
48341,TX,Ages 65+ years,2030,1372.9654873229274,1100.140683294376,1642.3788799168087
48343,TX,Ages 65+ years,2030,1670.529681763965,1598.2011144584876,1749.9778021372665
48345,TX,Ages 65+ years,2030,1654.8229220909786,1589.9017379924046,1721.2031272110412
48347,TX,Ages 65+ years,2030,1539.3650288957929,1445.155720836032,1624.954901012136
48349,TX,Ages 65+ years,2030,1964.4927033837212,1934.7280984432664,1999.2687614227095
48351,TX,Ages 65+ years,2030,2071.4798833720583,1981.4478788273823,2164.441263721459
48353,TX,Ages 65+ years,2030,1719.4946215869277,1651.673835036124,1788.4760732083187
48355,TX,Ages 65+ years,2030,1341.2229607455808,1315.437666341811,1365.9068493220777
48357,TX,Ages 65+ years,2030,2217.3692412399014,1939.8584480743125,2515.774565029823
48359,TX,Ages 65+ years,2030,1654.8229220909786,1590.2480761401505,1716.6146999007947
48361,TX,Ages 65+ years,2030,2434.6596558160486,2371.392328474644,2497.572562570413
48363,TX,Ages 65+ years,2030,2089.4840334765636,2029.1232568142511,2152.234906027296
48365,TX,Ages 65+ years,2030,1493.8119552857693,1416.1230137789628,1572.5108201609776
48367,TX,Ages 65+ years,2030,1337.9107674480492,1297.5694306706466,1372.982932886579
48369,TX,Ages 65+ years,2030,1515.6880744346965,1481.1037879628648,1555.1060854666348
48371,TX,Ages 65+ years,2030,1558.1888090953987,1482.0348986346673,1645.2334717015024
48373,TX,Ages 65+ years,2030,2946.61179807389,2868.3831048343727,3020.680697887346
48375,TX,Ages 65+ years,2030,2174.530828991307,2147.6366943686257,2199.2710669758567
48377,TX,Ages 65+ years,2030,723.1951489517136,668.1083900698352,779.1564080626828
48379,TX,Ages 65+ years,2030,1793.754395940127,1764.7654394413873,1821.4938414995568
48381,TX,Ages 65+ years,2030,1340.6033897920363,1322.8612970998365,1359.380884447203
48383,TX,Ages 65+ years,2030,1654.8229220909786,1593.5491473878747,1715.5506216022163
48385,TX,Ages 65+ years,2030,1654.8229220909786,1590.5067567761826,1721.25726047974
48387,TX,Ages 65+ years,2030,1997.663664617738,1914.746827878458,2071.8194698116395
48389,TX,Ages 65+ years,2030,1372.127618399249,1308.8782885747153,1431.405664163953
48391,TX,Ages 65+ years,2030,1311.861546093988,1269.054775924219,1355.898935653116
48393,TX,Ages 65+ years,2030,1654.8229220909786,1592.2935365022597,1720.8948267691153
48395,TX,Ages 65+ years,2030,1709.3129490319945,1627.6447093499462,1782.4791332508137
48397,TX,Ages 65+ years,2030,1510.6299397367916,1479.4881310935698,1539.3971286414674
48399,TX,Ages 65+ years,2030,1634.5205941231131,1579.7679243958878,1695.322640817834
48401,TX,Ages 65+ years,2030,1627.3231767945979,1547.75971674673,1719.144518422564
48403,TX,Ages 65+ years,2030,1378.2787970079107,1301.945181593668,1462.3185800855103
48405,TX,Ages 65+ years,2030,1361.205597038972,1279.5956603635307,1435.473648386937
48407,TX,Ages 65+ years,2030,1353.88731860635,1315.3162413806547,1400.4723962520175
48409,TX,Ages 65+ years,2030,1716.2930466848898,1661.0059741905732,1764.3822717223568
48411,TX,Ages 65+ years,2030,1291.9896013087352,1241.5168250014258,1339.0349674705212
48413,TX,Ages 65+ years,2030,1654.8229220909786,1587.0780470953143,1716.747079368927
48415,TX,Ages 65+ years,2030,1103.4481878976137,1074.153531013927,1132.8222150124368
48417,TX,Ages 65+ years,2030,1654.8229220909786,1594.9194002624217,1716.1377217697614
48419,TX,Ages 65+ years,2030,1605.2444666015629,1515.561137900253,1691.4188569935372
48421,TX,Ages 65+ years,2030,1654.8229220909786,1595.396619975067,1715.9257503686692
48423,TX,Ages 65+ years,2030,1709.7283947186909,1686.9637977366751,1733.3893016669647
48425,TX,Ages 65+ years,2030,1376.0703028153205,1315.3728432061373,1436.3027327292302
48427,TX,Ages 65+ years,2030,1377.4695387120346,1292.5588574219646,1469.329677862029
48429,TX,Ages 65+ years,2030,1827.7969990177269,1766.3895335906668,1897.6214701102979
48431,TX,Ages 65+ years,2030,1654.8229220909786,1595.449102183696,1721.547930936632
48433,TX,Ages 65+ years,2030,1654.8229220909786,1592.2222281790355,1719.5008004966517
48435,TX,Ages 65+ years,2030,1654.8229220909786,1596.6772316739975,1718.0742821875945
48437,TX,Ages 65+ years,2030,1782.1830739125858,1720.963187662256,1847.8864693953667
48439,TX,Ages 65+ years,2030,1209.4184006262833,1178.18562256096,1243.2637024911219
48441,TX,Ages 65+ years,2030,1862.9022660131473,1785.2369321442632,1941.5671021127237
48443,TX,Ages 65+ years,2030,1654.8229220909786,1593.3831376257401,1716.0843698640786
48445,TX,Ages 65+ years,2030,2041.6515447397683,2001.742487292328,2082.4813135175154
48447,TX,Ages 65+ years,2030,1654.8229220909786,1594.9842901838936,1717.3687906296948
48449,TX,Ages 65+ years,2030,1911.3368185762984,1853.8587951117606,1965.1148234465038
48451,TX,Ages 65+ years,2030,1656.8653332946908,1610.4991184514997,1697.75465656674
48453,TX,Ages 65+ years,2030,1089.8374586410978,1044.1218296162338,1132.4961328697555
48455,TX,Ages 65+ years,2030,1603.9526204290382,1548.183225135783,1655.7095152283448
48457,TX,Ages 65+ years,2030,2022.9682590033328,1959.865776864017,2088.801094255741
48459,TX,Ages 65+ years,2030,1871.116544502949,1791.1019005335033,1957.3486654560736
48461,TX,Ages 65+ years,2030,1654.8229220909786,1588.0004004633088,1716.5379638234629
48463,TX,Ages 65+ years,2030,1432.028390878745,1386.068468937731,1479.0506429049897
48465,TX,Ages 65+ years,2030,1426.9195002921456,1372.8078700399021,1483.2874743537818
48467,TX,Ages 65+ years,2030,1889.4700433955852,1806.0861240503361,1962.7869955761219
48469,TX,Ages 65+ years,2030,1166.9890301547923,1145.2095903031104,1188.5010496751254
48471,TX,Ages 65+ years,2030,1442.3054257609044,1381.2884107917093,1499.4645668292353
48473,TX,Ages 65+ years,2030,1707.1283377062693,1609.8538723322308,1806.2987597887047
48475,TX,Ages 65+ years,2030,1464.996859766631,1389.0452009466142,1546.1402499311002
48477,TX,Ages 65+ years,2030,1295.7505135624208,1227.3201081409636,1355.4254702437115
48479,TX,Ages 65+ years,2030,1184.3392884859109,1127.1789632846342,1242.8799578005683
48481,TX,Ages 65+ years,2030,2196.072863707566,2109.3472129761462,2295.669003008512
48483,TX,Ages 65+ years,2030,1654.8229220909786,1592.9561114191472,1720.9235539261324
48485,TX,Ages 65+ years,2030,1558.401549722211,1534.1816375675032,1580.9710932934431
48487,TX,Ages 65+ years,2030,1761.2597515621324,1703.7503733732194,1827.4808391569957
48489,TX,Ages 65+ years,2030,1184.7154008545308,1128.176926008406,1250.736106504742
48491,TX,Ages 65+ years,2030,1277.2341164355046,1237.6172712185214,1316.285757657374
48493,TX,Ages 65+ years,2030,1449.5284156299526,1408.8505914803252,1487.9723603575871
48495,TX,Ages 65+ years,2030,1654.8229220909786,1592.8300925415244,1716.5775383928442
48497,TX,Ages 65+ years,2030,1742.7920120155293,1685.4572789315853,1798.5279126567118
48499,TX,Ages 65+ years,2030,1518.6194200885132,1493.8698556257352,1545.5752508864555
48501,TX,Ages 65+ years,2030,1654.8229220909786,1593.0182676687914,1718.0610695380915
48503,TX,Ages 65+ years,2030,2156.9975719187396,2092.4381686378274,2218.7099125611567
48505,TX,Ages 65+ years,2030,874.9783590539242,824.8883504767897,927.8556533981316
48507,TX,Ages 65+ years,2030,1861.783013300527,1795.6419115412511,1928.3625307826026
49001,UT,Ages 65+ years,2030,1396.3394359599931,1366.2075362296387,1424.8757262407019
49003,UT,Ages 65+ years,2030,2022.2450713717064,1970.1994881422584,2068.633413855434
49005,UT,Ages 65+ years,2030,1490.9230836333118,1442.0669995407345,1538.0178270421625
49007,UT,Ages 65+ years,2030,1967.7355490451605,1920.397511921564,2018.850439613733
49009,UT,Ages 65+ years,2030,1396.3394359599931,1365.629104669545,1424.5592133721784
49011,UT,Ages 65+ years,2030,1794.8791832901866,1738.2770460760687,1852.8489916827834
49013,UT,Ages 65+ years,2030,1251.1947332814825,1216.3053484525487,1284.133521132904
49015,UT,Ages 65+ years,2030,2019.5665825189285,1974.7992945411008,2068.1677305336643
49017,UT,Ages 65+ years,2030,1396.3394359599931,1369.507841172125,1426.5566726276588
49019,UT,Ages 65+ years,2030,1192.0800400049898,1123.441572279857,1264.8141841734457
49021,UT,Ages 65+ years,2030,858.0214944478423,766.940482368828,955.0491322405471
49023,UT,Ages 65+ years,2030,1373.060041063338,1306.9139090118972,1437.846138401304
49025,UT,Ages 65+ years,2030,1213.9712697126872,1119.11964044399,1310.6149356224653
49027,UT,Ages 65+ years,2030,1112.0861154569727,1070.53700228862,1154.4621708816844
49029,UT,Ages 65+ years,2030,1396.3394359599931,1363.9700087665396,1427.8280321523287
49031,UT,Ages 65+ years,2030,1396.3394359599931,1367.3008055334028,1426.9647956982012
49033,UT,Ages 65+ years,2030,1396.3394359599931,1365.9046136825527,1426.0466179595162
49035,UT,Ages 65+ years,2030,1404.975685028402,1366.9055458916457,1443.0679898420206
49037,UT,Ages 65+ years,2030,948.4154588875587,917.6462993431171,980.1844611520339
49039,UT,Ages 65+ years,2030,1217.6894724709528,1175.2506303505027,1258.3868439779656
49041,UT,Ages 65+ years,2030,1484.5593137717901,1417.364114509154,1546.856756508766
49043,UT,Ages 65+ years,2030,913.5887765137395,884.1905761790848,939.5043101885245
49045,UT,Ages 65+ years,2030,1312.2047920614539,1264.9602572707813,1360.4141430513214
49047,UT,Ages 65+ years,2030,1546.3161595766603,1494.2265663299374,1603.0649736190783
49049,UT,Ages 65+ years,2030,1497.2667850124562,1471.200645315481,1523.1798796230353
49051,UT,Ages 65+ years,2030,1170.152939474311,1139.8562277214326,1197.664980497819
49053,UT,Ages 65+ years,2030,890.8922121176455,801.649050344729,988.9797717948805
49055,UT,Ages 65+ years,2030,1396.3394359599931,1366.157638864234,1426.0371962931497
49057,UT,Ages 65+ years,2030,1809.2729694698046,1783.6521183035716,1834.0551405342599
50001,VT,Ages 65+ years,2030,1520.16658712805,1470.313156270687,1573.5459391316565
50003,VT,Ages 65+ years,2030,1511.2766256369837,1487.0901032405382,1536.192402274898
50005,VT,Ages 65+ years,2030,1610.471459074753,1534.6267991128204,1683.3778756987492
50007,VT,Ages 65+ years,2030,1078.7595809541476,1025.339296126889,1132.1124604882575
50009,VT,Ages 65+ years,2030,1241.7101245678805,1197.0829451025882,1283.9599534355095
50011,VT,Ages 65+ years,2030,1581.5116172474984,1538.3273486635542,1629.1338133014067
50013,VT,Ages 65+ years,2030,1501.0755329484093,1456.0365986891877,1538.8150835019635
50015,VT,Ages 65+ years,2030,1413.7779054234913,1377.9671603769143,1446.6109078268062
50017,VT,Ages 65+ years,2030,1772.0740491191862,1676.0548565357176,1884.3672369411202
50019,VT,Ages 65+ years,2030,1710.869748420824,1671.9476166512798,1749.875837879916
50021,VT,Ages 65+ years,2030,1865.7915003304954,1809.6331601909317,1917.700375011498
50023,VT,Ages 65+ years,2030,1398.3605020438017,1348.0114365750496,1450.5158195801719
50025,VT,Ages 65+ years,2030,1186.5511672011996,1112.8447732541504,1262.2981739893137
50027,VT,Ages 65+ years,2030,1469.6761750991868,1442.0201561941337,1500.8458691875205
51001,VA,Ages 65+ years,2030,1959.386253983129,1848.2956466176217,2052.412539674152
51003,VA,Ages 65+ years,2030,1062.3969724517722,1019.8983806364666,1104.691735503752
51005,VA,Ages 65+ years,2030,1488.1745303546895,1426.40322662693,1558.6602673045622
51007,VA,Ages 65+ years,2030,1467.23920857625,1428.603247986432,1506.0066278864263
51009,VA,Ages 65+ years,2030,1173.4069147571406,1112.408313994915,1242.9547773195536
51011,VA,Ages 65+ years,2030,1625.4748845844028,1581.2219782059196,1669.3117486278697
51013,VA,Ages 65+ years,2030,608.0753229434554,560.281809381374,650.6680981347564
51015,VA,Ages 65+ years,2030,1025.1810056375823,796.0101567001802,1258.3816252062056
51017,VA,Ages 65+ years,2030,1395.6327282457378,1355.193751462266,1439.4660548879308
51019,VA,Ages 65+ years,2030,1242.0741854387738,1178.0067058120849,1306.6060025176357
51021,VA,Ages 65+ years,2030,1521.6765782396915,1433.6042461727102,1613.1604847378087
51023,VA,Ages 65+ years,2030,1343.4576411731666,1282.6247083895387,1408.1001426986138
51025,VA,Ages 65+ years,2030,1607.5982666471532,1533.05875328485,1684.2272878409456
51027,VA,Ages 65+ years,2030,1468.7226697224812,1366.1046890728817,1570.6185185363959
51029,VA,Ages 65+ years,2030,1096.329665758458,1032.5813581563052,1169.4557496236425
51031,VA,Ages 65+ years,2030,1343.884982206095,1313.9731226819192,1372.1251602803468
51033,VA,Ages 65+ years,2030,1299.187722345304,1291.7410476592906,1307.508060015815
51035,VA,Ages 65+ years,2030,1169.68456086782,1076.6121808318603,1260.7302048891943
51036,VA,Ages 65+ years,2030,1274.344441780358,1237.6689768817562,1312.4084462994565
51037,VA,Ages 65+ years,2030,1642.8725827675319,1559.6345352129852,1728.5397169952944
51041,VA,Ages 65+ years,2030,1248.455225283686,1225.5561023105527,1272.5525578601396
51043,VA,Ages 65+ years,2030,1576.4855882190095,1540.5033057105109,1613.7411061929927
51045,VA,Ages 65+ years,2030,1501.5201977835861,1434.5184685852985,1563.1708606647408
51047,VA,Ages 65+ years,2030,1003.6583475704705,996.0283925992622,1011.2444858086501
51049,VA,Ages 65+ years,2030,1008.481066105114,941.1568842448442,1086.6864476280002
51051,VA,Ages 65+ years,2030,1456.7909525220102,1375.914764988101,1535.484729632158
51053,VA,Ages 65+ years,2030,1094.6108474518114,1017.2395231098277,1166.866637996668
51057,VA,Ages 65+ years,2030,1507.762156865877,1476.4455593408436,1541.1243381428892
51059,VA,Ages 65+ years,2030,670.3369240699332,651.0043873724937,690.9181624275842
51061,VA,Ages 65+ years,2030,855.0939443554606,826.8097141761681,881.533714858587
51063,VA,Ages 65+ years,2030,1190.517684077097,1124.4529368988626,1261.346629568617
51065,VA,Ages 65+ years,2030,926.9207831052423,893.493993482954,960.886883640275
51067,VA,Ages 65+ years,2030,1146.8077843527622,1082.277177856087,1206.8873488313884
51069,VA,Ages 65+ years,2030,1351.2048058265616,1316.0437065676433,1387.5370664307811
51071,VA,Ages 65+ years,2030,1465.8610987068798,1370.5284392274357,1559.9234898557343
51073,VA,Ages 65+ years,2030,1752.9098272960578,1663.4916736186408,1840.3904816556962
51075,VA,Ages 65+ years,2030,1037.9090545862205,982.6738645544752,1091.7098583291634
51077,VA,Ages 65+ years,2030,1201.1424304148443,1104.3289972119271,1294.898528250042
51079,VA,Ages 65+ years,2030,1298.3653283657072,1258.7343452702094,1338.6734783985723
51081,VA,Ages 65+ years,2030,2161.1715282626296,2091.30265939577,2230.6089288049748
51083,VA,Ages 65+ years,2030,1579.114687942104,1521.039135649039,1639.6854930779787
51085,VA,Ages 65+ years,2030,1333.2918390435873,1275.5782785834813,1390.022289279279
51087,VA,Ages 65+ years,2030,1297.4667451416951,1269.0602300959474,1324.4331065267559
51089,VA,Ages 65+ years,2030,1345.9221009034104,1283.9359482211555,1415.3813621204006
51091,VA,Ages 65+ years,2030,1501.5201977835861,1435.3119087748248,1561.5052420999593
51093,VA,Ages 65+ years,2030,1335.0083529487954,1265.827793018886,1401.8172001271096
51095,VA,Ages 65+ years,2030,965.433719614913,936.5869627211199,992.2761233555292
51097,VA,Ages 65+ years,2030,1476.4293196261265,1414.43152280855,1533.2928795821106
51099,VA,Ages 65+ years,2030,1198.3292039580083,1140.960987498769,1247.2924079311144
51101,VA,Ages 65+ years,2030,1544.0223879835225,1135.4800237607142,1949.8085823836202
51103,VA,Ages 65+ years,2030,1719.4835718415998,1655.6761345149025,1788.5802949188699
51105,VA,Ages 65+ years,2030,1305.871461287771,1241.060911093746,1378.2879969523074
51107,VA,Ages 65+ years,2030,901.6755802000324,877.6664172136652,923.7411906801649
51109,VA,Ages 65+ years,2030,1367.3472194746478,1319.0009625654059,1416.9772066878893
51111,VA,Ages 65+ years,2030,1680.8166089649362,1616.6587067680266,1751.4048600602082
51113,VA,Ages 65+ years,2030,1146.1070303769595,1096.9738606052547,1196.208987370558
51115,VA,Ages 65+ years,2030,1306.4862705660066,1239.3309819115782,1376.4186260385782
51117,VA,Ages 65+ years,2030,1423.6757588895844,1362.818014182512,1485.4427197891162
51119,VA,Ages 65+ years,2030,1281.8163309089857,1216.6360217468616,1341.0667929183617
51121,VA,Ages 65+ years,2030,1246.3941812644516,1174.7729590849838,1324.779430248245
51125,VA,Ages 65+ years,2030,1494.1644266023284,1396.9355439224973,1586.8594394973995
51127,VA,Ages 65+ years,2030,1425.2944198048513,1341.5694040574324,1510.9237478879534
51131,VA,Ages 65+ years,2030,1385.06901188757,1316.3684167221556,1442.0699558381905
51133,VA,Ages 65+ years,2030,1273.3385111891782,1232.5966323719153,1317.0765550672293
51135,VA,Ages 65+ years,2030,1917.5101339529167,1870.9518871985829,1963.2849188572475
51137,VA,Ages 65+ years,2030,1277.1502300080442,1248.3904725428374,1304.8808540308326
51139,VA,Ages 65+ years,2030,1587.5035841382091,1551.331109592962,1621.4724385651937
51141,VA,Ages 65+ years,2030,1574.9556576055493,1504.3189291188207,1650.9713971057138
51143,VA,Ages 65+ years,2030,1231.8656002624516,1184.605617373363,1278.175600881834
51145,VA,Ages 65+ years,2030,1226.309597165275,1165.8149179231202,1284.5337722323366
51147,VA,Ages 65+ years,2030,1397.3728414414318,1324.9960814244118,1470.7610917279674
51149,VA,Ages 65+ years,2030,936.9087859563891,828.9910038904866,1061.6859657215932
51153,VA,Ages 65+ years,2030,812.5863469244272,771.7539710242659,853.9170251422779
51155,VA,Ages 65+ years,2030,1552.4813801803402,1423.482887021654,1673.795148122786
51157,VA,Ages 65+ years,2030,844.2294650346116,707.3800099244578,990.0495401027384
51159,VA,Ages 65+ years,2030,1734.631836612552,1667.0695441423256,1797.2477337614025
51161,VA,Ages 65+ years,2030,1207.9151731893453,1121.7416945902535,1296.6464228243924
51163,VA,Ages 65+ years,2030,1215.7554749790313,1154.1594299035316,1283.4728573818747
51165,VA,Ages 65+ years,2030,1323.9189074674118,1297.309750212935,1348.682178861744
51167,VA,Ages 65+ years,2030,1551.2924082511395,1448.5535537486246,1651.3736295055573
51169,VA,Ages 65+ years,2030,1384.1873816424509,1302.5147689117605,1462.0856250815066
51171,VA,Ages 65+ years,2030,1408.346166012513,1280.1963782458106,1527.199384341675
51173,VA,Ages 65+ years,2030,1506.6901376670448,1399.1983122659954,1623.5432017004232
51175,VA,Ages 65+ years,2030,1274.0847325901873,1214.248412708518,1331.353636010755
51177,VA,Ages 65+ years,2030,890.0123844020468,779.8443113972202,994.7147902939985
51179,VA,Ages 65+ years,2030,1096.2434914968153,1051.6005577730234,1143.054560506656
51181,VA,Ages 65+ years,2030,1259.9417159835975,1195.6959271795859,1324.7778273870615
51183,VA,Ages 65+ years,2030,1437.3781285432237,1373.321199149046,1507.0685553523988
51185,VA,Ages 65+ years,2030,1408.0831359540027,1270.7981613842182,1536.5505636469682
51187,VA,Ages 65+ years,2030,1399.1552605123914,1384.291065902399,1413.7424552785558
51191,VA,Ages 65+ years,2030,1266.0248310814686,1173.6868136281303,1344.098059916383
51193,VA,Ages 65+ years,2030,1436.9288376403,1397.029207066934,1478.5609041711598
51195,VA,Ages 65+ years,2030,1642.7517957909834,1558.8103088860294,1722.1985235205343
51197,VA,Ages 65+ years,2030,1825.6617500338155,1752.8649331562335,1900.4068320699707
51199,VA,Ages 65+ years,2030,1128.6200449232492,1046.3556542516126,1206.681990620928
51510,VA,Ages 65+ years,2030,611.8014644136591,577.0825511434065,645.5211420786981
51520,VA,Ages 65+ years,2030,2086.4131812092223,2013.009286335515,2162.185778038973
51530,VA,Ages 65+ years,2030,2475.7273348162075,2365.384274370341,2595.983753364313
51540,VA,Ages 65+ years,2030,1498.4972036471006,1369.1742277086219,1633.8304172825938
51550,VA,Ages 65+ years,2030,1359.5807393562084,1308.5758924418826,1412.435272049715
51570,VA,Ages 65+ years,2030,1500.3784598272339,1442.406749749898,1554.4002295244811
51580,VA,Ages 65+ years,2030,3212.2941753006526,3125.890072671385,3297.553113774475
51590,VA,Ages 65+ years,2030,2041.4203573931886,1643.6505451470175,2432.550461012508
51595,VA,Ages 65+ years,2030,1501.5201977835861,1432.598656370309,1564.8608171544843
51600,VA,Ages 65+ years,2030,2455.617360213324,2344.321099498578,2584.56387855764
51610,VA,Ages 65+ years,2030,1460.2778522541448,1413.5635052059445,1509.1598616460196
51620,VA,Ages 65+ years,2030,2670.3160652241295,2585.2365342087496,2749.9529346434456
51630,VA,Ages 65+ years,2030,898.6538075710598,854.0994007026524,942.9285157193622
51640,VA,Ages 65+ years,2030,2450.902006357915,2367.970688460598,2542.3924487388617
51650,VA,Ages 65+ years,2030,1443.1684550238322,1393.6154838381058,1496.8702879161763
51660,VA,Ages 65+ years,2030,1907.7662863247376,1868.5625323583831,1947.6516262823504
51670,VA,Ages 65+ years,2030,1954.2385248007931,1895.8694012023623,2014.9937928932147
51678,VA,Ages 65+ years,2030,2441.451752031788,2332.568400426789,2540.20456909959
51680,VA,Ages 65+ years,2030,2045.706143057824,1988.032024441792,2096.8970141550785
51683,VA,Ages 65+ years,2030,1364.9708029404046,1325.0646546823707,1405.807910819788
51685,VA,Ages 65+ years,2030,1501.5201977835861,1438.074572145781,1564.3899545770478
51690,VA,Ages 65+ years,2030,4429.644119229546,4206.028419977518,4633.212405979479
51700,VA,Ages 65+ years,2030,1554.6010919249816,1497.3230222688921,1609.6465267230174
51710,VA,Ages 65+ years,2030,1851.4847978852536,1775.429796694041,1927.2993900199401
51720,VA,Ages 65+ years,2030,1501.5201977835861,1437.3013647144467,1562.8746695442414
51730,VA,Ages 65+ years,2030,2187.6141838973167,2141.835368711977,2231.4056671748253
51735,VA,Ages 65+ years,2030,1390.8979772542332,1296.393288653506,1498.6025637053856
51740,VA,Ages 65+ years,2030,1641.2723007281486,1611.3753085458868,1672.648388424247
51750,VA,Ages 65+ years,2030,1927.7394655713822,1839.8172394514465,2014.2976114101812
51760,VA,Ages 65+ years,2030,984.7568767319543,962.6371758577442,1006.8569220057385
51770,VA,Ages 65+ years,2030,1420.3478231288113,1335.0458608931956,1498.5010748501013
51775,VA,Ages 65+ years,2030,1767.2741307418323,1702.1831997364006,1836.9655506630847
51790,VA,Ages 65+ years,2030,1647.837980479946,1607.2859924049912,1692.8487540744568
51800,VA,Ages 65+ years,2030,1367.3267827861473,1306.9321699648333,1428.2214076284167
51810,VA,Ages 65+ years,2030,1409.4931129435602,1357.8744672976077,1467.068918596337
51820,VA,Ages 65+ years,2030,1870.1512771422988,1814.345422401247,1927.0648049860154
51830,VA,Ages 65+ years,2030,915.5755599112005,831.569411039489,999.143861313118
51840,VA,Ages 65+ years,2030,1505.1310414782029,1469.3559538115649,1539.5448113867521
53001,WA,Ages 65+ years,2030,1054.3189778632675,1040.7760189756555,1068.6930118745133
53003,WA,Ages 65+ years,2030,1242.6869759249216,947.239264567481,1541.4364642045002
53005,WA,Ages 65+ years,2030,1252.2752840931405,1199.5034277208283,1302.7909288374185
53007,WA,Ages 65+ years,2030,978.8299159430882,937.7586513345362,1016.0952039906223
53009,WA,Ages 65+ years,2030,1223.3920406567568,1212.0716498639608,1233.3621449087898
53011,WA,Ages 65+ years,2030,1744.7744170588026,1618.3747152345684,1882.6368877447562
53013,WA,Ages 65+ years,2030,1147.401964111415,1096.3394394271304,1192.2410815323287
53015,WA,Ages 65+ years,2030,1930.4445960119551,1864.3521160921025,1995.5314469985617
53017,WA,Ages 65+ years,2030,881.1534576056864,827.8671829645441,932.8443503290931
53019,WA,Ages 65+ years,2030,799.5840647393208,751.8113615007271,844.6586874744336
53021,WA,Ages 65+ years,2030,1235.1267948327413,1202.6078626465849,1264.0716142808958
53023,WA,Ages 65+ years,2030,1147.401964111415,1101.5375373787274,1196.9303710115655
53025,WA,Ages 65+ years,2030,1158.2390548033543,1117.16417070663,1197.8013588995316
53027,WA,Ages 65+ years,2030,1106.6201334647178,811.0904571567494,1425.258605651766
53029,WA,Ages 65+ years,2030,1180.5849368269428,1149.6767790000058,1210.987652657107
53031,WA,Ages 65+ years,2030,956.3026987971077,894.6149711008785,1011.9133386513315
53033,WA,Ages 65+ years,2030,983.5194870397524,918.0760010511525,1050.4929060939303
53035,WA,Ages 65+ years,2030,1220.7502087907558,1157.5339289990109,1292.5381220870195
53037,WA,Ages 65+ years,2030,1056.2356882342926,910.4715207786037,1211.9040186224029
53039,WA,Ages 65+ years,2030,977.157372901734,943.892296844107,1006.4455837698176
53041,WA,Ages 65+ years,2030,1614.6805565570128,1564.2165633288569,1669.6866269424797
53043,WA,Ages 65+ years,2030,1067.7000943706787,1032.0231910293578,1105.2767061199208
53045,WA,Ages 65+ years,2030,1225.4770458528997,1210.0766572447392,1239.4066079824063
53047,WA,Ages 65+ years,2030,1059.6358842472869,792.8786181214471,1302.8005901186802
53049,WA,Ages 65+ years,2030,1722.6316876713483,1688.1634581597798,1759.1751314347896
53051,WA,Ages 65+ years,2030,905.747116899908,801.6039924513352,1028.1208238437016
53053,WA,Ages 65+ years,2030,1318.1404894754767,1277.415906353999,1363.511889694558
53055,WA,Ages 65+ years,2030,449.9252802905568,314.6153415150904,564.2557648562522
53057,WA,Ages 65+ years,2030,1278.061222068942,1251.7717672330086,1306.7027182194129
53059,WA,Ages 65+ years,2030,1016.3132274731165,960.4242893009347,1063.8217704901724
53061,WA,Ages 65+ years,2030,919.5091027559715,838.2843715665517,1001.9728914108517
53063,WA,Ages 65+ years,2030,1146.622385267779,1129.1498796551798,1164.0301813220617
53065,WA,Ages 65+ years,2030,971.7182294863626,924.1115004322892,1022.9247739829776
53067,WA,Ages 65+ years,2030,1020.3699992310236,992.9585298510746,1046.1005661045474
53069,WA,Ages 65+ years,2030,1251.293498619953,1223.7728238428297,1279.7834181697385
53071,WA,Ages 65+ years,2030,1059.7132471664513,1043.6367215318223,1075.5728393328677
53073,WA,Ages 65+ years,2030,934.6888376118216,897.4544261200755,973.8673039087059
53075,WA,Ages 65+ years,2030,1269.193885537933,1213.3413288827576,1325.7627553667257
53077,WA,Ages 65+ years,2030,1623.3172653092913,1560.5286205094562,1680.8164244143766
54001,WV,Ages 65+ years,2030,1291.0311656578508,1245.2275126515708,1332.324224601998
54003,WV,Ages 65+ years,2030,1441.4413104178732,1390.5543271803103,1486.0695716973396
54005,WV,Ages 65+ years,2030,1681.008269911943,1627.4706955113347,1735.1466069701567
54007,WV,Ages 65+ years,2030,1207.6571068258004,1159.5116944091283,1256.8466509085695
54009,WV,Ages 65+ years,2030,1546.1172745912534,1481.2088721380178,1613.5250467254946
54011,WV,Ages 65+ years,2030,1098.661882404206,1074.6154975981833,1119.8212091446012
54013,WV,Ages 65+ years,2030,1291.7388951249516,1251.6283244888596,1333.4857514158925
54015,WV,Ages 65+ years,2030,1399.7313786046075,1366.9471099263462,1430.2973048440033
54017,WV,Ages 65+ years,2030,1006.0841683446715,984.8113704643298,1027.8354570899508
54019,WV,Ages 65+ years,2030,1512.8274872595714,1431.1785759648226,1593.348897504511
54021,WV,Ages 65+ years,2030,1352.5205094796695,1275.0359165836624,1432.3916650467243
54023,WV,Ages 65+ years,2030,1327.89344805993,1259.8915808250915,1387.0984688825763
54025,WV,Ages 65+ years,2030,1464.7220077759664,1390.3663409995015,1545.529347154994
54027,WV,Ages 65+ years,2030,1113.8778487866675,1059.5012160532,1165.678288468439
54029,WV,Ages 65+ years,2030,1802.8429952300921,1784.3090927812243,1821.890906764559
54031,WV,Ages 65+ years,2030,1526.7013010928604,1473.153167656336,1575.4875663920368
54033,WV,Ages 65+ years,2030,1535.4550366177225,1474.7348206449435,1593.4830373435236
54035,WV,Ages 65+ years,2030,1273.2060310497116,1222.361857293966,1328.0811064409993
54037,WV,Ages 65+ years,2030,1297.6534154422052,1257.5822010287598,1338.2234758978611
54039,WV,Ages 65+ years,2030,1351.8832889478235,1312.4887826942324,1397.4568781929693
54041,WV,Ages 65+ years,2030,2153.421197430144,2090.6047670556395,2219.560084380733
54043,WV,Ages 65+ years,2030,1322.7002036117428,1246.6916103226947,1396.0057163528036
54045,WV,Ages 65+ years,2030,1668.4714694288318,1481.1122288891288,1879.4604232261388
54047,WV,Ages 65+ years,2030,1423.3898578054132,1301.6799759737364,1536.619431314861
54049,WV,Ages 65+ years,2030,2345.593133683357,2294.3156892336456,2401.0062674029045
54051,WV,Ages 65+ years,2030,1323.7579712208646,1245.7831094463045,1401.2010351678
54053,WV,Ages 65+ years,2030,1167.1456598941747,1112.7973643051967,1220.415755405708
54055,WV,Ages 65+ years,2030,1431.5503686559196,1290.1807618543285,1575.0494346431976
54057,WV,Ages 65+ years,2030,1618.6876539944146,1553.2860717537928,1686.0622742210746
54059,WV,Ages 65+ years,2030,1662.7202374941965,1582.3188466146262,1738.897865762947
54061,WV,Ages 65+ years,2030,1408.3360443056602,1400.1034287141074,1416.5160127054094
54063,WV,Ages 65+ years,2030,1466.3012709001782,1399.0120489025467,1545.7822916053055
54065,WV,Ages 65+ years,2030,1422.5168345564741,1355.476375769272,1476.9907925725856
54067,WV,Ages 65+ years,2030,1360.2132632474813,1295.0872243115166,1428.7261988015398
54069,WV,Ages 65+ years,2030,1614.4373404745868,1523.5738110547854,1707.8206719215154
54071,WV,Ages 65+ years,2030,1047.8263172322988,994.9345114584081,1102.437484169232
54073,WV,Ages 65+ years,2030,1605.2120652751967,1528.5330609782968,1679.5443261408113
54075,WV,Ages 65+ years,2030,1157.941095194649,1105.9421370571877,1215.5986455639713
54077,WV,Ages 65+ years,2030,1438.4432190577902,1406.9677849441628,1470.708712602127
54079,WV,Ages 65+ years,2030,1441.865219564094,1351.8059133793026,1529.5349733356193
54081,WV,Ages 65+ years,2030,1984.756206549763,1916.1914269820982,2051.53604409593
54083,WV,Ages 65+ years,2030,1330.8894305393555,1257.2413715085236,1405.1476113883539
54085,WV,Ages 65+ years,2030,1252.2457845856409,1182.7076914905701,1330.681754650816
54087,WV,Ages 65+ years,2030,1382.9974393287189,1166.801951488515,1601.5644957126815
54089,WV,Ages 65+ years,2030,1537.8193298673898,1480.3149244062458,1590.5731462604654
54091,WV,Ages 65+ years,2030,1698.566759396832,1678.162268877684,1717.5413495899768
54093,WV,Ages 65+ years,2030,1630.8548649143208,1544.0864093065532,1716.376469727108
54095,WV,Ages 65+ years,2030,1044.170500058481,977.4575928684317,1105.5252423245427
54097,WV,Ages 65+ years,2030,1352.7477262735085,1333.2586450147087,1370.7938647497188
54099,WV,Ages 65+ years,2030,1257.918047270306,1219.1278831689328,1294.5834219455824
54101,WV,Ages 65+ years,2030,1419.5389058515284,1381.2620483606709,1463.5633634215778
54103,WV,Ages 65+ years,2030,1543.408896319345,1519.170410591282,1565.6327247206164
54105,WV,Ages 65+ years,2030,1452.554791859109,1402.7991961238579,1504.9479201052343
54107,WV,Ages 65+ years,2030,1139.2875886975573,746.8559621093073,1555.1561457906132
54109,WV,Ages 65+ years,2030,1625.603412609746,1558.1207050815542,1683.9952078646936
55001,WI,Ages 65+ years,2030,1214.3642285701937,1147.2676072623483,1284.7995846982078
55003,WI,Ages 65+ years,2030,1714.9538058685675,1683.4041730803426,1749.588500963259
55005,WI,Ages 65+ years,2030,1316.0158184929867,1223.7373440383114,1411.446459013123
55007,WI,Ages 65+ years,2030,863.8299721533876,696.5385477244148,1012.5490521373754
55009,WI,Ages 65+ years,2030,1500.4532188476037,1446.6723461709853,1551.9471126249475
55011,WI,Ages 65+ years,2030,1536.004759618717,1511.3851177857048,1560.1068769981914
55013,WI,Ages 65+ years,2030,938.1714798178929,915.684415069667,960.1681387031819
55015,WI,Ages 65+ years,2030,1623.6392559218232,1600.0663785939137,1649.0863175812176
55017,WI,Ages 65+ years,2030,1501.2134295364312,1487.7290291105585,1514.732859250295
55019,WI,Ages 65+ years,2030,1333.5426278284517,1320.8541029480584,1346.8694460031718
55021,WI,Ages 65+ years,2030,1493.2273524352913,1438.6339724758534,1546.0702060024262
55023,WI,Ages 65+ years,2030,1148.266836674733,1100.966767609428,1198.2894588211232
55025,WI,Ages 65+ years,2030,1058.4905988375676,998.2158997873761,1111.3032496134042
55027,WI,Ages 65+ years,2030,1657.7796032489057,1603.7170423076243,1714.2692462146026
55029,WI,Ages 65+ years,2030,1363.80090764495,1340.6846589854338,1387.1455905865075
55031,WI,Ages 65+ years,2030,1092.346925745554,907.1981200114373,1294.1706791428446
55033,WI,Ages 65+ years,2030,1132.8371277181682,1109.4197818950897,1155.587470132294
55035,WI,Ages 65+ years,2030,1667.0228611168811,1624.3050241085089,1706.9463800735134
55037,WI,Ages 65+ years,2030,1464.0523818561715,1410.9250745725885,1521.44773781542
55039,WI,Ages 65+ years,2030,1463.5811070223444,1392.2626813787028,1534.7944056370227
55041,WI,Ages 65+ years,2030,1583.3675193992326,1524.3676032259266,1643.2354033492843
55043,WI,Ages 65+ years,2030,1241.7867883001063,1215.3695192355603,1268.8820493597739
55045,WI,Ages 65+ years,2030,1444.2028471446185,1388.0386181202864,1501.7268422056516
55047,WI,Ages 65+ years,2030,2398.355682222627,2266.142150630674,2542.161772972085
55049,WI,Ages 65+ years,2030,1370.5813487880903,1298.174604864001,1439.6476023311798
55051,WI,Ages 65+ years,2030,1468.4618657059464,1425.079446388526,1510.1098096686503
55053,WI,Ages 65+ years,2030,1444.6728627037655,1380.6274164996146,1507.345418840371
55055,WI,Ages 65+ years,2030,1590.1552603752966,1521.4627537475162,1657.2202802157178
55057,WI,Ages 65+ years,2030,1301.634510780663,1233.8177306003395,1361.7125775554225
55059,WI,Ages 65+ years,2030,1449.862208172653,1400.9348081237977,1498.68562528505
55061,WI,Ages 65+ years,2030,1129.8441239111116,1071.066352281882,1189.5288930627373
55063,WI,Ages 65+ years,2030,1375.5351353449182,1338.395282430634,1413.793918942101
55065,WI,Ages 65+ years,2030,1022.6740789895911,951.690149728428,1091.266751409938
55067,WI,Ages 65+ years,2030,1485.6111265140516,1420.0327755475155,1554.2390379727915
55069,WI,Ages 65+ years,2030,1616.6671041183993,1547.3758633548618,1696.4972869932885
55071,WI,Ages 65+ years,2030,1790.1634968531948,1715.1748674738703,1868.126552441082
55073,WI,Ages 65+ years,2030,1460.610545351565,1412.380857902062,1505.5337552111152
55075,WI,Ages 65+ years,2030,2073.3146783406255,1934.1569843071866,2207.4648593813936
55077,WI,Ages 65+ years,2030,1238.466822929627,1173.0599633945476,1299.459996881367
55078,WI,Ages 65+ years,2030,1464.0523818561715,1405.3315378426812,1518.7329346406173
55079,WI,Ages 65+ years,2030,1698.6369826236148,1607.607386068374,1784.154099517462
55081,WI,Ages 65+ years,2030,1260.145736715564,1213.3975076113193,1298.5003299210255
55083,WI,Ages 65+ years,2030,1640.5414622963688,1563.82958782654,1714.1476915449375
55085,WI,Ages 65+ years,2030,1608.0322920094575,1503.6330959680392,1701.7908644210938
55087,WI,Ages 65+ years,2030,1430.9465201850073,1407.098607601205,1455.2636039516017
55089,WI,Ages 65+ years,2030,1313.096378020063,1231.4881793886334,1388.420943833999
55091,WI,Ages 65+ years,2030,1321.1072275441782,1305.394695640123,1337.2201135161667
55093,WI,Ages 65+ years,2030,1569.0807463048045,1538.2273640266899,1600.8565265802563
55095,WI,Ages 65+ years,2030,1296.4736020352886,1251.4561453671533,1343.7652399050385
55097,WI,Ages 65+ years,2030,1147.645667236537,1097.8174050171745,1198.9938199373926
55099,WI,Ages 65+ years,2030,1490.8934595913126,1453.7068929130082,1531.4973119826825
55101,WI,Ages 65+ years,2030,1589.0795086250894,1555.0077510723177,1624.5515450291712
55103,WI,Ages 65+ years,2030,1309.452222188888,1266.1648980054701,1351.7147803708872
55105,WI,Ages 65+ years,2030,1574.5325062265772,1530.0880179370845,1619.8462256559867
55107,WI,Ages 65+ years,2030,1274.8485471358583,1220.6226719193385,1331.0501576992087
55109,WI,Ages 65+ years,2030,1395.1328377736563,1278.7103171046933,1494.773056253773
55111,WI,Ages 65+ years,2030,1232.055097482442,1167.8994879778982,1297.3535115843206
55113,WI,Ages 65+ years,2030,1376.1634380620728,1251.4621353123941,1515.4594197778463
55115,WI,Ages 65+ years,2030,1495.9534339929296,1432.3426401026318,1555.0111065628846
55117,WI,Ages 65+ years,2030,1679.877440596439,1620.324819234152,1737.4217433719052
55119,WI,Ages 65+ years,2030,1644.057309333853,1585.0840295640028,1703.938956822134
55121,WI,Ages 65+ years,2030,1559.0517452333236,1549.842004423265,1569.1431965672718
55123,WI,Ages 65+ years,2030,1421.8384052516228,1393.2038880470632,1451.8737706367224
55125,WI,Ages 65+ years,2030,1254.4707137283624,1217.5373406872914,1291.0943128679132
55127,WI,Ages 65+ years,2030,1575.425266771411,1519.7627298755197,1630.7767395721119
55129,WI,Ages 65+ years,2030,1179.487938193257,1112.3066262912591,1250.452624671911
55131,WI,Ages 65+ years,2030,1461.7624912079868,1409.411428077723,1512.7257109614307
55133,WI,Ages 65+ years,2030,1351.6001935460995,1268.518589183575,1435.782282027346
55135,WI,Ages 65+ years,2030,1698.2885719785506,1641.124987179665,1753.694601478728
55137,WI,Ages 65+ years,2030,1401.873090469683,1355.7114971521996,1447.4563196045035
55139,WI,Ages 65+ years,2030,1324.718502535913,1245.280600687834,1400.3520731315473
55141,WI,Ages 65+ years,2030,1411.773732927538,1315.5753326444044,1501.0802752103405
56001,WY,Ages 65+ years,2030,990.9050703410526,982.7811531181317,999.1294831837271
56003,WY,Ages 65+ years,2030,1411.8718743767677,1385.7574455322194,1441.153757596197
56005,WY,Ages 65+ years,2030,1354.530281754145,1334.864347533144,1373.7077501827287
56007,WY,Ages 65+ years,2030,1321.5884714911351,1281.2927545273303,1357.3492853004052
56009,WY,Ages 65+ years,2030,1287.44995572495,1216.6586025047923,1349.608980778744
56011,WY,Ages 65+ years,2030,1208.9759575441074,1178.3189977952172,1239.0474715973262
56013,WY,Ages 65+ years,2030,1397.2126547275634,1333.6653319973932,1457.0626434916542
56015,WY,Ages 65+ years,2030,1026.2963750830631,1001.4322004088875,1052.2749429358678
56017,WY,Ages 65+ years,2030,1967.7401768892405,1882.37672176769,2054.8215446132167
56019,WY,Ages 65+ years,2030,1446.9512874287511,1424.3158359191798,1470.7399720966357
56021,WY,Ages 65+ years,2030,906.116271614893,850.7416930599651,956.8663563724905
56023,WY,Ages 65+ years,2030,1360.8647861003947,1316.8712794776286,1405.6564310638962
56025,WY,Ages 65+ years,2030,1376.0032850746393,1334.113234185701,1416.5794479501642
56027,WY,Ages 65+ years,2030,1280.1498591994994,1242.415400486018,1318.6740271666158
56029,WY,Ages 65+ years,2030,1345.2543217060622,1298.1516983508595,1390.3295909627543
56031,WY,Ages 65+ years,2030,1064.831565255687,995.7776242972137,1139.0525411648273
56033,WY,Ages 65+ years,2030,1011.8004772833447,995.7812988755128,1028.7648190057823
56035,WY,Ages 65+ years,2030,1040.5873692493428,1007.1359550953829,1072.8638087468612
56037,WY,Ages 65+ years,2030,1661.1623612182364,1597.0431336812526,1722.0967402903727
56039,WY,Ages 65+ years,2030,721.0173614705469,681.5401129182874,755.6130099341827
56041,WY,Ages 65+ years,2030,1541.1554942459288,1480.2251916148418,1602.748334228069
56043,WY,Ages 65+ years,2030,1205.6977376348132,1160.1835331221241,1246.1503332951088
56045,WY,Ages 65+ years,2030,1269.4600081161275,1059.4894978000873,1482.202139037738
